<?xml version="1.0" encoding="UTF-8"?>

<Condition xmlns="http://hl7.org/fhir">
  <id value="SampleSzMalariaCondition-001"/>
  <text>
    <status value="generated"/><div xmlns="http://www.w3.org/1999/xhtml"><p class="res-header-id"><b>Generated Narrative: Condition SampleSzMalariaCondition-001</b></p><a name="SampleSzMalariaCondition-001"> </a><a name="hcSampleSzMalariaCondition-001"> </a><p><b>clinicalStatus</b>: <span title="Codes:{http://terminology.hl7.org/CodeSystem/condition-clinical active}">Active</span></p><p><b>verificationStatus</b>: <span title="Codes:{http://terminology.hl7.org/CodeSystem/condition-ver-status confirmed}">Confirmed</span></p><p><b>category</b>: <span title="Codes:{http://terminology.hl7.org/CodeSystem/condition-category diagnosis}">Diagnosis</span></p><p><b>code</b>: <span title="Codes:{http://hl7.org/fhir/sid/icd-11 1A11.0}, {http://hl7.org/fhir/sid/icd-11 1A11.1}, {http://hl7.org/fhir/sid/icd-11 1A11.2}, {http://hl7.org/fhir/sid/icd-11 1A11.3}">Plasmodium falciparum malaria</span></p><p><b>subject</b>: <a href="Patient-SampleSzMalariaPatient.html">Jacob Samuel Gule  Male, DoB: 1990-01-01 ( Medical Record Number: M002111111-11 (use: usual, ))</a></p><p><b>onset</b>: 2024-11-24</p><p><b>recordedDate</b>: 2024-11-26</p><p><b>asserter</b>: <a href="Practitioner-SampleSzPractitioner.html">Practitioner Thabile Celiwe Dlamini </a></p></div>
  </text>
  <clinicalStatus>
    <coding>
      <system value="http://terminology.hl7.org/CodeSystem/condition-clinical"/>
      <code value="active"/>
      <display value="Active"/>
    </coding>
  </clinicalStatus>
  <verificationStatus>
    <coding>
      <system value="http://terminology.hl7.org/CodeSystem/condition-ver-status"/>
      <code value="confirmed"/>
      <display value="Confirmed"/>
    </coding>
  </verificationStatus>
  <category>
    <coding>
      <system value="http://terminology.hl7.org/CodeSystem/condition-category"/>
      <code value="diagnosis"/>
      <display value="Diagnosis"/>
    </coding>
  </category>
  <code>
    <coding>
      <system value="http://hl7.org/fhir/sid/icd-11"/>
      <code value="1A11.0"/>
      <display value="Plasmodium falciparum malaria"/>
    </coding>
    <coding>
      <system value="http://hl7.org/fhir/sid/icd-11"/>
      <code value="1A11.1"/>
      <display value="Plasmodium vivax malaria"/>
    </coding>
    <coding>
      <system value="http://hl7.org/fhir/sid/icd-11"/>
      <code value="1A11.2"/>
      <display value="Plasmodium malariae malaria"/>
    </coding>
    <coding>
      <system value="http://hl7.org/fhir/sid/icd-11"/>
      <code value="1A11.3"/>
      <display value="Plasmodium ovale malaria"/>
    </coding>
  </code>
  <subject>
    <reference value="Patient/SampleSzMalariaPatient"/>
  </subject>
  <onsetDateTime value="2024-11-24"/>
  <recordedDate value="2024-11-26"/>
  <asserter>
    <reference value="Practitioner/SampleSzPractitioner"/>
  </asserter>
</Condition>