<?xml version="1.0" encoding="UTF-8"?>

<MedicationRequest xmlns="http://hl7.org/fhir">
  <id value="SampleSzMedicationRequest"/>
  <meta>
    <profile value="http://172.209.216.154:3447/fhir/StructureDefinition/SzMedicationRequest"/>
  </meta>
  <text>
    <status value="generated"/><div xmlns="http://www.w3.org/1999/xhtml"><p class="res-header-id"><b>Generated Narrative: MedicationRequest SampleSzMedicationRequest</b></p><a name="SampleSzMedicationRequest"> </a><a name="hcSampleSzMedicationRequest"> </a><div style="display: inline-block; background-color: #d9e0e7; padding: 6px; margin: 4px; border: 1px solid #8da1b4; border-radius: 5px; line-height: 60%"><p style="margin-bottom: 0px"/><p style="margin-bottom: 0px">Profile: <a href="StructureDefinition-SzMedicationRequest.html">Eswatini Medication Request Profile</a></p></div><p><b>status</b>: Active</p><p><b>intent</b>: Order</p><p><b>medication</b>: <span title="Codes:{http://localhost:3447/fhir/CodeSystem/SzProductCodeCS 102492}">Paracetamol Tablets 500g (Coloured Green) 100 TABS</span></p><p><b>subject</b>: <a href="Patient-SampleSzPatient.html">Celucolo Celani Sacolo  Male, DoB: 2000-01-01 ( Medical Record Number: Client Management Information System#M001010101-1 (use: usual, ))</a></p><p><b>encounter</b>: <a href="Encounter-SampleSzEncounter.html">Encounter: status = finished; class = Out Patient Department (SzEncounterClassificationCS#OPD); reasonCode = Antiretrovial Therapy</a></p><p><b>authoredOn</b>: 2024-09-11 10:00:00+0000</p><p><b>requester</b>: <a href="Practitioner-SampleSzPractitioner.html">Practitioner Thabile Celiwe Dlamini </a></p><blockquote><p><b>dosageInstruction</b></p><p><b>text</b>: Take one tablet by mouth 3 times a day before food</p><p><b>timing</b>: 3 per 1 day</p><h3>DoseAndRates</h3><table class="grid"><tr><td style="display: none">-</td><td><b>Dose[x]</b></td></tr><tr><td style="display: none">*</td><td>1 tablet</td></tr></table></blockquote></div>
  </text>
  <status value="active"/>
  <intent value="order"/>
  <medicationCodeableConcept>
    <coding>
      <system value="http://localhost:3447/fhir/CodeSystem/SzProductCodeCS"/>
      <code value="102492"/>
      <display value="Paracetamol Tablets 500g (Coloured Green) 100 TABS"/>
    </coding>
    <text value="Paracetamol Tablets 500g (Coloured Green) 100 TABS"/>
  </medicationCodeableConcept>
  <subject>
    <reference value="Patient/SampleSzPatient"/>
  </subject>
  <encounter>
    <reference value="Encounter/SampleSzEncounter"/>
  </encounter>
  <authoredOn value="2024-09-11T10:00:00Z"/>
  <requester>
    <reference value="Practitioner/SampleSzPractitioner"/>
  </requester>
  <dosageInstruction>
    <text value="Take one tablet by mouth 3 times a day before food"/>
    <timing>
      <repeat>
        <frequency value="3"/>
        <period value="1"/>
        <periodUnit value="d"/>
      </repeat>
    </timing>
    <doseAndRate>
      <doseQuantity>
        <value value="1"/>
        <unit value="tablet"/>
      </doseQuantity>
    </doseAndRate>
  </dosageInstruction>
</MedicationRequest>