<?xml version="1.0" encoding="UTF-8"?>

<MedicationDispense xmlns="http://hl7.org/fhir">
  <id value="SampleSzMalariaMedicalDispense"/>
  <meta>
    <profile value="http://172.209.216.154:3447/fhir/StructureDefinition/SzMedicationDispense"/>
  </meta>
  <text>
    <status value="generated"/><div xmlns="http://www.w3.org/1999/xhtml"><p class="res-header-id"><b>Generated Narrative: MedicationDispense SampleSzMalariaMedicalDispense</b></p><a name="SampleSzMalariaMedicalDispense"> </a><a name="hcSampleSzMalariaMedicalDispense"> </a><div style="display: inline-block; background-color: #d9e0e7; padding: 6px; margin: 4px; border: 1px solid #8da1b4; border-radius: 5px; line-height: 60%"><p style="margin-bottom: 0px"/><p style="margin-bottom: 0px">Profile: <a href="StructureDefinition-SzMedicationDispense.html">Eswatini Medication Request Profile</a></p></div><p><b>status</b>: Completed</p><p><b>medication</b>: <span title="Codes:{http://localhost:3447/fhir/CodeSystem/SzProductCodeCS 102492}">Paracetamol Tablets 500g (Coloured Green) 100 TABS</span></p><p><b>subject</b>: <a href="Patient-SampleSzMalariaPatient.html">Jacob Samuel Gule  Male, DoB: 1990-01-01 ( Medical Record Number: M002111111-11 (use: usual, ))</a></p><h3>Performers</h3><table class="grid"><tr><td style="display: none">-</td><td><b>Actor</b></td></tr><tr><td style="display: none">*</td><td><a href="Practitioner-SampleSzPharmacyPractitioner.html">Practitioner Susan Carol Smith </a></td></tr></table><p><b>location</b>: <a href="Location-SampleSzLocation.html">Location Mahwalala Red Cross Clinic</a></p><p><b>authorizingPrescription</b>: <a href="MedicationRequest-SampleSzMalariaMedicationRequest.html">MedicationRequest: status = active; intent = order; medication[x] = Paracetamol Tablets 500g (Coloured Green) 100 TABS; authoredOn = 2024-11-25 10:00:00+0000</a></p><p><b>quantity</b>: 30 tablets</p><p><b>daysSupply</b>: 30 days</p><p><b>whenPrepared</b>: 2024-09-11 10:00:00+0000</p><p><b>whenHandedOver</b>: 2024-09-12 10:00:00+0000</p><blockquote><p><b>dosageInstruction</b></p><p><b>text</b>: Take one tablet by mouth 3 times a day before food</p><p><b>timing</b>: 3 per 1 day</p><h3>DoseAndRates</h3><table class="grid"><tr><td style="display: none">-</td><td><b>Dose[x]</b></td></tr><tr><td style="display: none">*</td><td>1 tablet</td></tr></table></blockquote></div>
  </text>
  <status value="completed"/>
  <medicationCodeableConcept>
    <coding>
      <system value="http://localhost:3447/fhir/CodeSystem/SzProductCodeCS"/>
      <code value="102492"/>
      <display value="Paracetamol Tablets 500g (Coloured Green) 100 TABS"/>
    </coding>
    <text value="Paracetamol Tablets 500g (Coloured Green) 100 TABS"/>
  </medicationCodeableConcept>
  <subject>
    <reference value="Patient/SampleSzMalariaPatient"/>
  </subject>
  <performer>
    <actor>
      <reference value="Practitioner/SampleSzPharmacyPractitioner"/>
    </actor>
  </performer>
  <location>
    <reference value="Location/SampleSzLocation"/>
  </location>
  <authorizingPrescription>
    <reference value="MedicationRequest/SampleSzMalariaMedicationRequest"/>
  </authorizingPrescription>
  <quantity>
    <value value="30"/>
    <unit value="tablets"/>
  </quantity>
  <daysSupply>
    <value value="30"/>
    <unit value="days"/>
  </daysSupply>
  <whenPrepared value="2024-09-11T10:00:00Z"/>
  <whenHandedOver value="2024-09-12T10:00:00Z"/>
  <dosageInstruction>
    <text value="Take one tablet by mouth 3 times a day before food"/>
    <timing>
      <repeat>
        <frequency value="3"/>
        <period value="1"/>
        <periodUnit value="d"/>
      </repeat>
    </timing>
    <doseAndRate>
      <doseQuantity>
        <value value="1"/>
        <unit value="tablet"/>
      </doseQuantity>
    </doseAndRate>
  </dosageInstruction>
</MedicationDispense>