<?xml version="1.0" encoding="UTF-8"?>

<Observation xmlns="http://hl7.org/fhir">
  <id value="SampleSzMalariaLabResult"/>
  <meta>
    <profile value="http://172.209.216.154:3447/fhir/StructureDefinition/SzLabResult"/>
  </meta>
  <text>
    <status value="extensions"/><div xmlns="http://www.w3.org/1999/xhtml"><p class="res-header-id"><b>Generated Narrative: Observation SampleSzMalariaLabResult</b></p><a name="SampleSzMalariaLabResult"> </a><a name="hcSampleSzMalariaLabResult"> </a><div style="display: inline-block; background-color: #d9e0e7; padding: 6px; margin: 4px; border: 1px solid #8da1b4; border-radius: 5px; line-height: 60%"><p style="margin-bottom: 0px"/><p style="margin-bottom: 0px">Profile: <a href="StructureDefinition-SzLabResult.html">Eswatini Lab Result Profile</a></p></div><p><b>Extention: Eswatini Lab Result Authorizer</b>: <a href="Practitioner-SampleSzPractitioner.html">Practitioner Thabile Celiwe Dlamini </a></p><p><b>Extention: Eswatini Testing Laboratory</b>: <a href="Location-SampleSzLabLocation.html">Location Mbabane Central Laboratory</a></p><p><b>status</b>: Final</p><p><b>code</b>: <span title="Codes:{http://172.209.216.154:3447/fhir/CodeSystem/SzTestParameterCodeCS PAN}">PAN Antigen</span></p><p><b>subject</b>: <a href="Patient-SampleSzMalariaPatient.html">Jacob Samuel Gule  Male, DoB: 1990-01-01 ( Medical Record Number: M002111111-11 (use: usual, ))</a></p><p><b>encounter</b>: <a href="Encounter-SampleSzMalariaEncounter.html">Encounter: status = finished; class = Out Patient Department (Code System: Encounter Classification#OPD); reasonCode = Antiretrovial Therapy</a></p><p><b>performer</b>: <a href="Practitioner-SampleSzPractitioner.html">Practitioner Thabile Celiwe Dlamini </a></p><p><b>value</b>: </p><p><b>interpretation</b>: <span title="Codes:{http://terminology.hl7.org/CodeSystem/v3-ObservationInterpretation POS}">Positive</span></p><p><b>specimen</b>: <a href="Specimen-SampleSzMalariaSpecimen.html">Specimen: status = available; type = Blood</a></p></div>
  </text>
  <extension url="http://172.209.216.154:3447/fhir/StructureDefinition/SzAuthorizerExtension">
    <valueReference>
      <reference value="Practitioner/SampleSzPractitioner"/>
    </valueReference>
  </extension>
  <extension url="http://172.209.216.154:3447/fhir/StructureDefinition/SzTestingLabExtension">
    <valueReference>
      <reference value="Location/SampleSzLabLocation"/>
    </valueReference>
  </extension>
  <status value="final"/>
  <code>
    <coding>
      <system value="http://172.209.216.154:3447/fhir/CodeSystem/SzTestParameterCodeCS"/>
      <code value="PAN"/>
      <display value="PAN Antigen"/>
    </coding>
    <text value="PAN Antigen"/>
  </code>
  <subject>
    <reference value="Patient/SampleSzMalariaPatient"/>
  </subject>
  <encounter>
    <reference value="Encounter/SampleSzMalariaEncounter"/>
  </encounter>
  <performer>
    <reference value="Practitioner/SampleSzPractitioner"/>
  </performer>
  <valueString>
    <value value="Positive"/>
  </valueString>
  <interpretation>
    <coding>
      <system value="http://terminology.hl7.org/CodeSystem/v3-ObservationInterpretation"/>
      <code value="POS"/>
      <display value="Positive"/>
    </coding>
    <text value="Positive"/>
  </interpretation>
  <specimen>
    <reference value="Specimen/SampleSzMalariaSpecimen"/>
  </specimen>
</Observation>