<?xml version="1.0" encoding="UTF-8"?>

<Observation xmlns="http://hl7.org/fhir">
  <id value="SampleSzArtRegimenClinicalObservation"/>
  <meta>
    <profile value="http://172.209.216.154:3447/fhir/StructureDefinition/SzClinicalObservation"/>
  </meta>
  <text>
    <status value="generated"/><div xmlns="http://www.w3.org/1999/xhtml"><p class="res-header-id"><b>Generated Narrative: Observation SampleSzArtRegimenClinicalObservation</b></p><a name="SampleSzArtRegimenClinicalObservation"> </a><a name="hcSampleSzArtRegimenClinicalObservation"> </a><div style="display: inline-block; background-color: #d9e0e7; padding: 6px; margin: 4px; border: 1px solid #8da1b4; border-radius: 5px; line-height: 60%"><p style="margin-bottom: 0px"/><p style="margin-bottom: 0px">Profile: <a href="StructureDefinition-SzClinicalObservation.html">Eswatini Clinical Observation Profile</a></p></div><p><b>status</b>: Final</p><p><b>code</b>: <span title="Codes:{http://172.209.216.154:3447/fhir/CodeSystem/SzClinicalObservationCodesCS art-regimen}">ART Regimen</span></p><p><b>subject</b>: <a href="Patient-SampleSzPatient.html">Celucolo Celani Sacolo  Male, DoB: 2000-01-01 ( Medical Record Number: Client Management Information System#M001010101-1 (use: usual, ))</a></p><p><b>encounter</b>: <a href="Encounter-SampleSzEncounter.html">Encounter: status = finished; class = Out Patient Department (Code System: Encounter Classification#OPD); period = 2023-10-01 10:00:00+0000 --&gt; (ongoing)</a></p><p><b>performer</b>: <a href="Practitioner-SampleSzPractitioner.html">Practitioner Thabile Celiwe Dlamini </a></p><p><b>value</b>: ABC+3TC+DTG</p></div>
  </text>
  <status value="final"/>
  <code>
    <coding>
      <system value="http://172.209.216.154:3447/fhir/CodeSystem/SzClinicalObservationCodesCS"/>
      <code value="art-regimen"/>
      <display value="ART Regimen"/>
    </coding>
    <text value="ART Regimen"/>
  </code>
  <subject>
    <reference value="Patient/SampleSzPatient"/>
  </subject>
  <encounter>
    <reference value="Encounter/SampleSzEncounter"/>
  </encounter>
  <performer>
    <reference value="Practitioner/SampleSzPractitioner"/>
  </performer>
  <valueString value="ABC+3TC+DTG"/>
</Observation>