<?xml version="1.0" encoding="UTF-8"?>

<Organization xmlns="http://hl7.org/fhir">
  <id value="SampleSzOrganization"/>
  <meta>
    <profile value="http://172.209.216.154:3447/fhir/StructureDefinition/SzOrganization"/>
  </meta>
  <text>
    <status value="generated"/><div xmlns="http://www.w3.org/1999/xhtml"><p class="res-header-id"><b>Generated Narrative: Organization SampleSzOrganization</b></p><a name="SampleSzOrganization"> </a><a name="hcSampleSzOrganization"> </a><div style="display: inline-block; background-color: #d9e0e7; padding: 6px; margin: 4px; border: 1px solid #8da1b4; border-radius: 5px; line-height: 60%"><p style="margin-bottom: 0px"/><p style="margin-bottom: 0px">Profile: <a href="StructureDefinition-SzOrganization.html">Eswatini Organization Profile</a></p></div><p><b>active</b>: true</p><p><b>type</b>: <span title="Codes:{http://terminology.hl7.org/CodeSystem/organization-type prov}">Healthcare Provider</span></p><p><b>name</b>: Mbabane Public Health Unit</p><p><b>alias</b>: Mbabane PHU</p></div>
  </text>
  <active value="true"/>
  <type>
    <coding>
      <system value="http://terminology.hl7.org/CodeSystem/organization-type"/>
      <code value="prov"/>
      <display value="Healthcare Provider"/>
    </coding>
    <text value="Healthcare Provider"/>
  </type>
  <name value="Mbabane Public Health Unit"/>
  <alias value="Mbabane PHU"/>
</Organization>