<?xml version="1.0" encoding="UTF-8"?>

<Patient xmlns="http://hl7.org/fhir">
  <id value="SampleSzPatient"/>
  <meta>
    <profile value="http://172.209.216.154:3447/fhir/StructureDefinition/SzPatient"/>
  </meta>
  <text>
    <status value="generated"/><div xmlns="http://www.w3.org/1999/xhtml"><p class="res-header-id"><b>Generated Narrative: Patient SampleSzPatient</b></p><a name="SampleSzPatient"> </a><a name="hcSampleSzPatient"> </a><div style="display: inline-block; background-color: #d9e0e7; padding: 6px; margin: 4px; border: 1px solid #8da1b4; border-radius: 5px; line-height: 60%"><p style="margin-bottom: 0px"/><p style="margin-bottom: 0px">Profile: <a href="StructureDefinition-SzPatient.html">Eswatini Patient Profile</a></p></div><p style="border: 1px #661aff solid; background-color: #e6e6ff; padding: 10px;">Celucolo Celani Sacolo  Male, DoB: 2000-01-01 ( Medical Record Number: Client Management Information System#M001010101-1 (use: usual, ))</p><hr/><table class="grid"><tr><td style="background-color: #f3f5da" title="Known Marital status of Patient">Marital Status:</td><td colspan="3"><span title="Codes:{http://terminology.hl7.org/CodeSystem/v3-MaritalStatus M}">Married</span></td></tr><tr><td style="background-color: #f3f5da" title="Other Id (see the one above)">Other Id:</td><td colspan="3">Personal ID Number/2001010000001 (use: official, )</td></tr><tr><td style="background-color: #f3f5da" title="Ways to contact the Patient">Contact Detail</td><td colspan="3"><ul><li>ph: 7600 0000</li><li>123 Somhlolo Rd Mbabane 0000 SZ </li></ul></td></tr><tr><td style="background-color: #f3f5da" title="The nationality of the patient."><a href="http://hl7.org/fhir/extensions/5.3.0-ballot-tc1/StructureDefinition-patient-nationality.html">Patient Nationality</a></td><td colspan="3"><span title="Codes:{urn:iso:std:iso:3166 SWZ}">Eswatini</span></td></tr><tr><td style="background-color: #f3f5da" title="Extention for Eswatini Chiefdom"><a href="StructureDefinition-SzChiefdomExtension.html">Extention: Eswatini Chiefdom</a></td><td colspan="3"><span title="Codes:{http://172.209.216.154:3447/fhir/CodeSystem/SzChiefdomCS 7}">Lobamba</span></td></tr><tr><td style="background-color: #f3f5da" title="Extention for Eswatini Chiefdom"><a href="StructureDefinition-SzRegistrationDate.html">Extention: Patient Registration Date</a></td><td colspan="3">2025-06-01 10:00:00+0000</td></tr><tr><td style="background-color: #f3f5da" title="Extention for Eswatini Tinkhundla"><a href="StructureDefinition-SzInkhundlaExtension.html">Extention: Eswatini Inkhundla</a></td><td colspan="3"><span title="Codes:{http://172.209.216.154:3447/fhir/CodeSystem/SzTinkhundlaCS 3}">LOBAMBA</span></td></tr></table></div>
  </text>
  <extension url="http://hl7.org/fhir/StructureDefinition/patient-nationality">
    <valueCodeableConcept>
      <coding>
        <system value="urn:iso:std:iso:3166"/>
        <code value="SWZ"/>
        <display value="Eswatini"/>
      </coding>
      <text value="Eswatini"/>
    </valueCodeableConcept>
  </extension>
  <extension url="http://172.209.216.154:3447/fhir/StructureDefinition/SzInkhundlaExtension">
    <valueCodeableConcept>
      <coding>
        <system value="http://172.209.216.154:3447/fhir/CodeSystem/SzTinkhundlaCS"/>
        <code value="3"/>
        <display value="LOBAMBA"/>
      </coding>
      <text value="LOBAMBA"/>
    </valueCodeableConcept>
  </extension>
  <extension url="http://172.209.216.154:3447/fhir/StructureDefinition/SzChiefdomExtension">
    <valueCodeableConcept>
      <coding>
        <system value="http://172.209.216.154:3447/fhir/CodeSystem/SzChiefdomCS"/>
        <code value="7"/>
        <display value="Lobamba"/>
      </coding>
      <text value="Lobamba"/>
    </valueCodeableConcept>
  </extension>
  <extension url="http://172.209.216.154:3447/fhir/StructureDefinition/SzRegistrationDate">
    <valueDateTime value="2025-06-01T10:00:00Z"/>
  </extension>
  <identifier>
    <use value="usual"/>
    <type>
      <coding>
        <system value="http://172.209.216.154:3447/fhir/CodeSystem/SzPersonIdentificationsCS"/>
        <code value="MR"/>
        <display value="Medical Record Number"/>
      </coding>
    </type>
    <system value="urn:health:cmis"/>
    <value value="M001010101-1"/>
  </identifier>
  <identifier>
    <use value="official"/>
    <type>
      <coding>
        <system value="http://172.209.216.154:3447/fhir/CodeSystem/SzPersonIdentificationsCS"/>
        <code value="PI"/>
        <display value="Personal ID Number"/>
      </coding>
    </type>
    <system value="urn:homeaffairs:population-register"/>
    <value value="2001010000001"/>
  </identifier>
  <name>
    <family value="Sacolo"/>
    <given value="Celucolo"/>
    <given value="Celani"/>
  </name>
  <telecom>
    <system value="phone"/>
    <value value="7600 0000"/>
  </telecom>
  <gender value="male"/>
  <birthDate value="2000-01-01"/>
  <address>
    <line value="123 Somhlolo Rd"/>
    <city value="Mbabane"/>
    <postalCode value="0000"/>
    <country value="SZ"/>
  </address>
  <maritalStatus>
    <coding>
      <system value="http://terminology.hl7.org/CodeSystem/v3-MaritalStatus"/>
      <code value="M"/>
      <display value="Married"/>
    </coding>
  </maritalStatus>
</Patient>