<?xml version="1.0" encoding="UTF-8"?>

<Procedure xmlns="http://hl7.org/fhir">
  <id value="SampleSzIPTProcedure"/>
  <meta>
    <profile value="http://172.209.216.154:3447/fhir/StructureDefinition/SzProcedure"/>
  </meta>
  <text>
    <status value="generated"/><div xmlns="http://www.w3.org/1999/xhtml"><p class="res-header-id"><b>Generated Narrative: Procedure SampleSzIPTProcedure</b></p><a name="SampleSzIPTProcedure"> </a><a name="hcSampleSzIPTProcedure"> </a><div style="display: inline-block; background-color: #d9e0e7; padding: 6px; margin: 4px; border: 1px solid #8da1b4; border-radius: 5px; line-height: 60%"><p style="margin-bottom: 0px"/><p style="margin-bottom: 0px">Profile: <a href="StructureDefinition-SzProcedure.html">Eswatini Procedure Profile</a></p></div><p><b>status</b>: Completed</p><p><b>category</b>: <span title="Codes:{https://terminology.hl7.org/CodeSystem/procedure-category treatment}">Treatment</span></p><p><b>code</b>: <span title="Codes:{http://snomed.info/sct 12345}">Isoniazid Preventive Therapy</span></p><p><b>subject</b>: <a href="Patient-SampleSzPatient.html">Celucolo Celani Sacolo  Male, DoB: 2000-01-01 ( Medical Record Number: Client Management Information System#M001010101-1 (use: usual, ))</a></p><p><b>performed</b>: 2024-01-01 --&gt; 2024-06-11</p></div>
  </text>
  <status value="completed"/>
  <category>
    <coding>
      <system value="https://terminology.hl7.org/CodeSystem/procedure-category"/>
      <code value="treatment"/>
      <display value="Treatment"/>
    </coding>
    <text value="Treatment"/>
  </category>
  <code>
    <coding>
      <system value="http://snomed.info/sct"/>
      <code value="12345"/>
      <display value="Isoniazid Preventive Therapy"/>
    </coding>
    <text value="Isoniazid Preventive Therapy"/>
  </code>
  <subject>
    <reference value="Patient/SampleSzPatient"/>
  </subject>
  <performedPeriod>
    <start value="2024-01-01"/>
    <end value="2024-06-11"/>
  </performedPeriod>
</Procedure>