<?xml version="1.0" encoding="UTF-8"?><CodeSystem xmlns="http://hl7.org/fhir"><id value="SzClinicalObservationCodesCS"/><text><status value="generated"/><div xmlns="http://www.w3.org/1999/xhtml"><p class="res-header-id"><b>Generated Narrative: CodeSystem SzClinicalObservationCodesCS</b></p><a name="SzClinicalObservationCodesCS"> </a><a name="hcSzClinicalObservationCodesCS"> </a><p>This  code system <code>http://172.209.216.154:3447/fhir/CodeSystem/SzClinicalObservationCodesCS</code> defines the following codes:</p><table class="codes"><tr><td style="white-space:nowrap"><b>Code</b></td><td><b>Display</b></td></tr><tr><td style="white-space:nowrap">tpt-regimen<a name="SzClinicalObservationCodesCS-tpt-regimen"> </a></td><td>TPT Regimen</td></tr><tr><td style="white-space:nowrap">tpt-outcome<a name="SzClinicalObservationCodesCS-tpt-outcome"> </a></td><td>TPT Outcome</td></tr><tr><td style="white-space:nowrap">art-regimen<a name="SzClinicalObservationCodesCS-art-regimen"> </a></td><td>ART Regimen</td></tr><tr><td style="white-space:nowrap">regimen-change-reason<a name="SzClinicalObservationCodesCS-regimen-change-reason"> </a></td><td>RegimenChangeReason</td></tr><tr><td style="white-space:nowrap">art-line-regimen<a name="SzClinicalObservationCodesCS-art-line-regimen"> </a></td><td>ART Line Regimen</td></tr><tr><td style="white-space:nowrap">art-care-model<a name="SzClinicalObservationCodesCS-art-care-model"> </a></td><td>ART Care Model</td></tr><tr><td style="white-space:nowrap">art-oi<a name="SzClinicalObservationCodesCS-art-oi"> </a></td><td>Opportunistic Infection</td></tr><tr><td style="white-space:nowrap">who-stage<a name="SzClinicalObservationCodesCS-who-stage"> </a></td><td>WHO Stage</td></tr><tr><td style="white-space:nowrap">hts-test-modality<a name="SzClinicalObservationCodesCS-hts-test-modality"> </a></td><td>HTS Test Modality</td></tr><tr><td style="white-space:nowrap">hts-entry-point<a name="SzClinicalObservationCodesCS-hts-entry-point"> </a></td><td>HTS Entry Point</td></tr><tr><td style="white-space:nowrap">hts-test-type<a name="SzClinicalObservationCodesCS-hts-test-type"> </a></td><td>HTS Test Type</td></tr></table></div></text><url value="http://172.209.216.154:3447/fhir/CodeSystem/SzClinicalObservationCodesCS"/><version value="0.1.0"/><name value="SzClinicalObservationCodesCS"/><title value="Eswatini Clinical Observation Codes Code System"/><status value="draft"/><date value="2025-09-10T10:05:20+00:00"/><publisher value="Ministry of Health Eswatini"/><contact><name value="Ministry of Health Eswatini"/><telecom><system value="url"/><value value="https://172.209.216.154:3447"/></telecom><telecom><system value="email"/><value value="eswatinihie@moh.gov.sz"/></telecom></contact><description value="This Code System includes all elements that cannot be located using currently available terminology services. &#xA;It is intended to serve as a supplementary resource for concepts or codes that are not present in established terminologies or are not accessible through existing terminology service infrastructures"/><content value="complete"/><count value="11"/><concept><code value="tpt-regimen"/><display value="TPT Regimen"/><designation><use><system value="http://terminology.hl7.org/CodeSystem/designation-usage"/><code value="display"/></use><value value="TPT Regimen"/></designation></concept><concept><code value="tpt-outcome"/><display value="TPT Outcome"/><designation><use><system value="http://terminology.hl7.org/CodeSystem/designation-usage"/><code value="display"/></use><value value="TPT Outcome"/></designation></concept><concept><code value="art-regimen"/><display value="ART Regimen"/><designation><use><system value="http://terminology.hl7.org/CodeSystem/designation-usage"/><code value="display"/></use><value value="ART Regimen"/></designation></concept><concept><code value="regimen-change-reason"/><display value="RegimenChangeReason"/><designation><use><system value="http://terminology.hl7.org/CodeSystem/designation-usage"/><code value="display"/></use><value value="RegimenChangeReason"/></designation></concept><concept><code value="art-line-regimen"/><display value="ART Line Regimen"/><designation><use><system value="http://terminology.hl7.org/CodeSystem/designation-usage"/><code value="display"/></use><value value="ART Line Regimen"/></designation></concept><concept><code value="art-care-model"/><display value="ART Care Model"/><designation><use><system value="http://terminology.hl7.org/CodeSystem/designation-usage"/><code value="display"/></use><value value="ART Care Model"/></designation></concept><concept><code value="art-oi"/><display value="Opportunistic Infection"/><designation><use><system value="http://terminology.hl7.org/CodeSystem/designation-usage"/><code value="display"/></use><value value="Opportunistic Infection"/></designation></concept><concept><code value="who-stage"/><display value="WHO Stage"/><designation><use><system value="http://terminology.hl7.org/CodeSystem/designation-usage"/><code value="display"/></use><value value="WHO Stage"/></designation></concept><concept><code value="hts-test-modality"/><display value="HTS Test Modality"/><designation><use><system value="http://terminology.hl7.org/CodeSystem/designation-usage"/><code value="display"/></use><value value="HTS Test Modality"/></designation></concept><concept><code value="hts-entry-point"/><display value="HTS Entry Point"/><designation><use><system value="http://terminology.hl7.org/CodeSystem/designation-usage"/><code value="display"/></use><value value="HTS Entry Point"/></designation></concept><concept><code value="hts-test-type"/><display value="HTS Test Type"/><designation><use><system value="http://terminology.hl7.org/CodeSystem/designation-usage"/><code value="display"/></use><value value="HTS Test Type"/></designation></concept></CodeSystem>