<?xml version="1.0" encoding="UTF-8"?><CodeSystem xmlns="http://hl7.org/fhir"><id value="SzTinkhundlaCS"/><text><status value="generated"/><div xmlns="http://www.w3.org/1999/xhtml"><p class="res-header-id"><b>Generated Narrative: CodeSystem SzTinkhundlaCS</b></p><a name="SzTinkhundlaCS"> </a><a name="hcSzTinkhundlaCS"> </a><p>This  code system <code>http://192.168.10.200:3447/fhir/CodeSystem/SzTinkhundlaCS</code> defines the following codes:</p><table class="codes"><tr><td style="white-space:nowrap"><b>Code</b></td><td><b>Display</b></td></tr><tr><td style="white-space:nowrap">Unspecified<a name="SzTinkhundlaCS-Unspecified"> </a></td><td>Unspecified</td></tr><tr><td style="white-space:nowrap">HHUKWINI<a name="SzTinkhundlaCS-HHUKWINI"> </a></td><td>HHUKWINI</td></tr><tr><td style="white-space:nowrap">LOBAMBA<a name="SzTinkhundlaCS-LOBAMBA"> </a></td><td>LOBAMBA</td></tr><tr><td style="white-space:nowrap">MADLANGEMPISI<a name="SzTinkhundlaCS-MADLANGEMPISI"> </a></td><td>MADLANGEMPISI</td></tr><tr><td style="white-space:nowrap">MAPHALALENI<a name="SzTinkhundlaCS-MAPHALALENI"> </a></td><td>MAPHALALENI</td></tr><tr><td style="white-space:nowrap">MAYIWANE<a name="SzTinkhundlaCS-MAYIWANE"> </a></td><td>MAYIWANE</td></tr><tr><td style="white-space:nowrap">MBABANE_EAST<a name="SzTinkhundlaCS-MBABANE_EAST"> </a></td><td>MBABANE EAST</td></tr><tr><td style="white-space:nowrap">MBABANE_WEST<a name="SzTinkhundlaCS-MBABANE_WEST"> </a></td><td>MBABANE WEST</td></tr><tr><td style="white-space:nowrap">MHLANGATANE<a name="SzTinkhundlaCS-MHLANGATANE"> </a></td><td>MHLANGATANE</td></tr><tr><td style="white-space:nowrap">NDZINGENI<a name="SzTinkhundlaCS-NDZINGENI"> </a></td><td>NDZINGENI</td></tr><tr><td style="white-space:nowrap">NKHABA<a name="SzTinkhundlaCS-NKHABA"> </a></td><td>NKHABA</td></tr><tr><td style="white-space:nowrap">NTFONJENI<a name="SzTinkhundlaCS-NTFONJENI"> </a></td><td>NTFONJENI</td></tr><tr><td style="white-space:nowrap">PIGGS_PEAK<a name="SzTinkhundlaCS-PIGGS_PEAK"> </a></td><td>PIGGS PEAK</td></tr><tr><td style="white-space:nowrap">SIPHOCOSINI<a name="SzTinkhundlaCS-SIPHOCOSINI"> </a></td><td>SIPHOCOSINI</td></tr><tr><td style="white-space:nowrap">TIMPHISINI<a name="SzTinkhundlaCS-TIMPHISINI"> </a></td><td>TIMPHISINI</td></tr><tr><td style="white-space:nowrap">DVOKODVWENI<a name="SzTinkhundlaCS-DVOKODVWENI"> </a></td><td>DVOKODVWENI</td></tr><tr><td style="white-space:nowrap">GILGALI<a name="SzTinkhundlaCS-GILGALI"> </a></td><td>GILGALI</td></tr><tr><td style="white-space:nowrap">LOMAHASHA<a name="SzTinkhundlaCS-LOMAHASHA"> </a></td><td>LOMAHASHA</td></tr><tr><td style="white-space:nowrap">LUBULI<a name="SzTinkhundlaCS-LUBULI"> </a></td><td>LUBULI</td></tr><tr><td style="white-space:nowrap">LUGONGOLWENI<a name="SzTinkhundlaCS-LUGONGOLWENI"> </a></td><td>LUGONGOLWENI</td></tr><tr><td style="white-space:nowrap">MATSANJENI_NORTH<a name="SzTinkhundlaCS-MATSANJENI_NORTH"> </a></td><td>MATSANJENI NORTH</td></tr><tr><td style="white-space:nowrap">MHLUME<a name="SzTinkhundlaCS-MHLUME"> </a></td><td>MHLUME</td></tr><tr><td style="white-space:nowrap">MPOLONJENI<a name="SzTinkhundlaCS-MPOLONJENI"> </a></td><td>MPOLONJENI</td></tr><tr><td style="white-space:nowrap">NKILONGO<a name="SzTinkhundlaCS-NKILONGO"> </a></td><td>NKILONGO</td></tr><tr><td style="white-space:nowrap">SIPHOFANENI<a name="SzTinkhundlaCS-SIPHOFANENI"> </a></td><td>SIPHOFANENI</td></tr><tr><td style="white-space:nowrap">SITHOBELA<a name="SzTinkhundlaCS-SITHOBELA"> </a></td><td>SITHOBELA</td></tr><tr><td style="white-space:nowrap">KUKHANYENI<a name="SzTinkhundlaCS-KUKHANYENI"> </a></td><td>KUKHANYENI</td></tr><tr><td style="white-space:nowrap">KWALUSENI<a name="SzTinkhundlaCS-KWALUSENI"> </a></td><td>KWALUSENI</td></tr><tr><td style="white-space:nowrap">LAMGABHI<a name="SzTinkhundlaCS-LAMGABHI"> </a></td><td>LAMGABHI</td></tr><tr><td style="white-space:nowrap">LOBAMBA_LOMDZALA<a name="SzTinkhundlaCS-LOBAMBA_LOMDZALA"> </a></td><td>LOBAMBA LOMDZALA</td></tr><tr><td style="white-space:nowrap">LUDZELUDZE<a name="SzTinkhundlaCS-LUDZELUDZE"> </a></td><td>LUDZELUDZE</td></tr><tr><td style="white-space:nowrap">MAFUTSENI<a name="SzTinkhundlaCS-MAFUTSENI"> </a></td><td>MAFUTSENI</td></tr><tr><td style="white-space:nowrap">MAHLANGATSHA<a name="SzTinkhundlaCS-MAHLANGATSHA"> </a></td><td>MAHLANGATSHA</td></tr><tr><td style="white-space:nowrap">MANGCONGCO<a name="SzTinkhundlaCS-MANGCONGCO"> </a></td><td>MANGCONGCO</td></tr><tr><td style="white-space:nowrap">MANZINI_NORTH<a name="SzTinkhundlaCS-MANZINI_NORTH"> </a></td><td>MANZINI NORTH</td></tr><tr><td style="white-space:nowrap">MANZINI_SOUTH<a name="SzTinkhundlaCS-MANZINI_SOUTH"> </a></td><td>MANZINI SOUTH</td></tr><tr><td style="white-space:nowrap">MHLAMBANYATSI<a name="SzTinkhundlaCS-MHLAMBANYATSI"> </a></td><td>MHLAMBANYATSI</td></tr><tr><td style="white-space:nowrap">MKHIWENI<a name="SzTinkhundlaCS-MKHIWENI"> </a></td><td>MKHIWENI</td></tr><tr><td style="white-space:nowrap">MTFONGWANENI<a name="SzTinkhundlaCS-MTFONGWANENI"> </a></td><td>MTFONGWANENI</td></tr><tr><td style="white-space:nowrap">NGWEMPISI<a name="SzTinkhundlaCS-NGWEMPISI"> </a></td><td>NGWEMPISI</td></tr><tr><td style="white-space:nowrap">NHLAMBENI<a name="SzTinkhundlaCS-NHLAMBENI"> </a></td><td>NHLAMBENI</td></tr><tr><td style="white-space:nowrap">NKOMIYAHLABA<a name="SzTinkhundlaCS-NKOMIYAHLABA"> </a></td><td>NKOMIYAHLABA</td></tr><tr><td style="white-space:nowrap">NTONDOZI<a name="SzTinkhundlaCS-NTONDOZI"> </a></td><td>NTONDOZI</td></tr><tr><td style="white-space:nowrap">PHONDO<a name="SzTinkhundlaCS-PHONDO"> </a></td><td>PHONDO</td></tr><tr><td style="white-space:nowrap">GEGE<a name="SzTinkhundlaCS-GEGE"> </a></td><td>GEGE</td></tr><tr><td style="white-space:nowrap">HOSEA<a name="SzTinkhundlaCS-HOSEA"> </a></td><td>HOSEA</td></tr><tr><td style="white-space:nowrap">KUBUTA<a name="SzTinkhundlaCS-KUBUTA"> </a></td><td>KUBUTA</td></tr><tr><td style="white-space:nowrap">KUMETHULA<a name="SzTinkhundlaCS-KUMETHULA"> </a></td><td>KUMETHULA</td></tr><tr><td style="white-space:nowrap">MASEYISINI<a name="SzTinkhundlaCS-MASEYISINI"> </a></td><td>MASEYISINI</td></tr><tr><td style="white-space:nowrap">MATSANJENI_SOUTH<a name="SzTinkhundlaCS-MATSANJENI_SOUTH"> </a></td><td>MATSANJENI SOUTH</td></tr><tr><td style="white-space:nowrap">MTSAMBAMA<a name="SzTinkhundlaCS-MTSAMBAMA"> </a></td><td>MTSAMBAMA</td></tr><tr><td style="white-space:nowrap">NGUDZENI<a name="SzTinkhundlaCS-NGUDZENI"> </a></td><td>NGUDZENI</td></tr><tr><td style="white-space:nowrap">NKWENE<a name="SzTinkhundlaCS-NKWENE"> </a></td><td>NKWENE</td></tr><tr><td style="white-space:nowrap">SANDLENI<a name="SzTinkhundlaCS-SANDLENI"> </a></td><td>SANDLENI</td></tr><tr><td style="white-space:nowrap">SHISELWENI_I<a name="SzTinkhundlaCS-SHISELWENI_I"> </a></td><td>SHISELWENI I</td></tr><tr><td style="white-space:nowrap">SHISELWENI_II<a name="SzTinkhundlaCS-SHISELWENI_II"> </a></td><td>SHISELWENI II</td></tr><tr><td style="white-space:nowrap">SIGWE<a name="SzTinkhundlaCS-SIGWE"> </a></td><td>SIGWE</td></tr><tr><td style="white-space:nowrap">SOMNTONGO<a name="SzTinkhundlaCS-SOMNTONGO"> </a></td><td>SOMNTONGO</td></tr><tr><td style="white-space:nowrap">ZOMBODZE_EMUVA<a name="SzTinkhundlaCS-ZOMBODZE_EMUVA"> </a></td><td>ZOMBODZE EMUVA</td></tr><tr><td style="white-space:nowrap">MOTSHANE<a name="SzTinkhundlaCS-MOTSHANE"> </a></td><td>MOTSHANE</td></tr></table></div></text><url value="http://192.168.10.200:3447/fhir/CodeSystem/SzTinkhundlaCS"/><version value="0.1.0"/><name value="EswatiniTinkhundla"/><title value="Code System: Eswatini Tinkhundla"/><status value="active"/><experimental value="false"/><date value="2025-07-09T11:11:31+00:00"/><publisher value="Ministry of Health Eswatini"/><contact><name value="Ministry of Health Eswatini"/><telecom><system value="url"/><value value="https://192.168.10.200:3447"/></telecom><telecom><system value="email"/><value value="eswatinihie@moh.gov.sz"/></telecom></contact><description value="Code system for Eswatini Tinkhundla"/><content value="complete"/><count value="60"/><concept><code value="Unspecified"/><display value="Unspecified"/><designation><use><system value="http://terminology.hl7.org/CodeSystem/designation-usage"/><code value="display"/></use><value value="Unspecified"/></designation></concept><concept><code value="HHUKWINI"/><display value="HHUKWINI"/><designation><use><system value="http://terminology.hl7.org/CodeSystem/designation-usage"/><code value="display"/></use><value value="HHUKWINI"/></designation></concept><concept><code value="LOBAMBA"/><display value="LOBAMBA"/><designation><use><system value="http://terminology.hl7.org/CodeSystem/designation-usage"/><code value="display"/></use><value value="LOBAMBA"/></designation></concept><concept><code value="MADLANGEMPISI"/><display value="MADLANGEMPISI"/><designation><use><system value="http://terminology.hl7.org/CodeSystem/designation-usage"/><code value="display"/></use><value value="MADLANGEMPISI"/></designation></concept><concept><code value="MAPHALALENI"/><display value="MAPHALALENI"/><designation><use><system value="http://terminology.hl7.org/CodeSystem/designation-usage"/><code value="display"/></use><value value="MAPHALALENI"/></designation></concept><concept><code value="MAYIWANE"/><display value="MAYIWANE"/><designation><use><system value="http://terminology.hl7.org/CodeSystem/designation-usage"/><code value="display"/></use><value value="MAYIWANE"/></designation></concept><concept><code value="MBABANE_EAST"/><display value="MBABANE EAST"/><designation><use><system value="http://terminology.hl7.org/CodeSystem/designation-usage"/><code value="display"/></use><value value="MBABANE EAST"/></designation></concept><concept><code value="MBABANE_WEST"/><display value="MBABANE WEST"/><designation><use><system value="http://terminology.hl7.org/CodeSystem/designation-usage"/><code value="display"/></use><value value="MBABANE WEST"/></designation></concept><concept><code value="MHLANGATANE"/><display value="MHLANGATANE"/><designation><use><system value="http://terminology.hl7.org/CodeSystem/designation-usage"/><code value="display"/></use><value value="MHLANGATANE"/></designation></concept><concept><code value="NDZINGENI"/><display value="NDZINGENI"/><designation><use><system value="http://terminology.hl7.org/CodeSystem/designation-usage"/><code value="display"/></use><value value="NDZINGENI"/></designation></concept><concept><code value="NKHABA"/><display value="NKHABA"/><designation><use><system value="http://terminology.hl7.org/CodeSystem/designation-usage"/><code value="display"/></use><value value="NKHABA"/></designation></concept><concept><code value="NTFONJENI"/><display value="NTFONJENI"/><designation><use><system value="http://terminology.hl7.org/CodeSystem/designation-usage"/><code value="display"/></use><value value="NTFONJENI"/></designation></concept><concept><code value="PIGGS_PEAK"/><display value="PIGGS PEAK"/><designation><use><system value="http://terminology.hl7.org/CodeSystem/designation-usage"/><code value="display"/></use><value value="PIGGS PEAK"/></designation></concept><concept><code value="SIPHOCOSINI"/><display value="SIPHOCOSINI"/><designation><use><system value="http://terminology.hl7.org/CodeSystem/designation-usage"/><code value="display"/></use><value value="SIPHOCOSINI"/></designation></concept><concept><code value="TIMPHISINI"/><display value="TIMPHISINI"/><designation><use><system value="http://terminology.hl7.org/CodeSystem/designation-usage"/><code value="display"/></use><value value="TIMPHISINI"/></designation></concept><concept><code value="DVOKODVWENI"/><display value="DVOKODVWENI"/><designation><use><system value="http://terminology.hl7.org/CodeSystem/designation-usage"/><code value="display"/></use><value value="DVOKODVWENI"/></designation></concept><concept><code value="GILGALI"/><display value="GILGALI"/><designation><use><system value="http://terminology.hl7.org/CodeSystem/designation-usage"/><code value="display"/></use><value value="GILGALI"/></designation></concept><concept><code value="LOMAHASHA"/><display value="LOMAHASHA"/><designation><use><system value="http://terminology.hl7.org/CodeSystem/designation-usage"/><code value="display"/></use><value value="LOMAHASHA"/></designation></concept><concept><code value="LUBULI"/><display value="LUBULI"/><designation><use><system value="http://terminology.hl7.org/CodeSystem/designation-usage"/><code value="display"/></use><value value="LUBULI"/></designation></concept><concept><code value="LUGONGOLWENI"/><display value="LUGONGOLWENI"/><designation><use><system value="http://terminology.hl7.org/CodeSystem/designation-usage"/><code value="display"/></use><value value="LUGONGOLWENI"/></designation></concept><concept><code value="MATSANJENI_NORTH"/><display value="MATSANJENI NORTH"/><designation><use><system value="http://terminology.hl7.org/CodeSystem/designation-usage"/><code value="display"/></use><value value="MATSANJENI NORTH"/></designation></concept><concept><code value="MHLUME"/><display value="MHLUME"/><designation><use><system value="http://terminology.hl7.org/CodeSystem/designation-usage"/><code value="display"/></use><value value="MHLUME"/></designation></concept><concept><code value="MPOLONJENI"/><display value="MPOLONJENI"/><designation><use><system value="http://terminology.hl7.org/CodeSystem/designation-usage"/><code value="display"/></use><value value="MPOLONJENI"/></designation></concept><concept><code value="NKILONGO"/><display value="NKILONGO"/><designation><use><system value="http://terminology.hl7.org/CodeSystem/designation-usage"/><code value="display"/></use><value value="NKILONGO"/></designation></concept><concept><code value="SIPHOFANENI"/><display value="SIPHOFANENI"/><designation><use><system value="http://terminology.hl7.org/CodeSystem/designation-usage"/><code value="display"/></use><value value="SIPHOFANENI"/></designation></concept><concept><code value="SITHOBELA"/><display value="SITHOBELA"/><designation><use><system value="http://terminology.hl7.org/CodeSystem/designation-usage"/><code value="display"/></use><value value="SITHOBELA"/></designation></concept><concept><code value="KUKHANYENI"/><display value="KUKHANYENI"/><designation><use><system value="http://terminology.hl7.org/CodeSystem/designation-usage"/><code value="display"/></use><value value="KUKHANYENI"/></designation></concept><concept><code value="KWALUSENI"/><display value="KWALUSENI"/><designation><use><system value="http://terminology.hl7.org/CodeSystem/designation-usage"/><code value="display"/></use><value value="KWALUSENI"/></designation></concept><concept><code value="LAMGABHI"/><display value="LAMGABHI"/><designation><use><system value="http://terminology.hl7.org/CodeSystem/designation-usage"/><code value="display"/></use><value value="LAMGABHI"/></designation></concept><concept><code value="LOBAMBA_LOMDZALA"/><display value="LOBAMBA LOMDZALA"/><designation><use><system value="http://terminology.hl7.org/CodeSystem/designation-usage"/><code value="display"/></use><value value="LOBAMBA LOMDZALA"/></designation></concept><concept><code value="LUDZELUDZE"/><display value="LUDZELUDZE"/><designation><use><system value="http://terminology.hl7.org/CodeSystem/designation-usage"/><code value="display"/></use><value value="LUDZELUDZE"/></designation></concept><concept><code value="MAFUTSENI"/><display value="MAFUTSENI"/><designation><use><system value="http://terminology.hl7.org/CodeSystem/designation-usage"/><code value="display"/></use><value value="MAFUTSENI"/></designation></concept><concept><code value="MAHLANGATSHA"/><display value="MAHLANGATSHA"/><designation><use><system value="http://terminology.hl7.org/CodeSystem/designation-usage"/><code value="display"/></use><value value="MAHLANGATSHA"/></designation></concept><concept><code value="MANGCONGCO"/><display value="MANGCONGCO"/><designation><use><system value="http://terminology.hl7.org/CodeSystem/designation-usage"/><code value="display"/></use><value value="MANGCONGCO"/></designation></concept><concept><code value="MANZINI_NORTH"/><display value="MANZINI NORTH"/><designation><use><system value="http://terminology.hl7.org/CodeSystem/designation-usage"/><code value="display"/></use><value value="MANZINI NORTH"/></designation></concept><concept><code value="MANZINI_SOUTH"/><display value="MANZINI SOUTH"/><designation><use><system value="http://terminology.hl7.org/CodeSystem/designation-usage"/><code value="display"/></use><value value="MANZINI SOUTH"/></designation></concept><concept><code value="MHLAMBANYATSI"/><display value="MHLAMBANYATSI"/><designation><use><system value="http://terminology.hl7.org/CodeSystem/designation-usage"/><code value="display"/></use><value value="MHLAMBANYATSI"/></designation></concept><concept><code value="MKHIWENI"/><display value="MKHIWENI"/><designation><use><system value="http://terminology.hl7.org/CodeSystem/designation-usage"/><code value="display"/></use><value value="MKHIWENI"/></designation></concept><concept><code value="MTFONGWANENI"/><display value="MTFONGWANENI"/><designation><use><system value="http://terminology.hl7.org/CodeSystem/designation-usage"/><code value="display"/></use><value value="MTFONGWANENI"/></designation></concept><concept><code value="NGWEMPISI"/><display value="NGWEMPISI"/><designation><use><system value="http://terminology.hl7.org/CodeSystem/designation-usage"/><code value="display"/></use><value value="NGWEMPISI"/></designation></concept><concept><code value="NHLAMBENI"/><display value="NHLAMBENI"/><designation><use><system value="http://terminology.hl7.org/CodeSystem/designation-usage"/><code value="display"/></use><value value="NHLAMBENI"/></designation></concept><concept><code value="NKOMIYAHLABA"/><display value="NKOMIYAHLABA"/><designation><use><system value="http://terminology.hl7.org/CodeSystem/designation-usage"/><code value="display"/></use><value value="NKOMIYAHLABA"/></designation></concept><concept><code value="NTONDOZI"/><display value="NTONDOZI"/><designation><use><system value="http://terminology.hl7.org/CodeSystem/designation-usage"/><code value="display"/></use><value value="NTONDOZI"/></designation></concept><concept><code value="PHONDO"/><display value="PHONDO"/><designation><use><system value="http://terminology.hl7.org/CodeSystem/designation-usage"/><code value="display"/></use><value value="PHONDO"/></designation></concept><concept><code value="GEGE"/><display value="GEGE"/><designation><use><system value="http://terminology.hl7.org/CodeSystem/designation-usage"/><code value="display"/></use><value value="GEGE"/></designation></concept><concept><code value="HOSEA"/><display value="HOSEA"/><designation><use><system value="http://terminology.hl7.org/CodeSystem/designation-usage"/><code value="display"/></use><value value="HOSEA"/></designation></concept><concept><code value="KUBUTA"/><display value="KUBUTA"/><designation><use><system value="http://terminology.hl7.org/CodeSystem/designation-usage"/><code value="display"/></use><value value="KUBUTA"/></designation></concept><concept><code value="KUMETHULA"/><display value="KUMETHULA"/><designation><use><system value="http://terminology.hl7.org/CodeSystem/designation-usage"/><code value="display"/></use><value value="KUMETHULA"/></designation></concept><concept><code value="MASEYISINI"/><display value="MASEYISINI"/><designation><use><system value="http://terminology.hl7.org/CodeSystem/designation-usage"/><code value="display"/></use><value value="MASEYISINI"/></designation></concept><concept><code value="MATSANJENI_SOUTH"/><display value="MATSANJENI SOUTH"/><designation><use><system value="http://terminology.hl7.org/CodeSystem/designation-usage"/><code value="display"/></use><value value="MATSANJENI SOUTH"/></designation></concept><concept><code value="MTSAMBAMA"/><display value="MTSAMBAMA"/><designation><use><system value="http://terminology.hl7.org/CodeSystem/designation-usage"/><code value="display"/></use><value value="MTSAMBAMA"/></designation></concept><concept><code value="NGUDZENI"/><display value="NGUDZENI"/><designation><use><system value="http://terminology.hl7.org/CodeSystem/designation-usage"/><code value="display"/></use><value value="NGUDZENI"/></designation></concept><concept><code value="NKWENE"/><display value="NKWENE"/><designation><use><system value="http://terminology.hl7.org/CodeSystem/designation-usage"/><code value="display"/></use><value value="NKWENE"/></designation></concept><concept><code value="SANDLENI"/><display value="SANDLENI"/><designation><use><system value="http://terminology.hl7.org/CodeSystem/designation-usage"/><code value="display"/></use><value value="SANDLENI"/></designation></concept><concept><code value="SHISELWENI_I"/><display value="SHISELWENI I"/><designation><use><system value="http://terminology.hl7.org/CodeSystem/designation-usage"/><code value="display"/></use><value value="SHISELWENI I"/></designation></concept><concept><code value="SHISELWENI_II"/><display value="SHISELWENI II"/><designation><use><system value="http://terminology.hl7.org/CodeSystem/designation-usage"/><code value="display"/></use><value value="SHISELWENI II"/></designation></concept><concept><code value="SIGWE"/><display value="SIGWE"/><designation><use><system value="http://terminology.hl7.org/CodeSystem/designation-usage"/><code value="display"/></use><value value="SIGWE"/></designation></concept><concept><code value="SOMNTONGO"/><display value="SOMNTONGO"/><designation><use><system value="http://terminology.hl7.org/CodeSystem/designation-usage"/><code value="display"/></use><value value="SOMNTONGO"/></designation></concept><concept><code value="ZOMBODZE_EMUVA"/><display value="ZOMBODZE EMUVA"/><designation><use><system value="http://terminology.hl7.org/CodeSystem/designation-usage"/><code value="display"/></use><value value="ZOMBODZE EMUVA"/></designation></concept><concept><code value="MOTSHANE"/><display value="MOTSHANE"/><designation><use><system value="http://terminology.hl7.org/CodeSystem/designation-usage"/><code value="display"/></use><value value="MOTSHANE"/></designation></concept></CodeSystem>