<?xml version="1.0" encoding="UTF-8"?><CodeSystem xmlns="http://hl7.org/fhir"><id value="SzFacilityServicePointCS"/><text><status value="generated"/><div xmlns="http://www.w3.org/1999/xhtml"><p class="res-header-id"><b>Generated Narrative: CodeSystem SzFacilityServicePointCS</b></p><a name="SzFacilityServicePointCS"> </a><a name="hcSzFacilityServicePointCS"> </a><p>This  code system <code>http://172.209.216.154:3447/fhir/CodeSystem/SzFacilityServicePointCS</code> defines the following codes:</p><table class="codes"><tr><td style="white-space:nowrap"><b>Code</b></td><td><b>Display</b></td></tr><tr><td style="white-space:nowrap">1<a name="SzFacilityServicePointCS-1"> </a></td><td>Vitals</td></tr><tr><td style="white-space:nowrap">2<a name="SzFacilityServicePointCS-2"> </a></td><td>TB Screening</td></tr><tr><td style="white-space:nowrap">3<a name="SzFacilityServicePointCS-3"> </a></td><td>HTS</td></tr><tr><td style="white-space:nowrap">4<a name="SzFacilityServicePointCS-4"> </a></td><td>Medical Encounter</td></tr><tr><td style="white-space:nowrap">5<a name="SzFacilityServicePointCS-5"> </a></td><td>ART</td></tr><tr><td style="white-space:nowrap">6<a name="SzFacilityServicePointCS-6"> </a></td><td>TB (DS)</td></tr><tr><td style="white-space:nowrap">7<a name="SzFacilityServicePointCS-7"> </a></td><td>TB (DR)</td></tr><tr><td style="white-space:nowrap">8<a name="SzFacilityServicePointCS-8"> </a></td><td>Laboratory</td></tr><tr><td style="white-space:nowrap">9<a name="SzFacilityServicePointCS-9"> </a></td><td>ANC</td></tr><tr><td style="white-space:nowrap">10<a name="SzFacilityServicePointCS-10"> </a></td><td>PNC</td></tr><tr><td style="white-space:nowrap">11<a name="SzFacilityServicePointCS-11"> </a></td><td>Child Welfare</td></tr><tr><td style="white-space:nowrap">12<a name="SzFacilityServicePointCS-12"> </a></td><td>Family Planning</td></tr><tr><td style="white-space:nowrap">13<a name="SzFacilityServicePointCS-13"> </a></td><td>Cancer Screening</td></tr><tr><td style="white-space:nowrap">14<a name="SzFacilityServicePointCS-14"> </a></td><td>Maternity</td></tr><tr><td style="white-space:nowrap">15<a name="SzFacilityServicePointCS-15"> </a></td><td>VMMC</td></tr><tr><td style="white-space:nowrap">16<a name="SzFacilityServicePointCS-16"> </a></td><td>In-Patient</td></tr><tr><td style="white-space:nowrap">17<a name="SzFacilityServicePointCS-17"> </a></td><td>Prescription</td></tr><tr><td style="white-space:nowrap">18<a name="SzFacilityServicePointCS-18"> </a></td><td>Palliative Care</td></tr><tr><td style="white-space:nowrap">19<a name="SzFacilityServicePointCS-19"> </a></td><td>Referral</td></tr><tr><td style="white-space:nowrap">20<a name="SzFacilityServicePointCS-20"> </a></td><td>Immunization</td></tr><tr><td style="white-space:nowrap">21<a name="SzFacilityServicePointCS-21"> </a></td><td>PrEP</td></tr><tr><td style="white-space:nowrap">22<a name="SzFacilityServicePointCS-22"> </a></td><td>OPD</td></tr><tr><td style="white-space:nowrap">23<a name="SzFacilityServicePointCS-23"> </a></td><td>COVID 19 Screening</td></tr><tr><td style="white-space:nowrap">24<a name="SzFacilityServicePointCS-24"> </a></td><td>PEP</td></tr><tr><td style="white-space:nowrap">25<a name="SzFacilityServicePointCS-25"> </a></td><td>Oncology</td></tr><tr><td style="white-space:nowrap">26<a name="SzFacilityServicePointCS-26"> </a></td><td>RHM</td></tr><tr><td style="white-space:nowrap">27<a name="SzFacilityServicePointCS-27"> </a></td><td>NCD</td></tr><tr><td style="white-space:nowrap">28<a name="SzFacilityServicePointCS-28"> </a></td><td>Ultrasound Scan</td></tr><tr><td style="white-space:nowrap">29<a name="SzFacilityServicePointCS-29"> </a></td><td>Psychiatric Services</td></tr><tr><td style="white-space:nowrap">30<a name="SzFacilityServicePointCS-30"> </a></td><td>Eye Clinic</td></tr><tr><td style="white-space:nowrap">31<a name="SzFacilityServicePointCS-31"> </a></td><td>Gynae</td></tr><tr><td style="white-space:nowrap">32<a name="SzFacilityServicePointCS-32"> </a></td><td>Peads OPD</td></tr><tr><td style="white-space:nowrap">33<a name="SzFacilityServicePointCS-33"> </a></td><td>X-Ray</td></tr><tr><td style="white-space:nowrap">34<a name="SzFacilityServicePointCS-34"> </a></td><td>COVID Vaccination</td></tr><tr><td style="white-space:nowrap">35<a name="SzFacilityServicePointCS-35"> </a></td><td>TPT</td></tr><tr><td style="white-space:nowrap">36<a name="SzFacilityServicePointCS-36"> </a></td><td>HPV Vaccine Screening</td></tr><tr><td style="white-space:nowrap">37<a name="SzFacilityServicePointCS-37"> </a></td><td>Ear Examination</td></tr><tr><td style="white-space:nowrap">38<a name="SzFacilityServicePointCS-38"> </a></td><td>Mental Health</td></tr><tr><td style="white-space:nowrap">39<a name="SzFacilityServicePointCS-39"> </a></td><td>Child Development</td></tr><tr><td style="white-space:nowrap">40<a name="SzFacilityServicePointCS-40"> </a></td><td>Eye</td></tr><tr><td style="white-space:nowrap">41<a name="SzFacilityServicePointCS-41"> </a></td><td>Oral Health</td></tr><tr><td style="white-space:nowrap">42<a name="SzFacilityServicePointCS-42"> </a></td><td>Social Welfare</td></tr><tr><td style="white-space:nowrap">43<a name="SzFacilityServicePointCS-43"> </a></td><td>Dietician</td></tr><tr><td style="white-space:nowrap">44<a name="SzFacilityServicePointCS-44"> </a></td><td>Occupational Therapy</td></tr><tr><td style="white-space:nowrap">45<a name="SzFacilityServicePointCS-45"> </a></td><td>Physio Therapy</td></tr><tr><td style="white-space:nowrap">46<a name="SzFacilityServicePointCS-46"> </a></td><td>Audiology</td></tr><tr><td style="white-space:nowrap">47<a name="SzFacilityServicePointCS-47"> </a></td><td>Malaria Screening</td></tr><tr><td style="white-space:nowrap">48<a name="SzFacilityServicePointCS-48"> </a></td><td>Nutrition</td></tr><tr><td style="white-space:nowrap">49<a name="SzFacilityServicePointCS-49"> </a></td><td>HIVST</td></tr><tr><td style="white-space:nowrap">50<a name="SzFacilityServicePointCS-50"> </a></td><td>Potential-Retester</td></tr></table></div></text><url value="http://172.209.216.154:3447/fhir/CodeSystem/SzFacilityServicePointCS"/><version value="0.1.0"/><name value="SzFacilityServicePointCS"/><title value="Code System: Facility Service Points"/><status value="draft"/><date value="2025-09-19T08:18:44+00:00"/><publisher value="Ministry of Health Eswatini"/><contact><name value="Ministry of Health Eswatini"/><telecom><system value="url"/><value value="https://172.209.216.154:3447"/></telecom><telecom><system value="email"/><value value="eswatinihie@moh.gov.sz"/></telecom></contact><description value="Code System for Facility Service Points"/><content value="complete"/><count value="50"/><concept><code value="1"/><display value="Vitals"/><designation><use><system value="http://terminology.hl7.org/CodeSystem/designation-usage"/><code value="display"/></use><value value="Vitals"/></designation></concept><concept><code value="2"/><display value="TB Screening"/><designation><use><system value="http://terminology.hl7.org/CodeSystem/designation-usage"/><code value="display"/></use><value value="TB Screening"/></designation></concept><concept><code value="3"/><display value="HTS"/><designation><use><system value="http://terminology.hl7.org/CodeSystem/designation-usage"/><code value="display"/></use><value value="HTS"/></designation></concept><concept><code value="4"/><display value="Medical Encounter"/><designation><use><system value="http://terminology.hl7.org/CodeSystem/designation-usage"/><code value="display"/></use><value value="Medical Encounter"/></designation></concept><concept><code value="5"/><display value="ART"/><designation><use><system value="http://terminology.hl7.org/CodeSystem/designation-usage"/><code value="display"/></use><value value="ART"/></designation></concept><concept><code value="6"/><display value="TB (DS)"/><designation><use><system value="http://terminology.hl7.org/CodeSystem/designation-usage"/><code value="display"/></use><value value="TB (DS)"/></designation></concept><concept><code value="7"/><display value="TB (DR)"/><designation><use><system value="http://terminology.hl7.org/CodeSystem/designation-usage"/><code value="display"/></use><value value="TB (DR)"/></designation></concept><concept><code value="8"/><display value="Laboratory"/><designation><use><system value="http://terminology.hl7.org/CodeSystem/designation-usage"/><code value="display"/></use><value value="Laboratory"/></designation></concept><concept><code value="9"/><display value="ANC"/><designation><use><system value="http://terminology.hl7.org/CodeSystem/designation-usage"/><code value="display"/></use><value value="ANC"/></designation></concept><concept><code value="10"/><display value="PNC"/><designation><use><system value="http://terminology.hl7.org/CodeSystem/designation-usage"/><code value="display"/></use><value value="PNC"/></designation></concept><concept><code value="11"/><display value="Child Welfare"/><designation><use><system value="http://terminology.hl7.org/CodeSystem/designation-usage"/><code value="display"/></use><value value="Child Welfare"/></designation></concept><concept><code value="12"/><display value="Family Planning"/><designation><use><system value="http://terminology.hl7.org/CodeSystem/designation-usage"/><code value="display"/></use><value value="Family Planning"/></designation></concept><concept><code value="13"/><display value="Cancer Screening"/><designation><use><system value="http://terminology.hl7.org/CodeSystem/designation-usage"/><code value="display"/></use><value value="Cancer Screening"/></designation></concept><concept><code value="14"/><display value="Maternity"/><designation><use><system value="http://terminology.hl7.org/CodeSystem/designation-usage"/><code value="display"/></use><value value="Maternity"/></designation></concept><concept><code value="15"/><display value="VMMC"/><designation><use><system value="http://terminology.hl7.org/CodeSystem/designation-usage"/><code value="display"/></use><value value="VMMC"/></designation></concept><concept><code value="16"/><display value="In-Patient"/><designation><use><system value="http://terminology.hl7.org/CodeSystem/designation-usage"/><code value="display"/></use><value value="In-Patient"/></designation></concept><concept><code value="17"/><display value="Prescription"/><designation><use><system value="http://terminology.hl7.org/CodeSystem/designation-usage"/><code value="display"/></use><value value="Prescription"/></designation></concept><concept><code value="18"/><display value="Palliative Care"/><designation><use><system value="http://terminology.hl7.org/CodeSystem/designation-usage"/><code value="display"/></use><value value="Palliative Care"/></designation></concept><concept><code value="19"/><display value="Referral"/><designation><use><system value="http://terminology.hl7.org/CodeSystem/designation-usage"/><code value="display"/></use><value value="Referral"/></designation></concept><concept><code value="20"/><display value="Immunization"/><designation><use><system value="http://terminology.hl7.org/CodeSystem/designation-usage"/><code value="display"/></use><value value="Immunization"/></designation></concept><concept><code value="21"/><display value="PrEP"/><designation><use><system value="http://terminology.hl7.org/CodeSystem/designation-usage"/><code value="display"/></use><value value="PrEP"/></designation></concept><concept><code value="22"/><display value="OPD"/><designation><use><system value="http://terminology.hl7.org/CodeSystem/designation-usage"/><code value="display"/></use><value value="OPD"/></designation></concept><concept><code value="23"/><display value="COVID 19 Screening"/><designation><use><system value="http://terminology.hl7.org/CodeSystem/designation-usage"/><code value="display"/></use><value value="COVID 19 Screening"/></designation></concept><concept><code value="24"/><display value="PEP"/><designation><use><system value="http://terminology.hl7.org/CodeSystem/designation-usage"/><code value="display"/></use><value value="PEP"/></designation></concept><concept><code value="25"/><display value="Oncology"/><designation><use><system value="http://terminology.hl7.org/CodeSystem/designation-usage"/><code value="display"/></use><value value="Oncology"/></designation></concept><concept><code value="26"/><display value="RHM"/><designation><use><system value="http://terminology.hl7.org/CodeSystem/designation-usage"/><code value="display"/></use><value value="RHM"/></designation></concept><concept><code value="27"/><display value="NCD"/><designation><use><system value="http://terminology.hl7.org/CodeSystem/designation-usage"/><code value="display"/></use><value value="NCD"/></designation></concept><concept><code value="28"/><display value="Ultrasound Scan"/><designation><use><system value="http://terminology.hl7.org/CodeSystem/designation-usage"/><code value="display"/></use><value value="Ultrasound Scan"/></designation></concept><concept><code value="29"/><display value="Psychiatric Services"/><designation><use><system value="http://terminology.hl7.org/CodeSystem/designation-usage"/><code value="display"/></use><value value="Psychiatric Services"/></designation></concept><concept><code value="30"/><display value="Eye Clinic"/><designation><use><system value="http://terminology.hl7.org/CodeSystem/designation-usage"/><code value="display"/></use><value value="Eye Clinic"/></designation></concept><concept><code value="31"/><display value="Gynae"/><designation><use><system value="http://terminology.hl7.org/CodeSystem/designation-usage"/><code value="display"/></use><value value="Gynae"/></designation></concept><concept><code value="32"/><display value="Peads OPD"/><designation><use><system value="http://terminology.hl7.org/CodeSystem/designation-usage"/><code value="display"/></use><value value="Peads OPD"/></designation></concept><concept><code value="33"/><display value="X-Ray"/><designation><use><system value="http://terminology.hl7.org/CodeSystem/designation-usage"/><code value="display"/></use><value value="X-Ray"/></designation></concept><concept><code value="34"/><display value="COVID Vaccination"/><designation><use><system value="http://terminology.hl7.org/CodeSystem/designation-usage"/><code value="display"/></use><value value="COVID Vaccination"/></designation></concept><concept><code value="35"/><display value="TPT"/><designation><use><system value="http://terminology.hl7.org/CodeSystem/designation-usage"/><code value="display"/></use><value value="TPT"/></designation></concept><concept><code value="36"/><display value="HPV Vaccine Screening"/><designation><use><system value="http://terminology.hl7.org/CodeSystem/designation-usage"/><code value="display"/></use><value value="HPV Vaccine Screening"/></designation></concept><concept><code value="37"/><display value="Ear Examination"/><designation><use><system value="http://terminology.hl7.org/CodeSystem/designation-usage"/><code value="display"/></use><value value="Ear Examination"/></designation></concept><concept><code value="38"/><display value="Mental Health"/><designation><use><system value="http://terminology.hl7.org/CodeSystem/designation-usage"/><code value="display"/></use><value value="Mental Health"/></designation></concept><concept><code value="39"/><display value="Child Development"/><designation><use><system value="http://terminology.hl7.org/CodeSystem/designation-usage"/><code value="display"/></use><value value="Child Development"/></designation></concept><concept><code value="40"/><display value="Eye"/><designation><use><system value="http://terminology.hl7.org/CodeSystem/designation-usage"/><code value="display"/></use><value value="Eye"/></designation></concept><concept><code value="41"/><display value="Oral Health"/><designation><use><system value="http://terminology.hl7.org/CodeSystem/designation-usage"/><code value="display"/></use><value value="Oral Health"/></designation></concept><concept><code value="42"/><display value="Social Welfare"/><designation><use><system value="http://terminology.hl7.org/CodeSystem/designation-usage"/><code value="display"/></use><value value="Social Welfare"/></designation></concept><concept><code value="43"/><display value="Dietician"/><designation><use><system value="http://terminology.hl7.org/CodeSystem/designation-usage"/><code value="display"/></use><value value="Dietician"/></designation></concept><concept><code value="44"/><display value="Occupational Therapy"/><designation><use><system value="http://terminology.hl7.org/CodeSystem/designation-usage"/><code value="display"/></use><value value="Occupational Therapy"/></designation></concept><concept><code value="45"/><display value="Physio Therapy"/><designation><use><system value="http://terminology.hl7.org/CodeSystem/designation-usage"/><code value="display"/></use><value value="Physio Therapy"/></designation></concept><concept><code value="46"/><display value="Audiology"/><designation><use><system value="http://terminology.hl7.org/CodeSystem/designation-usage"/><code value="display"/></use><value value="Audiology"/></designation></concept><concept><code value="47"/><display value="Malaria Screening"/><designation><use><system value="http://terminology.hl7.org/CodeSystem/designation-usage"/><code value="display"/></use><value value="Malaria Screening"/></designation></concept><concept><code value="48"/><display value="Nutrition"/><designation><use><system value="http://terminology.hl7.org/CodeSystem/designation-usage"/><code value="display"/></use><value value="Nutrition"/></designation></concept><concept><code value="49"/><display value="HIVST"/><designation><use><system value="http://terminology.hl7.org/CodeSystem/designation-usage"/><code value="display"/></use><value value="HIVST"/></designation></concept><concept><code value="50"/><display value="Potential-Retester"/><designation><use><system value="http://terminology.hl7.org/CodeSystem/designation-usage"/><code value="display"/></use><value value="Potential-Retester"/></designation></concept></CodeSystem>