<?xml version="1.0" encoding="UTF-8"?><ImplementationGuide xmlns="http://hl7.org/fhir"><id value="hl7.fhir.sd.hie"/><text><status value="generated"/><div xmlns="http://www.w3.org/1999/xhtml"><p class="res-header-id"><b>Generated Narrative: ImplementationGuide hl7.fhir.sd.hie</b></p><a name="hl7.fhir.sd.hie"> </a><a name="hchl7.fhir.sd.hie"> </a><h2>EswatiniHIEImplementationGuide</h2><p>The official URL for this implementation guide is: </p><pre>http://172.209.216.154:3447/fhir/ImplementationGuide/hl7.fhir.sd.hie</pre></div></text><url value="http://172.209.216.154:3447/fhir/ImplementationGuide/hl7.fhir.sd.hie"/><version value="0.1.0"/><name value="EswatiniHIEImplementationGuide"/><title value="Eswatini HL7 FHIR Implementation Guide"/><status value="draft"/><date value="2025-07-14T08:08:58+00:00"/><publisher value="Ministry of Health Eswatini"/><contact><name value="Ministry of Health Eswatini"/><telecom><system value="url"/><value value="https://172.209.216.154:3447"/></telecom><telecom><system value="email"/><value value="eswatinihie@moh.gov.sz"/></telecom></contact><packageId value="hl7.fhir.sd.hie"/><license value="CC0-1.0"/><fhirVersion value="4.0.1"/><dependsOn id="hl7tx"><extension url="http://hl7.org/fhir/tools/StructureDefinition/implementationguide-dependency-comment"><valueMarkdown value="Automatically added as a dependency - all IGs depend on HL7 Terminology"/></extension><uri value="http://terminology.hl7.org/ImplementationGuide/hl7.terminology"/><packageId value="hl7.terminology.r4"/><version value="6.5.0"/></dependsOn><dependsOn id="hl7ext"><extension url="http://hl7.org/fhir/tools/StructureDefinition/implementationguide-dependency-comment"><valueMarkdown value="Automatically added as a dependency - all IGs depend on the HL7 Extension Pack"/></extension><uri value="http://hl7.org/fhir/extensions/ImplementationGuide/hl7.fhir.uv.extensions"/><packageId value="hl7.fhir.uv.extensions.r4"/><version value="5.2.0"/></dependsOn><dependsOn id="hl7_fhir_us_core"><uri value="http://hl7.org/fhir/us/core/ImplementationGuide/hl7.fhir.us.core"/><packageId value="hl7.fhir.us.core"/><version value="7.0.0"/></dependsOn><definition><extension url="http://hl7.org/fhir/tools/StructureDefinition/ig-parameter"><extension url="code"><valueString value="copyrightyear"/></extension><extension url="value"><valueString value="2022+"/></extension></extension><extension url="http://hl7.org/fhir/tools/StructureDefinition/ig-parameter"><extension url="code"><valueString value="releaselabel"/></extension><extension url="value"><valueString value="ci-build"/></extension></extension><extension url="http://hl7.org/fhir/tools/StructureDefinition/ig-parameter"><extension url="code"><valueString value="autoload-resources"/></extension><extension url="value"><valueString value="true"/></extension></extension><extension url="http://hl7.org/fhir/tools/StructureDefinition/ig-parameter"><extension url="code"><valueString value="path-liquid"/></extension><extension url="value"><valueString value="template/liquid"/></extension></extension><extension url="http://hl7.org/fhir/tools/StructureDefinition/ig-parameter"><extension url="code"><valueString value="path-liquid"/></extension><extension url="value"><valueString value="input/liquid"/></extension></extension><extension url="http://hl7.org/fhir/tools/StructureDefinition/ig-parameter"><extension url="code"><valueString value="path-qa"/></extension><extension url="value"><valueString value="temp/qa"/></extension></extension><extension url="http://hl7.org/fhir/tools/StructureDefinition/ig-parameter"><extension url="code"><valueString value="path-temp"/></extension><extension url="value"><valueString value="temp/pages"/></extension></extension><extension url="http://hl7.org/fhir/tools/StructureDefinition/ig-parameter"><extension url="code"><valueString value="path-output"/></extension><extension url="value"><valueString value="output"/></extension></extension><extension url="http://hl7.org/fhir/tools/StructureDefinition/ig-parameter"><extension url="code"><valueString value="path-suppressed-warnings"/></extension><extension url="value"><valueString value="input/ignoreWarnings.txt"/></extension></extension><extension url="http://hl7.org/fhir/tools/StructureDefinition/ig-parameter"><extension url="code"><valueString value="path-history"/></extension><extension url="value"><valueString value="http://172.209.216.154:3447/fhir/history.html"/></extension></extension><extension url="http://hl7.org/fhir/tools/StructureDefinition/ig-parameter"><extension url="code"><valueString value="template-html"/></extension><extension url="value"><valueString value="template-page.html"/></extension></extension><extension url="http://hl7.org/fhir/tools/StructureDefinition/ig-parameter"><extension url="code"><valueString value="template-md"/></extension><extension url="value"><valueString value="template-page-md.html"/></extension></extension><extension url="http://hl7.org/fhir/tools/StructureDefinition/ig-parameter"><extension url="code"><valueString value="apply-contact"/></extension><extension url="value"><valueString value="true"/></extension></extension><extension url="http://hl7.org/fhir/tools/StructureDefinition/ig-parameter"><extension url="code"><valueString value="apply-context"/></extension><extension url="value"><valueString value="true"/></extension></extension><extension url="http://hl7.org/fhir/tools/StructureDefinition/ig-parameter"><extension url="code"><valueString value="apply-copyright"/></extension><extension url="value"><valueString value="true"/></extension></extension><extension url="http://hl7.org/fhir/tools/StructureDefinition/ig-parameter"><extension url="code"><valueString value="apply-jurisdiction"/></extension><extension url="value"><valueString value="true"/></extension></extension><extension url="http://hl7.org/fhir/tools/StructureDefinition/ig-parameter"><extension url="code"><valueString value="apply-license"/></extension><extension url="value"><valueString value="true"/></extension></extension><extension url="http://hl7.org/fhir/tools/StructureDefinition/ig-parameter"><extension url="code"><valueString value="apply-publisher"/></extension><extension url="value"><valueString value="true"/></extension></extension><extension url="http://hl7.org/fhir/tools/StructureDefinition/ig-parameter"><extension url="code"><valueString value="apply-version"/></extension><extension url="value"><valueString value="true"/></extension></extension><extension url="http://hl7.org/fhir/tools/StructureDefinition/ig-parameter"><extension url="code"><valueString value="apply-wg"/></extension><extension url="value"><valueString value="true"/></extension></extension><extension url="http://hl7.org/fhir/tools/StructureDefinition/ig-parameter"><extension url="code"><valueString value="active-tables"/></extension><extension url="value"><valueString value="true"/></extension></extension><extension url="http://hl7.org/fhir/tools/StructureDefinition/ig-parameter"><extension url="code"><valueString value="fmm-definition"/></extension><extension url="value"><valueString value="http://hl7.org/fhir/versions.html#maturity"/></extension></extension><extension url="http://hl7.org/fhir/tools/StructureDefinition/ig-parameter"><extension url="code"><valueString value="propagate-status"/></extension><extension url="value"><valueString value="true"/></extension></extension><extension url="http://hl7.org/fhir/tools/StructureDefinition/ig-parameter"><extension url="code"><valueString value="excludelogbinaryformat"/></extension><extension url="value"><valueString value="true"/></extension></extension><extension url="http://hl7.org/fhir/tools/StructureDefinition/ig-parameter"><extension url="code"><valueString value="tabbed-snapshots"/></extension><extension url="value"><valueString value="true"/></extension></extension><extension url="http://hl7.org/fhir/tools/StructureDefinition/ig-internal-dependency"><valueCode value="hl7.fhir.uv.tools.r4#0.5.0"/></extension><extension url="http://hl7.org/fhir/tools/StructureDefinition/ig-parameter"><extension url="code"><valueCode value="copyrightyear"/></extension><extension url="value"><valueString value="2022+"/></extension></extension><extension url="http://hl7.org/fhir/tools/StructureDefinition/ig-parameter"><extension url="code"><valueCode value="releaselabel"/></extension><extension url="value"><valueString value="ci-build"/></extension></extension><extension url="http://hl7.org/fhir/tools/StructureDefinition/ig-parameter"><extension url="code"><valueCode value="autoload-resources"/></extension><extension url="value"><valueString value="true"/></extension></extension><extension url="http://hl7.org/fhir/tools/StructureDefinition/ig-parameter"><extension url="code"><valueCode value="path-liquid"/></extension><extension url="value"><valueString value="template/liquid"/></extension></extension><extension url="http://hl7.org/fhir/tools/StructureDefinition/ig-parameter"><extension url="code"><valueCode value="path-liquid"/></extension><extension url="value"><valueString value="input/liquid"/></extension></extension><extension url="http://hl7.org/fhir/tools/StructureDefinition/ig-parameter"><extension url="code"><valueCode value="path-qa"/></extension><extension url="value"><valueString value="temp/qa"/></extension></extension><extension url="http://hl7.org/fhir/tools/StructureDefinition/ig-parameter"><extension url="code"><valueCode value="path-temp"/></extension><extension url="value"><valueString value="temp/pages"/></extension></extension><extension url="http://hl7.org/fhir/tools/StructureDefinition/ig-parameter"><extension url="code"><valueCode value="path-output"/></extension><extension url="value"><valueString value="output"/></extension></extension><extension url="http://hl7.org/fhir/tools/StructureDefinition/ig-parameter"><extension url="code"><valueCode value="path-suppressed-warnings"/></extension><extension url="value"><valueString value="input/ignoreWarnings.txt"/></extension></extension><extension url="http://hl7.org/fhir/tools/StructureDefinition/ig-parameter"><extension url="code"><valueCode value="path-history"/></extension><extension url="value"><valueString value="http://172.209.216.154:3447/fhir/history.html"/></extension></extension><extension url="http://hl7.org/fhir/tools/StructureDefinition/ig-parameter"><extension url="code"><valueCode value="template-html"/></extension><extension url="value"><valueString value="template-page.html"/></extension></extension><extension url="http://hl7.org/fhir/tools/StructureDefinition/ig-parameter"><extension url="code"><valueCode value="template-md"/></extension><extension url="value"><valueString value="template-page-md.html"/></extension></extension><extension url="http://hl7.org/fhir/tools/StructureDefinition/ig-parameter"><extension url="code"><valueCode value="apply-contact"/></extension><extension url="value"><valueString value="true"/></extension></extension><extension url="http://hl7.org/fhir/tools/StructureDefinition/ig-parameter"><extension url="code"><valueCode value="apply-context"/></extension><extension url="value"><valueString value="true"/></extension></extension><extension url="http://hl7.org/fhir/tools/StructureDefinition/ig-parameter"><extension url="code"><valueCode value="apply-copyright"/></extension><extension url="value"><valueString value="true"/></extension></extension><extension url="http://hl7.org/fhir/tools/StructureDefinition/ig-parameter"><extension url="code"><valueCode value="apply-jurisdiction"/></extension><extension url="value"><valueString value="true"/></extension></extension><extension url="http://hl7.org/fhir/tools/StructureDefinition/ig-parameter"><extension url="code"><valueCode value="apply-license"/></extension><extension url="value"><valueString value="true"/></extension></extension><extension url="http://hl7.org/fhir/tools/StructureDefinition/ig-parameter"><extension url="code"><valueCode value="apply-publisher"/></extension><extension url="value"><valueString value="true"/></extension></extension><extension url="http://hl7.org/fhir/tools/StructureDefinition/ig-parameter"><extension url="code"><valueCode value="apply-version"/></extension><extension url="value"><valueString value="true"/></extension></extension><extension url="http://hl7.org/fhir/tools/StructureDefinition/ig-parameter"><extension url="code"><valueCode value="apply-wg"/></extension><extension url="value"><valueString value="true"/></extension></extension><extension url="http://hl7.org/fhir/tools/StructureDefinition/ig-parameter"><extension url="code"><valueCode value="active-tables"/></extension><extension url="value"><valueString value="true"/></extension></extension><extension url="http://hl7.org/fhir/tools/StructureDefinition/ig-parameter"><extension url="code"><valueCode value="fmm-definition"/></extension><extension url="value"><valueString value="http://hl7.org/fhir/versions.html#maturity"/></extension></extension><extension url="http://hl7.org/fhir/tools/StructureDefinition/ig-parameter"><extension url="code"><valueCode value="propagate-status"/></extension><extension url="value"><valueString value="true"/></extension></extension><extension url="http://hl7.org/fhir/tools/StructureDefinition/ig-parameter"><extension url="code"><valueCode value="excludelogbinaryformat"/></extension><extension url="value"><valueString value="true"/></extension></extension><extension url="http://hl7.org/fhir/tools/StructureDefinition/ig-parameter"><extension url="code"><valueCode value="tabbed-snapshots"/></extension><extension url="value"><valueString value="true"/></extension></extension><extension url="http://hl7.org/fhir/tools/StructureDefinition/ig-parameter"><extension url="code"><valueCode value="copyrightyear"/></extension><extension url="value"><valueString value="2022+"/></extension></extension><extension url="http://hl7.org/fhir/tools/StructureDefinition/ig-parameter"><extension url="code"><valueCode value="releaselabel"/></extension><extension url="value"><valueString value="ci-build"/></extension></extension><extension url="http://hl7.org/fhir/tools/StructureDefinition/ig-parameter"><extension url="code"><valueCode value="autoload-resources"/></extension><extension url="value"><valueString value="true"/></extension></extension><extension url="http://hl7.org/fhir/tools/StructureDefinition/ig-parameter"><extension url="code"><valueCode value="path-liquid"/></extension><extension url="value"><valueString value="template/liquid"/></extension></extension><extension url="http://hl7.org/fhir/tools/StructureDefinition/ig-parameter"><extension url="code"><valueCode value="path-liquid"/></extension><extension url="value"><valueString value="input/liquid"/></extension></extension><extension url="http://hl7.org/fhir/tools/StructureDefinition/ig-parameter"><extension url="code"><valueCode value="path-qa"/></extension><extension url="value"><valueString value="temp/qa"/></extension></extension><extension url="http://hl7.org/fhir/tools/StructureDefinition/ig-parameter"><extension url="code"><valueCode value="path-temp"/></extension><extension url="value"><valueString value="temp/pages"/></extension></extension><extension url="http://hl7.org/fhir/tools/StructureDefinition/ig-parameter"><extension url="code"><valueCode value="path-output"/></extension><extension url="value"><valueString value="output"/></extension></extension><extension url="http://hl7.org/fhir/tools/StructureDefinition/ig-parameter"><extension url="code"><valueCode value="path-suppressed-warnings"/></extension><extension url="value"><valueString value="input/ignoreWarnings.txt"/></extension></extension><extension url="http://hl7.org/fhir/tools/StructureDefinition/ig-parameter"><extension url="code"><valueCode value="path-history"/></extension><extension url="value"><valueString value="http://172.209.216.154:3447/fhir/history.html"/></extension></extension><extension url="http://hl7.org/fhir/tools/StructureDefinition/ig-parameter"><extension url="code"><valueCode value="template-html"/></extension><extension url="value"><valueString value="template-page.html"/></extension></extension><extension url="http://hl7.org/fhir/tools/StructureDefinition/ig-parameter"><extension url="code"><valueCode value="template-md"/></extension><extension url="value"><valueString value="template-page-md.html"/></extension></extension><extension url="http://hl7.org/fhir/tools/StructureDefinition/ig-parameter"><extension url="code"><valueCode value="apply-contact"/></extension><extension url="value"><valueString value="true"/></extension></extension><extension url="http://hl7.org/fhir/tools/StructureDefinition/ig-parameter"><extension url="code"><valueCode value="apply-context"/></extension><extension url="value"><valueString value="true"/></extension></extension><extension url="http://hl7.org/fhir/tools/StructureDefinition/ig-parameter"><extension url="code"><valueCode value="apply-copyright"/></extension><extension url="value"><valueString value="true"/></extension></extension><extension url="http://hl7.org/fhir/tools/StructureDefinition/ig-parameter"><extension url="code"><valueCode value="apply-jurisdiction"/></extension><extension url="value"><valueString value="true"/></extension></extension><extension url="http://hl7.org/fhir/tools/StructureDefinition/ig-parameter"><extension url="code"><valueCode value="apply-license"/></extension><extension url="value"><valueString value="true"/></extension></extension><extension url="http://hl7.org/fhir/tools/StructureDefinition/ig-parameter"><extension url="code"><valueCode value="apply-publisher"/></extension><extension url="value"><valueString value="true"/></extension></extension><extension url="http://hl7.org/fhir/tools/StructureDefinition/ig-parameter"><extension url="code"><valueCode value="apply-version"/></extension><extension url="value"><valueString value="true"/></extension></extension><extension url="http://hl7.org/fhir/tools/StructureDefinition/ig-parameter"><extension url="code"><valueCode value="apply-wg"/></extension><extension url="value"><valueString value="true"/></extension></extension><extension url="http://hl7.org/fhir/tools/StructureDefinition/ig-parameter"><extension url="code"><valueCode value="active-tables"/></extension><extension url="value"><valueString value="true"/></extension></extension><extension url="http://hl7.org/fhir/tools/StructureDefinition/ig-parameter"><extension url="code"><valueCode value="fmm-definition"/></extension><extension url="value"><valueString value="http://hl7.org/fhir/versions.html#maturity"/></extension></extension><extension url="http://hl7.org/fhir/tools/StructureDefinition/ig-parameter"><extension url="code"><valueCode value="propagate-status"/></extension><extension url="value"><valueString value="true"/></extension></extension><extension url="http://hl7.org/fhir/tools/StructureDefinition/ig-parameter"><extension url="code"><valueCode value="excludelogbinaryformat"/></extension><extension url="value"><valueString value="true"/></extension></extension><extension url="http://hl7.org/fhir/tools/StructureDefinition/ig-parameter"><extension url="code"><valueCode value="tabbed-snapshots"/></extension><extension url="value"><valueString value="true"/></extension></extension><grouping id="-str-profile"><name value="Structures: Resource Profiles"/><description value="These define constraints on FHIR resources for systems conforming to this implementation guide."/></grouping><grouping id="-str-extension"><name value="Structures: Extension Definitions"/><description value="These define constraints on FHIR data types for systems conforming to this implementation guide."/></grouping><grouping id="-term-valueset"><name value="Terminology: Value Sets"/><description value="These define sets of codes used by systems conforming to this implementation guide."/></grouping><grouping id="-term-codesystem"><name value="Terminology: Code Systems"/><description value="These define new code systems used by systems conforming to this implementation guide."/></grouping><grouping id="-term-namingsystem"><name value="Terminology: Naming Systems"/><description value="These define identifier and/or code system identities used by systems conforming to this implementation guide."/></grouping><grouping id="-ex-example"><name value="Example: Example Instances"/><description value="These are example instances that show what data produced and consumed by systems conforming with this implementation guide might look like."/></grouping><resource><extension url="http://hl7.org/fhir/tools/StructureDefinition/resource-sort"><valueInteger value="999999999"/></extension><extension url="http://hl7.org/fhir/StructureDefinition/implementationguide-page"><valueUri value="StructureDefinition-SzAppointment.html"/></extension><reference><reference value="StructureDefinition/SzAppointment"/></reference><name value="Eswatini Appointment Profile"/><description value="Definition of Eswatini Appointment Profile"/><exampleBoolean value="false"/><groupingId value="-str-profile"/></resource><resource><extension url="http://hl7.org/fhir/tools/StructureDefinition/resource-sort"><valueInteger value="999999999"/></extension><extension url="http://hl7.org/fhir/StructureDefinition/implementationguide-page"><valueUri value="StructureDefinition-SzClinicalObservation.html"/></extension><reference><reference value="StructureDefinition/SzClinicalObservation"/></reference><name value="Eswatini Clinical Observation Profile"/><description value="Eswatini Clinical Observation Profile"/><exampleBoolean value="false"/><groupingId value="-str-profile"/></resource><resource><extension url="http://hl7.org/fhir/tools/StructureDefinition/resource-sort"><valueInteger value="999999999"/></extension><extension url="http://hl7.org/fhir/StructureDefinition/implementationguide-page"><valueUri value="StructureDefinition-SzEncounter.html"/></extension><reference><reference value="StructureDefinition/SzEncounter"/></reference><name value="Eswatini Encounter Profile"/><description value="The Eswatini Encounter Profile inherits from .... This profile sets minimum expectations for the Encounter resource to record basic encounter&#xA;information for a patient. It specifies which core elements shall be present and constrains how the elements are used."/><exampleBoolean value="false"/><groupingId value="-str-profile"/></resource><resource><extension url="http://hl7.org/fhir/tools/StructureDefinition/resource-sort"><valueInteger value="999999999"/></extension><extension url="http://hl7.org/fhir/StructureDefinition/implementationguide-page"><valueUri value="StructureDefinition-SzLabResult.html"/></extension><reference><reference value="StructureDefinition/SzLabResult"/></reference><name value="Eswatini Lab Result Profile"/><description value="Eswatini Lab Result Profile"/><exampleBoolean value="false"/><groupingId value="-str-profile"/></resource><resource><extension url="http://hl7.org/fhir/tools/StructureDefinition/resource-sort"><valueInteger value="999999999"/></extension><extension url="http://hl7.org/fhir/StructureDefinition/implementationguide-page"><valueUri value="StructureDefinition-SzLabTest.html"/></extension><reference><reference value="StructureDefinition/SzLabTest"/></reference><name value="Eswatini Lab Test Profile"/><description value="Eswatini Lab Test Profile"/><exampleBoolean value="false"/><groupingId value="-str-profile"/></resource><resource><extension url="http://hl7.org/fhir/tools/StructureDefinition/resource-sort"><valueInteger value="999999999"/></extension><extension url="http://hl7.org/fhir/StructureDefinition/implementationguide-page"><valueUri value="StructureDefinition-SzLocation.html"/></extension><reference><reference value="StructureDefinition/SzLocation"/></reference><name value="Eswatini Location Profile"/><description value="Eswatini Location Profile sets a standard for recording locations where medical care is provided"/><exampleBoolean value="false"/><groupingId value="-str-profile"/></resource><resource><extension url="http://hl7.org/fhir/tools/StructureDefinition/resource-sort"><valueInteger value="999999999"/></extension><extension url="http://hl7.org/fhir/StructureDefinition/implementationguide-page"><valueUri value="StructureDefinition-SzMedication.html"/></extension><reference><reference value="StructureDefinition/SzMedication"/></reference><name value="Eswatini Medication Profile"/><description value="Definition of Eswatinit Medication Profile"/><exampleBoolean value="false"/><groupingId value="-str-profile"/></resource><resource><extension url="http://hl7.org/fhir/tools/StructureDefinition/resource-sort"><valueInteger value="999999999"/></extension><extension url="http://hl7.org/fhir/StructureDefinition/implementationguide-page"><valueUri value="StructureDefinition-SzMedicationDispense.html"/></extension><reference><reference value="StructureDefinition/SzMedicationDispense"/></reference><name value="Eswatini Medication Request Profile"/><description value="Definition of Eswatinit Medication Request Profile"/><exampleBoolean value="false"/><groupingId value="-str-profile"/></resource><resource><extension url="http://hl7.org/fhir/tools/StructureDefinition/resource-sort"><valueInteger value="999999999"/></extension><extension url="http://hl7.org/fhir/StructureDefinition/implementationguide-page"><valueUri value="StructureDefinition-SzMedicationRequest.html"/></extension><reference><reference value="StructureDefinition/SzMedicationRequest"/></reference><name value="Eswatini Medication Request Profile"/><description value="Definition of Eswatinit Medication Request Profile"/><exampleBoolean value="false"/><groupingId value="-str-profile"/></resource><resource><extension url="http://hl7.org/fhir/tools/StructureDefinition/resource-sort"><valueInteger value="999999999"/></extension><extension url="http://hl7.org/fhir/StructureDefinition/implementationguide-page"><valueUri value="StructureDefinition-SzOrganization.html"/></extension><reference><reference value="StructureDefinition/SzOrganization"/></reference><name value="Eswatini Organization Profile"/><description value="Organization profile"/><exampleBoolean value="false"/><groupingId value="-str-profile"/></resource><resource><extension url="http://hl7.org/fhir/tools/StructureDefinition/resource-sort"><valueInteger value="999999999"/></extension><extension url="http://hl7.org/fhir/StructureDefinition/implementationguide-page"><valueUri value="StructureDefinition-SzPatient.html"/></extension><reference><reference value="StructureDefinition/SzPatient"/></reference><name value="Eswatini Patient Profile"/><description value="Definition of the FHIR Eswatini Patient resource"/><exampleBoolean value="false"/><groupingId value="-str-profile"/></resource><resource><extension url="http://hl7.org/fhir/tools/StructureDefinition/resource-sort"><valueInteger value="999999999"/></extension><extension url="http://hl7.org/fhir/StructureDefinition/implementationguide-page"><valueUri value="StructureDefinition-SzPractitioner.html"/></extension><reference><reference value="StructureDefinition/SzPractitioner"/></reference><name value="Eswatini Practitioner Profile"/><description value="Definition of the FHRI Eswatini Practitioner resource"/><exampleBoolean value="false"/><groupingId value="-str-profile"/></resource><resource><extension url="http://hl7.org/fhir/tools/StructureDefinition/resource-sort"><valueInteger value="999999999"/></extension><extension url="http://hl7.org/fhir/StructureDefinition/implementationguide-page"><valueUri value="StructureDefinition-SzProcedure.html"/></extension><reference><reference value="StructureDefinition/SzProcedure"/></reference><name value="Eswatini Procedure Profile"/><description value="This resource is designed to record details of current and historical procedures performed on a patient.&#xA;This may include the start and stop dates of treatment like IPT."/><exampleBoolean value="false"/><groupingId value="-str-profile"/></resource><resource><extension url="http://hl7.org/fhir/tools/StructureDefinition/resource-sort"><valueInteger value="999999999"/></extension><extension url="http://hl7.org/fhir/StructureDefinition/implementationguide-page"><valueUri value="StructureDefinition-SzLabSpecimen.html"/></extension><reference><reference value="StructureDefinition/SzLabSpecimen"/></reference><name value="Eswatini Specimen Profile"/><description value="The Eswatini Specimen Profile is based on the FHIR Specimen resource. This profile sets minimum&#xA;expectation for Specimen resource to record information about substances associated with a patient or laboratory request being tested.&#xA;This profile specifies which core elements shall be present and how these elements are used."/><exampleBoolean value="false"/><groupingId value="-str-profile"/></resource><resource><extension url="http://hl7.org/fhir/tools/StructureDefinition/resource-sort"><valueInteger value="999999999"/></extension><extension url="http://hl7.org/fhir/StructureDefinition/implementationguide-page"><valueUri value="StructureDefinition-SzVitalSigns.html"/></extension><reference><reference value="StructureDefinition/SzVitalSigns"/></reference><name value="Eswatini Vital Signs Profile"/><description value="This profile is based on the base FHIR Vital Signs Profile and defines additional constraints on the Observation resource to represent&#xA;vital signs observations specifically for Eswatini."/><exampleBoolean value="false"/><groupingId value="-str-profile"/></resource><resource><extension url="http://hl7.org/fhir/tools/StructureDefinition/resource-sort"><valueInteger value="999999999"/></extension><extension url="http://hl7.org/fhir/StructureDefinition/implementationguide-page"><valueUri value="StructureDefinition-SzChiefdomExtension.html"/></extension><reference><reference value="StructureDefinition/SzChiefdomExtension"/></reference><name value="Extention: Eswatini Chiefdom"/><description value="Extention for Eswatini Chiefdom"/><exampleBoolean value="false"/><groupingId value="-str-extension"/></resource><resource><extension url="http://hl7.org/fhir/tools/StructureDefinition/resource-sort"><valueInteger value="999999999"/></extension><extension url="http://hl7.org/fhir/StructureDefinition/implementationguide-page"><valueUri value="StructureDefinition-SzInkhundlaExtension.html"/></extension><reference><reference value="StructureDefinition/SzInkhundlaExtension"/></reference><name value="Extention: Eswatini Inkhundla"/><description value="Extention for Eswatini Tinkhundla"/><exampleBoolean value="false"/><groupingId value="-str-extension"/></resource><resource><extension url="http://hl7.org/fhir/tools/StructureDefinition/resource-sort"><valueInteger value="999999999"/></extension><extension url="http://hl7.org/fhir/StructureDefinition/implementationguide-page"><valueUri value="StructureDefinition-SzAuthorizerExtension.html"/></extension><reference><reference value="StructureDefinition/SzAuthorizerExtension"/></reference><name value="Extention: Eswatini Lab Result Authorizer"/><description value="Extention for Eswatini Lab Result Authorizer"/><exampleBoolean value="false"/><groupingId value="-str-extension"/></resource><resource><extension url="http://hl7.org/fhir/tools/StructureDefinition/resource-sort"><valueInteger value="999999999"/></extension><extension url="http://hl7.org/fhir/StructureDefinition/implementationguide-page"><valueUri value="StructureDefinition-SzLocationCodeExtension.html"/></extension><reference><reference value="StructureDefinition/SzLocationCodeExtension"/></reference><name value="Extention: Eswatini Location Code"/><description value="Extention for Eswatini Location Code"/><exampleBoolean value="false"/><groupingId value="-str-extension"/></resource><resource><extension url="http://hl7.org/fhir/tools/StructureDefinition/resource-sort"><valueInteger value="999999999"/></extension><extension url="http://hl7.org/fhir/StructureDefinition/implementationguide-page"><valueUri value="StructureDefinition-SzTestingLabExtension.html"/></extension><reference><reference value="StructureDefinition/SzTestingLabExtension"/></reference><name value="Extention: Eswatini Testing Laboratory"/><description value="Extention for Eswatini Testing Laboratory"/><exampleBoolean value="false"/><groupingId value="-str-extension"/></resource><resource><extension url="http://hl7.org/fhir/tools/StructureDefinition/resource-sort"><valueInteger value="999999999"/></extension><extension url="http://hl7.org/fhir/StructureDefinition/implementationguide-page"><valueUri value="ValueSet-SzChiefdomVS.html"/></extension><reference><reference value="ValueSet/SzChiefdomVS"/></reference><name value="Value Set: Chiefdoms Value Set"/><description value="Value set for ESwatini chiefdoms"/><exampleBoolean value="false"/><groupingId value="-term-valueset"/></resource><resource><extension url="http://hl7.org/fhir/tools/StructureDefinition/resource-sort"><valueInteger value="999999999"/></extension><extension url="http://hl7.org/fhir/StructureDefinition/implementationguide-page"><valueUri value="ValueSet-SzEncounterClassificationVS.html"/></extension><reference><reference value="ValueSet/SzEncounterClassificationVS"/></reference><name value="Value Set: Encounter Classification"/><description value="Eswatini Encounter Classification Codes"/><exampleBoolean value="false"/><groupingId value="-term-valueset"/></resource><resource><extension url="http://hl7.org/fhir/tools/StructureDefinition/resource-sort"><valueInteger value="999999999"/></extension><extension url="http://hl7.org/fhir/StructureDefinition/implementationguide-page"><valueUri value="ValueSet-SzTestParameterCodeVS.html"/></extension><reference><reference value="ValueSet/SzTestParameterCodeVS"/></reference><name value="Value Set: Eswatini Local Test Parameter Codes"/><exampleBoolean value="false"/><groupingId value="-term-valueset"/></resource><resource><extension url="http://hl7.org/fhir/tools/StructureDefinition/resource-sort"><valueInteger value="999999999"/></extension><extension url="http://hl7.org/fhir/StructureDefinition/implementationguide-page"><valueUri value="ValueSet-CIE10VS.html"/></extension><reference><reference value="ValueSet/CIE10VS"/></reference><name value="Value Set: ICD10"/><description value="CIE10 code values"/><exampleBoolean value="false"/><groupingId value="-term-valueset"/></resource><resource><extension url="http://hl7.org/fhir/tools/StructureDefinition/resource-sort"><valueInteger value="999999999"/></extension><extension url="http://hl7.org/fhir/StructureDefinition/implementationguide-page"><valueUri value="ValueSet-SzTestCodeVS.html"/></extension><reference><reference value="ValueSet/SzTestCodeVS"/></reference><name value="Value Set: Local Test Codes"/><description value="Eswatini Local Test Codes"/><exampleBoolean value="false"/><groupingId value="-term-valueset"/></resource><resource><extension url="http://hl7.org/fhir/tools/StructureDefinition/resource-sort"><valueInteger value="999999999"/></extension><extension url="http://hl7.org/fhir/StructureDefinition/implementationguide-page"><valueUri value="ValueSet-PersonIdentifiersVS.html"/></extension><reference><reference value="ValueSet/PersonIdentifiersVS"/></reference><name value="Value Set: Person Identifier"/><description value="Eswatini Person Identifiers"/><exampleBoolean value="false"/><groupingId value="-term-valueset"/></resource><resource><extension url="http://hl7.org/fhir/tools/StructureDefinition/resource-sort"><valueInteger value="999999999"/></extension><extension url="http://hl7.org/fhir/StructureDefinition/implementationguide-page"><valueUri value="ValueSet-SzProductCodeVS.html"/></extension><reference><reference value="ValueSet/SzProductCodeVS"/></reference><name value="Value Set: Product Code Value Set"/><description value="Value set for ESwatini Product Codes"/><exampleBoolean value="false"/><groupingId value="-term-valueset"/></resource><resource><extension url="http://hl7.org/fhir/tools/StructureDefinition/resource-sort"><valueInteger value="999999999"/></extension><extension url="http://hl7.org/fhir/StructureDefinition/implementationguide-page"><valueUri value="ValueSet-SzTinkhundlaVS.html"/></extension><reference><reference value="ValueSet/SzTinkhundlaVS"/></reference><name value="Value Set: Tinkhundla"/><description value="Value set for Eswatini Tinkhundla"/><exampleBoolean value="false"/><groupingId value="-term-valueset"/></resource><resource><extension url="http://hl7.org/fhir/tools/StructureDefinition/resource-sort"><valueInteger value="999999999"/></extension><extension url="http://hl7.org/fhir/StructureDefinition/implementationguide-page"><valueUri value="ValueSet-SzServicePointVS.html"/></extension><reference><reference value="ValueSet/SzServicePointVS"/></reference><name value="Value set: Eswatini Service Points"/><description value="Value set for Eswatini service points"/><exampleBoolean value="false"/><groupingId value="-term-valueset"/></resource><resource><extension url="http://hl7.org/fhir/tools/StructureDefinition/resource-sort"><valueInteger value="999999999"/></extension><extension url="http://hl7.org/fhir/StructureDefinition/implementationguide-page"><valueUri value="CodeSystem-SzEncounterClassificationCS.html"/></extension><reference><reference value="CodeSystem/SzEncounterClassificationCS"/></reference><name value="Code System: Encounter Classification"/><description value="Data element that contains the classification of encounters."/><exampleBoolean value="false"/><groupingId value="-term-codesystem"/></resource><resource><extension url="http://hl7.org/fhir/tools/StructureDefinition/resource-sort"><valueInteger value="999999999"/></extension><extension url="http://hl7.org/fhir/StructureDefinition/implementationguide-page"><valueUri value="CodeSystem-SzChiefdomCS.html"/></extension><reference><reference value="CodeSystem/SzChiefdomCS"/></reference><name value="Code System: Eswatini Chiefdoms"/><description value="Code system for ESwatini Chiefdoms"/><exampleBoolean value="false"/><groupingId value="-term-codesystem"/></resource><resource><extension url="http://hl7.org/fhir/tools/StructureDefinition/resource-sort"><valueInteger value="999999999"/></extension><extension url="http://hl7.org/fhir/StructureDefinition/implementationguide-page"><valueUri value="CodeSystem-SzTestCodeCS.html"/></extension><reference><reference value="CodeSystem/SzTestCodeCS"/></reference><name value="Code System: Eswatini Local Test Codes"/><description value="Data element that contains alternate test codes used by the Laboratory Information System to identify laboratory tests."/><exampleBoolean value="false"/><groupingId value="-term-codesystem"/></resource><resource><extension url="http://hl7.org/fhir/tools/StructureDefinition/resource-sort"><valueInteger value="999999999"/></extension><extension url="http://hl7.org/fhir/StructureDefinition/implementationguide-page"><valueUri value="CodeSystem-SzTestParameterCodeCS.html"/></extension><reference><reference value="CodeSystem/SzTestParameterCodeCS"/></reference><name value="Code System: Eswatini Local Test Parameter Codes"/><exampleBoolean value="false"/><groupingId value="-term-codesystem"/></resource><resource><extension url="http://hl7.org/fhir/tools/StructureDefinition/resource-sort"><valueInteger value="999999999"/></extension><extension url="http://hl7.org/fhir/StructureDefinition/implementationguide-page"><valueUri value="CodeSystem-SzProductCodeCS.html"/></extension><reference><reference value="CodeSystem/SzProductCodeCS"/></reference><name value="Code System: Eswatini Product Codes"/><description value="Code system for ESwatini Product Codes"/><exampleBoolean value="false"/><groupingId value="-term-codesystem"/></resource><resource><extension url="http://hl7.org/fhir/tools/StructureDefinition/resource-sort"><valueInteger value="999999999"/></extension><extension url="http://hl7.org/fhir/StructureDefinition/implementationguide-page"><valueUri value="CodeSystem-SzServicePointCS.html"/></extension><reference><reference value="CodeSystem/SzServicePointCS"/></reference><name value="Code System: Eswatini Service Points"/><description value="Code System for Eswatini service points"/><exampleBoolean value="false"/><groupingId value="-term-codesystem"/></resource><resource><extension url="http://hl7.org/fhir/tools/StructureDefinition/resource-sort"><valueInteger value="999999999"/></extension><extension url="http://hl7.org/fhir/StructureDefinition/implementationguide-page"><valueUri value="CodeSystem-SzTinkhundlaCS.html"/></extension><reference><reference value="CodeSystem/SzTinkhundlaCS"/></reference><name value="Code System: Eswatini Tinkhundla"/><description value="Code system for Eswatini Tinkhundla"/><exampleBoolean value="false"/><groupingId value="-term-codesystem"/></resource><resource><extension url="http://hl7.org/fhir/tools/StructureDefinition/resource-sort"><valueInteger value="999999999"/></extension><extension url="http://hl7.org/fhir/StructureDefinition/implementationguide-page"><valueUri value="CodeSystem-SzPersonIdentificationsCS.html"/></extension><reference><reference value="CodeSystem/SzPersonIdentificationsCS"/></reference><name value="Code System: Person Identification Types"/><description value="Data element that contains the name and identification number of a specific person for identity and individualization purposes."/><exampleBoolean value="false"/><groupingId value="-term-codesystem"/></resource><resource><extension url="http://hl7.org/fhir/tools/StructureDefinition/resource-sort"><valueInteger value="999999999"/></extension><extension url="http://hl7.org/fhir/StructureDefinition/implementationguide-page"><valueUri value="NamingSystem-NamingSystemCbhis.html"/></extension><reference><reference value="NamingSystem/NamingSystemCbhis"/></reference><name value="NamingSystemCbhis"/><description value="Community Based Health Information System Electronic Medical Record"/><exampleBoolean value="false"/><groupingId value="-term-namingsystem"/></resource><resource><extension url="http://hl7.org/fhir/tools/StructureDefinition/resource-sort"><valueInteger value="999999999"/></extension><extension url="http://hl7.org/fhir/StructureDefinition/implementationguide-page"><valueUri value="NamingSystem-NamingSystemCivilRegistry.html"/></extension><reference><reference value="NamingSystem/NamingSystemCivilRegistry"/></reference><name value="NamingSystemCivilRegistry"/><description value="Civil Registry"/><exampleBoolean value="false"/><groupingId value="-term-namingsystem"/></resource><resource><extension url="http://hl7.org/fhir/tools/StructureDefinition/resource-sort"><valueInteger value="999999999"/></extension><extension url="http://hl7.org/fhir/StructureDefinition/implementationguide-page"><valueUri value="NamingSystem-NamingSystemCmis.html"/></extension><reference><reference value="NamingSystem/NamingSystemCmis"/></reference><name value="NamingSystemCmis"/><description value="Client Management Information System Electronic Medical Record"/><exampleBoolean value="false"/><groupingId value="-term-namingsystem"/></resource><resource><extension url="http://hl7.org/fhir/tools/StructureDefinition/resource-sort"><valueInteger value="999999999"/></extension><extension url="http://hl7.org/fhir/StructureDefinition/implementationguide-page"><valueUri value="NamingSystem-NamingSystemMsds.html"/></extension><reference><reference value="NamingSystem/NamingSystemMsds"/></reference><name value="NamingSystemMsds"/><description value="Malaria Surveilance Data System"/><exampleBoolean value="false"/><groupingId value="-term-namingsystem"/></resource><resource><extension url="http://hl7.org/fhir/tools/StructureDefinition/resource-sort"><valueInteger value="999999999"/></extension><extension url="http://hl7.org/fhir/StructureDefinition/implementationguide-page"><valueUri value="Patient-SampleSzPatient.html"/></extension><reference><reference value="Patient/SampleSzPatient"/></reference><name value="Sample Eswatini Patient"/><description value="Sample Eswaitni Patient"/><exampleCanonical value="http://172.209.216.154:3447/fhir/StructureDefinition/SzPatient"/><groupingId value="-ex-example"/></resource><resource><extension url="http://hl7.org/fhir/tools/StructureDefinition/resource-sort"><valueInteger value="999999999"/></extension><extension url="http://hl7.org/fhir/StructureDefinition/implementationguide-page"><valueUri value="Practitioner-SampleSzPharmacyPractitioner.html"/></extension><reference><reference value="Practitioner/SampleSzPharmacyPractitioner"/></reference><name value="Sample Pharmacy Practitioner"/><description value="Sample Eswatini Pharmacist"/><exampleCanonical value="http://172.209.216.154:3447/fhir/StructureDefinition/SzPractitioner"/><groupingId value="-ex-example"/></resource><resource><extension url="http://hl7.org/fhir/tools/StructureDefinition/resource-sort"><valueInteger value="999999999"/></extension><extension url="http://hl7.org/fhir/StructureDefinition/implementationguide-page"><valueUri value="Practitioner-SampleSzPractitioner.html"/></extension><reference><reference value="Practitioner/SampleSzPractitioner"/></reference><name value="Sample SzPractitioner"/><description value="Sample Eswatini Practitioner"/><exampleCanonical value="http://172.209.216.154:3447/fhir/StructureDefinition/SzPractitioner"/><groupingId value="-ex-example"/></resource><resource><extension url="http://hl7.org/fhir/tools/StructureDefinition/resource-sort"><valueInteger value="999999999"/></extension><extension url="http://hl7.org/fhir/StructureDefinition/implementationguide-page"><valueUri value="Observation-SampleSzARTStartDateClinicalObservation.html"/></extension><reference><reference value="Observation/SampleSzARTStartDateClinicalObservation"/></reference><name value="SampleSzARTStartDateClinicalObservation"/><description value="Sample Eswatini Clinical Observation"/><exampleCanonical value="http://172.209.216.154:3447/fhir/StructureDefinition/SzClinicalObservation"/><groupingId value="-ex-example"/></resource><resource><extension url="http://hl7.org/fhir/tools/StructureDefinition/resource-sort"><valueInteger value="999999999"/></extension><extension url="http://hl7.org/fhir/StructureDefinition/implementationguide-page"><valueUri value="Appointment-SampleSzAppointment.html"/></extension><reference><reference value="Appointment/SampleSzAppointment"/></reference><name value="SampleSzAppointment"/><description value="Sample Eswatini Appointment"/><exampleCanonical value="http://172.209.216.154:3447/fhir/StructureDefinition/SzAppointment"/><groupingId value="-ex-example"/></resource><resource><extension url="http://hl7.org/fhir/tools/StructureDefinition/resource-sort"><valueInteger value="999999999"/></extension><extension url="http://hl7.org/fhir/StructureDefinition/implementationguide-page"><valueUri value="Bundle-SampleSzBundle.html"/></extension><reference><reference value="Bundle/SampleSzBundle"/></reference><name value="SampleSzBundle"/><description value="Sample Eswatini Bundle"/><exampleBoolean value="true"/><groupingId value="-ex-example"/></resource><resource><extension url="http://hl7.org/fhir/tools/StructureDefinition/resource-sort"><valueInteger value="999999999"/></extension><extension url="http://hl7.org/fhir/StructureDefinition/implementationguide-page"><valueUri value="Bundle-SampleSzBundle1.html"/></extension><reference><reference value="Bundle/SampleSzBundle1"/></reference><name value="SampleSzBundle1"/><description value="Sample Eswatini Patient and Encounter bundle"/><exampleBoolean value="true"/><groupingId value="-ex-example"/></resource><resource><extension url="http://hl7.org/fhir/tools/StructureDefinition/resource-sort"><valueInteger value="999999999"/></extension><extension url="http://hl7.org/fhir/StructureDefinition/implementationguide-page"><valueUri value="Encounter-SampleSzEncounter.html"/></extension><reference><reference value="Encounter/SampleSzEncounter"/></reference><name value="SampleSzEncounter"/><description value="Sample Eswatini Encounter"/><exampleCanonical value="http://172.209.216.154:3447/fhir/StructureDefinition/SzEncounter"/><groupingId value="-ex-example"/></resource><resource><extension url="http://hl7.org/fhir/tools/StructureDefinition/resource-sort"><valueInteger value="999999999"/></extension><extension url="http://hl7.org/fhir/StructureDefinition/implementationguide-page"><valueUri value="Procedure-SampleSzIPTProcedure.html"/></extension><reference><reference value="Procedure/SampleSzIPTProcedure"/></reference><name value="SampleSzIPTProcedure"/><description value="Sample Eswatini Procedure showing how the Eswainit Procedure Profile can be used to record IPT Start and Stop Dates."/><exampleCanonical value="http://172.209.216.154:3447/fhir/StructureDefinition/SzProcedure"/><groupingId value="-ex-example"/></resource><resource><extension url="http://hl7.org/fhir/tools/StructureDefinition/resource-sort"><valueInteger value="999999999"/></extension><extension url="http://hl7.org/fhir/StructureDefinition/implementationguide-page"><valueUri value="Location-SampleSzLabLocation.html"/></extension><reference><reference value="Location/SampleSzLabLocation"/></reference><name value="SampleSzLabLocation"/><description value="Sample Eswatini Testing Laboratory"/><exampleCanonical value="http://172.209.216.154:3447/fhir/StructureDefinition/SzLocation"/><groupingId value="-ex-example"/></resource><resource><extension url="http://hl7.org/fhir/tools/StructureDefinition/resource-sort"><valueInteger value="999999999"/></extension><extension url="http://hl7.org/fhir/StructureDefinition/implementationguide-page"><valueUri value="Observation-SampleSzLabResult1.html"/></extension><reference><reference value="Observation/SampleSzLabResult1"/></reference><name value="SampleSzLabResult1"/><description value="Sample Eswatini Lab Result"/><exampleCanonical value="http://172.209.216.154:3447/fhir/StructureDefinition/SzLabResult"/><groupingId value="-ex-example"/></resource><resource><extension url="http://hl7.org/fhir/tools/StructureDefinition/resource-sort"><valueInteger value="999999999"/></extension><extension url="http://hl7.org/fhir/StructureDefinition/implementationguide-page"><valueUri value="DiagnosticReport-SampleSzLabTest.html"/></extension><reference><reference value="DiagnosticReport/SampleSzLabTest"/></reference><name value="SampleSzLabTest"/><description value="Sample Eswatini Lab Test"/><exampleCanonical value="http://172.209.216.154:3447/fhir/StructureDefinition/SzLabTest"/><groupingId value="-ex-example"/></resource><resource><extension url="http://hl7.org/fhir/tools/StructureDefinition/resource-sort"><valueInteger value="999999999"/></extension><extension url="http://hl7.org/fhir/StructureDefinition/implementationguide-page"><valueUri value="Location-SampleSzLocation.html"/></extension><reference><reference value="Location/SampleSzLocation"/></reference><name value="SampleSzLocation"/><description value="Sample Eswatini Location"/><exampleCanonical value="http://172.209.216.154:3447/fhir/StructureDefinition/SzLocation"/><groupingId value="-ex-example"/></resource><resource><extension url="http://hl7.org/fhir/tools/StructureDefinition/resource-sort"><valueInteger value="999999999"/></extension><extension url="http://hl7.org/fhir/StructureDefinition/implementationguide-page"><valueUri value="Bundle-SampleSzMalariaBundle.html"/></extension><reference><reference value="Bundle/SampleSzMalariaBundle"/></reference><name value="SampleSzMalariaBundle"/><description value="Sample Malaria Bundle"/><exampleBoolean value="true"/><groupingId value="-ex-example"/></resource><resource><extension url="http://hl7.org/fhir/tools/StructureDefinition/resource-sort"><valueInteger value="999999999"/></extension><extension url="http://hl7.org/fhir/StructureDefinition/implementationguide-page"><valueUri value="Condition-SampleSzMalariaCondition-001.html"/></extension><reference><reference value="Condition/SampleSzMalariaCondition-001"/></reference><name value="SampleSzMalariaCondition-001"/><description value="Sample Eswatini Malaria Condition"/><exampleBoolean value="true"/><groupingId value="-ex-example"/></resource><resource><extension url="http://hl7.org/fhir/tools/StructureDefinition/resource-sort"><valueInteger value="999999999"/></extension><extension url="http://hl7.org/fhir/StructureDefinition/implementationguide-page"><valueUri value="Encounter-SampleSzMalariaEncounter.html"/></extension><reference><reference value="Encounter/SampleSzMalariaEncounter"/></reference><name value="SampleSzMalariaEncounter"/><description value="Sample Eswatini Malaria Encounter"/><exampleCanonical value="http://172.209.216.154:3447/fhir/StructureDefinition/SzEncounter"/><groupingId value="-ex-example"/></resource><resource><extension url="http://hl7.org/fhir/tools/StructureDefinition/resource-sort"><valueInteger value="999999999"/></extension><extension url="http://hl7.org/fhir/StructureDefinition/implementationguide-page"><valueUri value="Observation-SampleSzMalariaLabResult.html"/></extension><reference><reference value="Observation/SampleSzMalariaLabResult"/></reference><name value="SampleSzMalariaLabResult"/><description value="Sample Malaria Lab Result"/><exampleCanonical value="http://172.209.216.154:3447/fhir/StructureDefinition/SzLabResult"/><groupingId value="-ex-example"/></resource><resource><extension url="http://hl7.org/fhir/tools/StructureDefinition/resource-sort"><valueInteger value="999999999"/></extension><extension url="http://hl7.org/fhir/StructureDefinition/implementationguide-page"><valueUri value="DiagnosticReport-SampleSzMalariaLabTest.html"/></extension><reference><reference value="DiagnosticReport/SampleSzMalariaLabTest"/></reference><name value="SampleSzMalariaLabTest"/><description value="Sample Malaria Lab Test"/><exampleCanonical value="http://172.209.216.154:3447/fhir/StructureDefinition/SzLabTest"/><groupingId value="-ex-example"/></resource><resource><extension url="http://hl7.org/fhir/tools/StructureDefinition/resource-sort"><valueInteger value="999999999"/></extension><extension url="http://hl7.org/fhir/StructureDefinition/implementationguide-page"><valueUri value="MedicationDispense-SampleSzMalariaMedicalDispense.html"/></extension><reference><reference value="MedicationDispense/SampleSzMalariaMedicalDispense"/></reference><name value="SampleSzMalariaMedicalDispense"/><description value="Sample Eswatini Malaria Medication Dispense"/><exampleCanonical value="http://172.209.216.154:3447/fhir/StructureDefinition/SzMedicationDispense"/><groupingId value="-ex-example"/></resource><resource><extension url="http://hl7.org/fhir/tools/StructureDefinition/resource-sort"><valueInteger value="999999999"/></extension><extension url="http://hl7.org/fhir/StructureDefinition/implementationguide-page"><valueUri value="MedicationRequest-SampleSzMalariaMedicationRequest.html"/></extension><reference><reference value="MedicationRequest/SampleSzMalariaMedicationRequest"/></reference><name value="SampleSzMalariaMedicationRequest"/><description value="Sample Eswatini Malaria Medication Request"/><exampleCanonical value="http://172.209.216.154:3447/fhir/StructureDefinition/SzMedicationRequest"/><groupingId value="-ex-example"/></resource><resource><extension url="http://hl7.org/fhir/tools/StructureDefinition/resource-sort"><valueInteger value="999999999"/></extension><extension url="http://hl7.org/fhir/StructureDefinition/implementationguide-page"><valueUri value="Patient-SampleSzMalariaPatient.html"/></extension><reference><reference value="Patient/SampleSzMalariaPatient"/></reference><name value="SampleSzMalariaPatient"/><description value="Sample Eswatini Malaria Patient"/><exampleCanonical value="http://172.209.216.154:3447/fhir/StructureDefinition/SzPatient"/><groupingId value="-ex-example"/></resource><resource><extension url="http://hl7.org/fhir/tools/StructureDefinition/resource-sort"><valueInteger value="999999999"/></extension><extension url="http://hl7.org/fhir/StructureDefinition/implementationguide-page"><valueUri value="Specimen-SampleSzMalariaSpecimen.html"/></extension><reference><reference value="Specimen/SampleSzMalariaSpecimen"/></reference><name value="SampleSzMalariaSpecimen"/><description value="Sample Eswatini Malaria Specimen"/><exampleCanonical value="http://172.209.216.154:3447/fhir/StructureDefinition/SzLabSpecimen"/><groupingId value="-ex-example"/></resource><resource><extension url="http://hl7.org/fhir/tools/StructureDefinition/resource-sort"><valueInteger value="999999999"/></extension><extension url="http://hl7.org/fhir/StructureDefinition/implementationguide-page"><valueUri value="Observation-SampleSzMalariaTravelHistory.html"/></extension><reference><reference value="Observation/SampleSzMalariaTravelHistory"/></reference><name value="SampleSzMalariaTravelHistory"/><description value="Sample Malaria Lab Result"/><exampleCanonical value="http://172.209.216.154:3447/fhir/StructureDefinition/SzClinicalObservation"/><groupingId value="-ex-example"/></resource><resource><extension url="http://hl7.org/fhir/tools/StructureDefinition/resource-sort"><valueInteger value="999999999"/></extension><extension url="http://hl7.org/fhir/StructureDefinition/implementationguide-page"><valueUri value="MedicationDispense-SampleSzMedicalDispense.html"/></extension><reference><reference value="MedicationDispense/SampleSzMedicalDispense"/></reference><name value="SampleSzMedicalDispense"/><description value="Sample Eswatini Medication Request"/><exampleCanonical value="http://172.209.216.154:3447/fhir/StructureDefinition/SzMedicationDispense"/><groupingId value="-ex-example"/></resource><resource><extension url="http://hl7.org/fhir/tools/StructureDefinition/resource-sort"><valueInteger value="999999999"/></extension><extension url="http://hl7.org/fhir/StructureDefinition/implementationguide-page"><valueUri value="Medication-SampleSzMedication.html"/></extension><reference><reference value="Medication/SampleSzMedication"/></reference><name value="SampleSzMedication"/><description value="Sample Eswatini Medication"/><exampleCanonical value="http://172.209.216.154:3447/fhir/StructureDefinition/SzMedication"/><groupingId value="-ex-example"/></resource><resource><extension url="http://hl7.org/fhir/tools/StructureDefinition/resource-sort"><valueInteger value="999999999"/></extension><extension url="http://hl7.org/fhir/StructureDefinition/implementationguide-page"><valueUri value="MedicationRequest-SampleSzMedicationRequest.html"/></extension><reference><reference value="MedicationRequest/SampleSzMedicationRequest"/></reference><name value="SampleSzMedicationRequest"/><description value="Sample Eswatini Medication Request"/><exampleCanonical value="http://172.209.216.154:3447/fhir/StructureDefinition/SzMedicationRequest"/><groupingId value="-ex-example"/></resource><resource><extension url="http://hl7.org/fhir/tools/StructureDefinition/resource-sort"><valueInteger value="999999999"/></extension><extension url="http://hl7.org/fhir/StructureDefinition/implementationguide-page"><valueUri value="Specimen-SampleSzSpecimen.html"/></extension><reference><reference value="Specimen/SampleSzSpecimen"/></reference><name value="SampleSzSpecimen"/><description value="Sample Eswatini Specimen"/><exampleCanonical value="http://172.209.216.154:3447/fhir/StructureDefinition/SzLabSpecimen"/><groupingId value="-ex-example"/></resource><resource><extension url="http://hl7.org/fhir/tools/StructureDefinition/resource-sort"><valueInteger value="999999999"/></extension><extension url="http://hl7.org/fhir/StructureDefinition/implementationguide-page"><valueUri value="Observation-SampleVitalsBodyMassIndex.html"/></extension><reference><reference value="Observation/SampleVitalsBodyMassIndex"/></reference><name value="SampleVitalsBodyMassIndex"/><description value="Sample Eswatini Body Mass Index Vital Sign"/><exampleCanonical value="http://172.209.216.154:3447/fhir/StructureDefinition/SzVitalSigns"/><groupingId value="-ex-example"/></resource><resource><extension url="http://hl7.org/fhir/tools/StructureDefinition/resource-sort"><valueInteger value="999999999"/></extension><extension url="http://hl7.org/fhir/StructureDefinition/implementationguide-page"><valueUri value="Observation-SampleVitalsHeight.html"/></extension><reference><reference value="Observation/SampleVitalsHeight"/></reference><name value="SampleVitalsHeight"/><description value="Sample Eswatini Height Vital Sign"/><exampleCanonical value="http://172.209.216.154:3447/fhir/StructureDefinition/SzVitalSigns"/><groupingId value="-ex-example"/></resource><resource><extension url="http://hl7.org/fhir/tools/StructureDefinition/resource-sort"><valueInteger value="999999999"/></extension><extension url="http://hl7.org/fhir/StructureDefinition/implementationguide-page"><valueUri value="Observation-SampleVitalsRespiratoryRate.html"/></extension><reference><reference value="Observation/SampleVitalsRespiratoryRate"/></reference><name value="SampleVitalsRespiratoryRate"/><description value="Sample Eswatini Respiratory Rate Vital Sign"/><exampleCanonical value="http://172.209.216.154:3447/fhir/StructureDefinition/SzVitalSigns"/><groupingId value="-ex-example"/></resource><resource><extension url="http://hl7.org/fhir/tools/StructureDefinition/resource-sort"><valueInteger value="999999999"/></extension><extension url="http://hl7.org/fhir/StructureDefinition/implementationguide-page"><valueUri value="Observation-SampleVitalsTemperature.html"/></extension><reference><reference value="Observation/SampleVitalsTemperature"/></reference><name value="SampleVitalsTemperature"/><description value="Sample Eswatini Temperature Vital Sign"/><exampleCanonical value="http://172.209.216.154:3447/fhir/StructureDefinition/SzVitalSigns"/><groupingId value="-ex-example"/></resource><resource><extension url="http://hl7.org/fhir/tools/StructureDefinition/resource-sort"><valueInteger value="999999999"/></extension><extension url="http://hl7.org/fhir/StructureDefinition/implementationguide-page"><valueUri value="Observation-SampleVitalsWeight.html"/></extension><reference><reference value="Observation/SampleVitalsWeight"/></reference><name value="SampleVitalsWeight"/><description value="Sample Eswatini Weight Vital Sign"/><exampleCanonical value="http://172.209.216.154:3447/fhir/StructureDefinition/SzVitalSigns"/><groupingId value="-ex-example"/></resource><page><extension url="http://hl7.org/fhir/tools/StructureDefinition/ig-page-name"><valueUrl value="toc.html"/></extension><nameUrl value="toc.html"/><title value="Table of Contents"/><generation value="html"/><page><extension url="http://hl7.org/fhir/tools/StructureDefinition/ig-page-name"><valueUrl value="index.html"/></extension><nameUrl value="index.html"/><title value="Home"/><generation value="markdown"/></page><page><extension url="http://hl7.org/fhir/tools/StructureDefinition/ig-page-name"><valueUrl value="artifacts.html"/></extension><nameUrl value="artifacts.html"/><title value="Artifacts Summary"/><generation value="html"/><page><extension url="http://hl7.org/fhir/tools/StructureDefinition/ig-page-name"><valueUrl value="StructureDefinition-SzAppointment.html"/></extension><nameUrl value="StructureDefinition-SzAppointment.html"/><title value="Eswatini Appointment Profile"/><generation value="generated"/></page><page><extension url="http://hl7.org/fhir/tools/StructureDefinition/ig-page-name"><valueUrl value="StructureDefinition-SzClinicalObservation.html"/></extension><nameUrl value="StructureDefinition-SzClinicalObservation.html"/><title value="Eswatini Clinical Observation Profile"/><generation value="generated"/></page><page><extension url="http://hl7.org/fhir/tools/StructureDefinition/ig-page-name"><valueUrl value="StructureDefinition-SzEncounter.html"/></extension><nameUrl value="StructureDefinition-SzEncounter.html"/><title value="Eswatini Encounter Profile"/><generation value="generated"/></page><page><extension url="http://hl7.org/fhir/tools/StructureDefinition/ig-page-name"><valueUrl value="StructureDefinition-SzLabResult.html"/></extension><nameUrl value="StructureDefinition-SzLabResult.html"/><title value="Eswatini Lab Result Profile"/><generation value="generated"/></page><page><extension url="http://hl7.org/fhir/tools/StructureDefinition/ig-page-name"><valueUrl value="StructureDefinition-SzLabTest.html"/></extension><nameUrl value="StructureDefinition-SzLabTest.html"/><title value="Eswatini Lab Test Profile"/><generation value="generated"/></page><page><extension url="http://hl7.org/fhir/tools/StructureDefinition/ig-page-name"><valueUrl value="StructureDefinition-SzLocation.html"/></extension><nameUrl value="StructureDefinition-SzLocation.html"/><title value="Eswatini Location Profile"/><generation value="generated"/></page><page><extension url="http://hl7.org/fhir/tools/StructureDefinition/ig-page-name"><valueUrl value="StructureDefinition-SzMedication.html"/></extension><nameUrl value="StructureDefinition-SzMedication.html"/><title value="Eswatini Medication Profile"/><generation value="generated"/></page><page><extension url="http://hl7.org/fhir/tools/StructureDefinition/ig-page-name"><valueUrl value="StructureDefinition-SzMedicationDispense.html"/></extension><nameUrl value="StructureDefinition-SzMedicationDispense.html"/><title value="Eswatini Medication Request Profile"/><generation value="generated"/></page><page><extension url="http://hl7.org/fhir/tools/StructureDefinition/ig-page-name"><valueUrl value="StructureDefinition-SzMedicationRequest.html"/></extension><nameUrl value="StructureDefinition-SzMedicationRequest.html"/><title value="Eswatini Medication Request Profile"/><generation value="generated"/></page><page><extension url="http://hl7.org/fhir/tools/StructureDefinition/ig-page-name"><valueUrl value="StructureDefinition-SzOrganization.html"/></extension><nameUrl value="StructureDefinition-SzOrganization.html"/><title value="Eswatini Organization Profile"/><generation value="generated"/></page><page><extension url="http://hl7.org/fhir/tools/StructureDefinition/ig-page-name"><valueUrl value="StructureDefinition-SzPatient.html"/></extension><nameUrl value="StructureDefinition-SzPatient.html"/><title value="Eswatini Patient Profile"/><generation value="generated"/></page><page><extension url="http://hl7.org/fhir/tools/StructureDefinition/ig-page-name"><valueUrl value="StructureDefinition-SzPractitioner.html"/></extension><nameUrl value="StructureDefinition-SzPractitioner.html"/><title value="Eswatini Practitioner Profile"/><generation value="generated"/></page><page><extension url="http://hl7.org/fhir/tools/StructureDefinition/ig-page-name"><valueUrl value="StructureDefinition-SzProcedure.html"/></extension><nameUrl value="StructureDefinition-SzProcedure.html"/><title value="Eswatini Procedure Profile"/><generation value="generated"/></page><page><extension url="http://hl7.org/fhir/tools/StructureDefinition/ig-page-name"><valueUrl value="StructureDefinition-SzLabSpecimen.html"/></extension><nameUrl value="StructureDefinition-SzLabSpecimen.html"/><title value="Eswatini Specimen Profile"/><generation value="generated"/></page><page><extension url="http://hl7.org/fhir/tools/StructureDefinition/ig-page-name"><valueUrl value="StructureDefinition-SzVitalSigns.html"/></extension><nameUrl value="StructureDefinition-SzVitalSigns.html"/><title value="Eswatini Vital Signs Profile"/><generation value="generated"/></page><page><extension url="http://hl7.org/fhir/tools/StructureDefinition/ig-page-name"><valueUrl value="StructureDefinition-SzChiefdomExtension.html"/></extension><nameUrl value="StructureDefinition-SzChiefdomExtension.html"/><title value="Extention: Eswatini Chiefdom"/><generation value="generated"/></page><page><extension url="http://hl7.org/fhir/tools/StructureDefinition/ig-page-name"><valueUrl value="StructureDefinition-SzInkhundlaExtension.html"/></extension><nameUrl value="StructureDefinition-SzInkhundlaExtension.html"/><title value="Extention: Eswatini Inkhundla"/><generation value="generated"/></page><page><extension url="http://hl7.org/fhir/tools/StructureDefinition/ig-page-name"><valueUrl value="StructureDefinition-SzAuthorizerExtension.html"/></extension><nameUrl value="StructureDefinition-SzAuthorizerExtension.html"/><title value="Extention: Eswatini Lab Result Authorizer"/><generation value="generated"/></page><page><extension url="http://hl7.org/fhir/tools/StructureDefinition/ig-page-name"><valueUrl value="StructureDefinition-SzLocationCodeExtension.html"/></extension><nameUrl value="StructureDefinition-SzLocationCodeExtension.html"/><title value="Extention: Eswatini Location Code"/><generation value="generated"/></page><page><extension url="http://hl7.org/fhir/tools/StructureDefinition/ig-page-name"><valueUrl value="StructureDefinition-SzTestingLabExtension.html"/></extension><nameUrl value="StructureDefinition-SzTestingLabExtension.html"/><title value="Extention: Eswatini Testing Laboratory"/><generation value="generated"/></page><page><extension url="http://hl7.org/fhir/tools/StructureDefinition/ig-page-name"><valueUrl value="ValueSet-SzChiefdomVS.html"/></extension><nameUrl value="ValueSet-SzChiefdomVS.html"/><title value="Value Set: Chiefdoms Value Set"/><generation value="generated"/></page><page><extension url="http://hl7.org/fhir/tools/StructureDefinition/ig-page-name"><valueUrl value="ValueSet-SzEncounterClassificationVS.html"/></extension><nameUrl value="ValueSet-SzEncounterClassificationVS.html"/><title value="Value Set: Encounter Classification"/><generation value="generated"/></page><page><extension url="http://hl7.org/fhir/tools/StructureDefinition/ig-page-name"><valueUrl value="ValueSet-SzTestParameterCodeVS.html"/></extension><nameUrl value="ValueSet-SzTestParameterCodeVS.html"/><title value="Value Set: Eswatini Local Test Parameter Codes"/><generation value="generated"/></page><page><extension url="http://hl7.org/fhir/tools/StructureDefinition/ig-page-name"><valueUrl value="ValueSet-SzServicePointVS.html"/></extension><nameUrl value="ValueSet-SzServicePointVS.html"/><title value="Value set: Eswatini Service Points"/><generation value="generated"/></page><page><extension url="http://hl7.org/fhir/tools/StructureDefinition/ig-page-name"><valueUrl value="ValueSet-CIE10VS.html"/></extension><nameUrl value="ValueSet-CIE10VS.html"/><title value="Value Set: ICD10"/><generation value="generated"/></page><page><extension url="http://hl7.org/fhir/tools/StructureDefinition/ig-page-name"><valueUrl value="ValueSet-SzTestCodeVS.html"/></extension><nameUrl value="ValueSet-SzTestCodeVS.html"/><title value="Value Set: Local Test Codes"/><generation value="generated"/></page><page><extension url="http://hl7.org/fhir/tools/StructureDefinition/ig-page-name"><valueUrl value="ValueSet-PersonIdentifiersVS.html"/></extension><nameUrl value="ValueSet-PersonIdentifiersVS.html"/><title value="Value Set: Person Identifier"/><generation value="generated"/></page><page><extension url="http://hl7.org/fhir/tools/StructureDefinition/ig-page-name"><valueUrl value="ValueSet-SzProductCodeVS.html"/></extension><nameUrl value="ValueSet-SzProductCodeVS.html"/><title value="Value Set: Product Code Value Set"/><generation value="generated"/></page><page><extension url="http://hl7.org/fhir/tools/StructureDefinition/ig-page-name"><valueUrl value="ValueSet-SzTinkhundlaVS.html"/></extension><nameUrl value="ValueSet-SzTinkhundlaVS.html"/><title value="Value Set: Tinkhundla"/><generation value="generated"/></page><page><extension url="http://hl7.org/fhir/tools/StructureDefinition/ig-page-name"><valueUrl value="CodeSystem-SzEncounterClassificationCS.html"/></extension><nameUrl value="CodeSystem-SzEncounterClassificationCS.html"/><title value="Code System: Encounter Classification"/><generation value="generated"/></page><page><extension url="http://hl7.org/fhir/tools/StructureDefinition/ig-page-name"><valueUrl value="CodeSystem-SzChiefdomCS.html"/></extension><nameUrl value="CodeSystem-SzChiefdomCS.html"/><title value="Code System: Eswatini Chiefdoms"/><generation value="generated"/></page><page><extension url="http://hl7.org/fhir/tools/StructureDefinition/ig-page-name"><valueUrl value="CodeSystem-SzTestCodeCS.html"/></extension><nameUrl value="CodeSystem-SzTestCodeCS.html"/><title value="Code System: Eswatini Local Test Codes"/><generation value="generated"/></page><page><extension url="http://hl7.org/fhir/tools/StructureDefinition/ig-page-name"><valueUrl value="CodeSystem-SzTestParameterCodeCS.html"/></extension><nameUrl value="CodeSystem-SzTestParameterCodeCS.html"/><title value="Code System: Eswatini Local Test Parameter Codes"/><generation value="generated"/></page><page><extension url="http://hl7.org/fhir/tools/StructureDefinition/ig-page-name"><valueUrl value="CodeSystem-SzProductCodeCS.html"/></extension><nameUrl value="CodeSystem-SzProductCodeCS.html"/><title value="Code System: Eswatini Product Codes"/><generation value="generated"/></page><page><extension url="http://hl7.org/fhir/tools/StructureDefinition/ig-page-name"><valueUrl value="CodeSystem-SzServicePointCS.html"/></extension><nameUrl value="CodeSystem-SzServicePointCS.html"/><title value="Code System: Eswatini Service Points"/><generation value="generated"/></page><page><extension url="http://hl7.org/fhir/tools/StructureDefinition/ig-page-name"><valueUrl value="CodeSystem-SzTinkhundlaCS.html"/></extension><nameUrl value="CodeSystem-SzTinkhundlaCS.html"/><title value="Code System: Eswatini Tinkhundla"/><generation value="generated"/></page><page><extension url="http://hl7.org/fhir/tools/StructureDefinition/ig-page-name"><valueUrl value="CodeSystem-SzPersonIdentificationsCS.html"/></extension><nameUrl value="CodeSystem-SzPersonIdentificationsCS.html"/><title value="Code System: Person Identification Types"/><generation value="generated"/></page><page><extension url="http://hl7.org/fhir/tools/StructureDefinition/ig-page-name"><valueUrl value="NamingSystem-NamingSystemCbhis.html"/></extension><nameUrl value="NamingSystem-NamingSystemCbhis.html"/><title value="NamingSystemCbhis"/><generation value="generated"/></page><page><extension url="http://hl7.org/fhir/tools/StructureDefinition/ig-page-name"><valueUrl value="NamingSystem-NamingSystemCivilRegistry.html"/></extension><nameUrl value="NamingSystem-NamingSystemCivilRegistry.html"/><title value="NamingSystemCivilRegistry"/><generation value="generated"/></page><page><extension url="http://hl7.org/fhir/tools/StructureDefinition/ig-page-name"><valueUrl value="NamingSystem-NamingSystemCmis.html"/></extension><nameUrl value="NamingSystem-NamingSystemCmis.html"/><title value="NamingSystemCmis"/><generation value="generated"/></page><page><extension url="http://hl7.org/fhir/tools/StructureDefinition/ig-page-name"><valueUrl value="NamingSystem-NamingSystemMsds.html"/></extension><nameUrl value="NamingSystem-NamingSystemMsds.html"/><title value="NamingSystemMsds"/><generation value="generated"/></page><page><extension url="http://hl7.org/fhir/tools/StructureDefinition/ig-page-name"><valueUrl value="Patient-SampleSzPatient.html"/></extension><nameUrl value="Patient-SampleSzPatient.html"/><title value="Sample Eswatini Patient"/><generation value="generated"/></page><page><extension url="http://hl7.org/fhir/tools/StructureDefinition/ig-page-name"><valueUrl value="Practitioner-SampleSzPharmacyPractitioner.html"/></extension><nameUrl value="Practitioner-SampleSzPharmacyPractitioner.html"/><title value="Sample Pharmacy Practitioner"/><generation value="generated"/></page><page><extension url="http://hl7.org/fhir/tools/StructureDefinition/ig-page-name"><valueUrl value="Practitioner-SampleSzPractitioner.html"/></extension><nameUrl value="Practitioner-SampleSzPractitioner.html"/><title value="Sample SzPractitioner"/><generation value="generated"/></page><page><extension url="http://hl7.org/fhir/tools/StructureDefinition/ig-page-name"><valueUrl value="Appointment-SampleSzAppointment.html"/></extension><nameUrl value="Appointment-SampleSzAppointment.html"/><title value="SampleSzAppointment"/><generation value="generated"/></page><page><extension url="http://hl7.org/fhir/tools/StructureDefinition/ig-page-name"><valueUrl value="Observation-SampleSzARTStartDateClinicalObservation.html"/></extension><nameUrl value="Observation-SampleSzARTStartDateClinicalObservation.html"/><title value="SampleSzARTStartDateClinicalObservation"/><generation value="generated"/></page><page><extension url="http://hl7.org/fhir/tools/StructureDefinition/ig-page-name"><valueUrl value="Bundle-SampleSzBundle.html"/></extension><nameUrl value="Bundle-SampleSzBundle.html"/><title value="SampleSzBundle"/><generation value="generated"/></page><page><extension url="http://hl7.org/fhir/tools/StructureDefinition/ig-page-name"><valueUrl value="Bundle-SampleSzBundle1.html"/></extension><nameUrl value="Bundle-SampleSzBundle1.html"/><title value="SampleSzBundle1"/><generation value="generated"/></page><page><extension url="http://hl7.org/fhir/tools/StructureDefinition/ig-page-name"><valueUrl value="Encounter-SampleSzEncounter.html"/></extension><nameUrl value="Encounter-SampleSzEncounter.html"/><title value="SampleSzEncounter"/><generation value="generated"/></page><page><extension url="http://hl7.org/fhir/tools/StructureDefinition/ig-page-name"><valueUrl value="Procedure-SampleSzIPTProcedure.html"/></extension><nameUrl value="Procedure-SampleSzIPTProcedure.html"/><title value="SampleSzIPTProcedure"/><generation value="generated"/></page><page><extension url="http://hl7.org/fhir/tools/StructureDefinition/ig-page-name"><valueUrl value="Location-SampleSzLabLocation.html"/></extension><nameUrl value="Location-SampleSzLabLocation.html"/><title value="SampleSzLabLocation"/><generation value="generated"/></page><page><extension url="http://hl7.org/fhir/tools/StructureDefinition/ig-page-name"><valueUrl value="Observation-SampleSzLabResult1.html"/></extension><nameUrl value="Observation-SampleSzLabResult1.html"/><title value="SampleSzLabResult1"/><generation value="generated"/></page><page><extension url="http://hl7.org/fhir/tools/StructureDefinition/ig-page-name"><valueUrl value="DiagnosticReport-SampleSzLabTest.html"/></extension><nameUrl value="DiagnosticReport-SampleSzLabTest.html"/><title value="SampleSzLabTest"/><generation value="generated"/></page><page><extension url="http://hl7.org/fhir/tools/StructureDefinition/ig-page-name"><valueUrl value="Location-SampleSzLocation.html"/></extension><nameUrl value="Location-SampleSzLocation.html"/><title value="SampleSzLocation"/><generation value="generated"/></page><page><extension url="http://hl7.org/fhir/tools/StructureDefinition/ig-page-name"><valueUrl value="Bundle-SampleSzMalariaBundle.html"/></extension><nameUrl value="Bundle-SampleSzMalariaBundle.html"/><title value="SampleSzMalariaBundle"/><generation value="generated"/></page><page><extension url="http://hl7.org/fhir/tools/StructureDefinition/ig-page-name"><valueUrl value="Condition-SampleSzMalariaCondition-001.html"/></extension><nameUrl value="Condition-SampleSzMalariaCondition-001.html"/><title value="SampleSzMalariaCondition-001"/><generation value="generated"/></page><page><extension url="http://hl7.org/fhir/tools/StructureDefinition/ig-page-name"><valueUrl value="Encounter-SampleSzMalariaEncounter.html"/></extension><nameUrl value="Encounter-SampleSzMalariaEncounter.html"/><title value="SampleSzMalariaEncounter"/><generation value="generated"/></page><page><extension url="http://hl7.org/fhir/tools/StructureDefinition/ig-page-name"><valueUrl value="Observation-SampleSzMalariaLabResult.html"/></extension><nameUrl value="Observation-SampleSzMalariaLabResult.html"/><title value="SampleSzMalariaLabResult"/><generation value="generated"/></page><page><extension url="http://hl7.org/fhir/tools/StructureDefinition/ig-page-name"><valueUrl value="DiagnosticReport-SampleSzMalariaLabTest.html"/></extension><nameUrl value="DiagnosticReport-SampleSzMalariaLabTest.html"/><title value="SampleSzMalariaLabTest"/><generation value="generated"/></page><page><extension url="http://hl7.org/fhir/tools/StructureDefinition/ig-page-name"><valueUrl value="MedicationDispense-SampleSzMalariaMedicalDispense.html"/></extension><nameUrl value="MedicationDispense-SampleSzMalariaMedicalDispense.html"/><title value="SampleSzMalariaMedicalDispense"/><generation value="generated"/></page><page><extension url="http://hl7.org/fhir/tools/StructureDefinition/ig-page-name"><valueUrl value="MedicationRequest-SampleSzMalariaMedicationRequest.html"/></extension><nameUrl value="MedicationRequest-SampleSzMalariaMedicationRequest.html"/><title value="SampleSzMalariaMedicationRequest"/><generation value="generated"/></page><page><extension url="http://hl7.org/fhir/tools/StructureDefinition/ig-page-name"><valueUrl value="Patient-SampleSzMalariaPatient.html"/></extension><nameUrl value="Patient-SampleSzMalariaPatient.html"/><title value="SampleSzMalariaPatient"/><generation value="generated"/></page><page><extension url="http://hl7.org/fhir/tools/StructureDefinition/ig-page-name"><valueUrl value="Specimen-SampleSzMalariaSpecimen.html"/></extension><nameUrl value="Specimen-SampleSzMalariaSpecimen.html"/><title value="SampleSzMalariaSpecimen"/><generation value="generated"/></page><page><extension url="http://hl7.org/fhir/tools/StructureDefinition/ig-page-name"><valueUrl value="Observation-SampleSzMalariaTravelHistory.html"/></extension><nameUrl value="Observation-SampleSzMalariaTravelHistory.html"/><title value="SampleSzMalariaTravelHistory"/><generation value="generated"/></page><page><extension url="http://hl7.org/fhir/tools/StructureDefinition/ig-page-name"><valueUrl value="MedicationDispense-SampleSzMedicalDispense.html"/></extension><nameUrl value="MedicationDispense-SampleSzMedicalDispense.html"/><title value="SampleSzMedicalDispense"/><generation value="generated"/></page><page><extension url="http://hl7.org/fhir/tools/StructureDefinition/ig-page-name"><valueUrl value="Medication-SampleSzMedication.html"/></extension><nameUrl value="Medication-SampleSzMedication.html"/><title value="SampleSzMedication"/><generation value="generated"/></page><page><extension url="http://hl7.org/fhir/tools/StructureDefinition/ig-page-name"><valueUrl value="MedicationRequest-SampleSzMedicationRequest.html"/></extension><nameUrl value="MedicationRequest-SampleSzMedicationRequest.html"/><title value="SampleSzMedicationRequest"/><generation value="generated"/></page><page><extension url="http://hl7.org/fhir/tools/StructureDefinition/ig-page-name"><valueUrl value="Specimen-SampleSzSpecimen.html"/></extension><nameUrl value="Specimen-SampleSzSpecimen.html"/><title value="SampleSzSpecimen"/><generation value="generated"/></page><page><extension url="http://hl7.org/fhir/tools/StructureDefinition/ig-page-name"><valueUrl value="Observation-SampleVitalsBodyMassIndex.html"/></extension><nameUrl value="Observation-SampleVitalsBodyMassIndex.html"/><title value="SampleVitalsBodyMassIndex"/><generation value="generated"/></page><page><extension url="http://hl7.org/fhir/tools/StructureDefinition/ig-page-name"><valueUrl value="Observation-SampleVitalsHeight.html"/></extension><nameUrl value="Observation-SampleVitalsHeight.html"/><title value="SampleVitalsHeight"/><generation value="generated"/></page><page><extension url="http://hl7.org/fhir/tools/StructureDefinition/ig-page-name"><valueUrl value="Observation-SampleVitalsRespiratoryRate.html"/></extension><nameUrl value="Observation-SampleVitalsRespiratoryRate.html"/><title value="SampleVitalsRespiratoryRate"/><generation value="generated"/></page><page><extension url="http://hl7.org/fhir/tools/StructureDefinition/ig-page-name"><valueUrl value="Observation-SampleVitalsTemperature.html"/></extension><nameUrl value="Observation-SampleVitalsTemperature.html"/><title value="SampleVitalsTemperature"/><generation value="generated"/></page><page><extension url="http://hl7.org/fhir/tools/StructureDefinition/ig-page-name"><valueUrl value="Observation-SampleVitalsWeight.html"/></extension><nameUrl value="Observation-SampleVitalsWeight.html"/><title value="SampleVitalsWeight"/><generation value="generated"/></page></page></page><parameter><code value="path-resource"/><value value="input/capabilities"/></parameter><parameter><code value="path-resource"/><value value="input/examples"/></parameter><parameter><code value="path-resource"/><value value="input/extensions"/></parameter><parameter><code value="path-resource"/><value value="input/models"/></parameter><parameter><code value="path-resource"/><value value="input/operations"/></parameter><parameter><code value="path-resource"/><value value="input/profiles"/></parameter><parameter><code value="path-resource"/><value value="input/resources"/></parameter><parameter><code value="path-resource"/><value value="input/vocabulary"/></parameter><parameter><code value="path-resource"/><value value="input/maps"/></parameter><parameter><code value="path-resource"/><value value="input/testing"/></parameter><parameter><code value="path-resource"/><value value="input/history"/></parameter><parameter><code value="path-resource"/><value value="fsh-generated/resources"/></parameter><parameter><code value="path-pages"/><value value="template/config"/></parameter><parameter><code value="path-pages"/><value value="input/images"/></parameter><parameter><code value="path-tx-cache"/><value value="input-cache/txcache"/></parameter></definition></ImplementationGuide>