<?xml version="1.0" encoding="UTF-8"?><ValueSet xmlns="http://hl7.org/fhir"><id value="SzEpisodeOfCareTypeVS"/><text><status value="generated"/><div xmlns="http://www.w3.org/1999/xhtml"><p class="res-header-id"><b>Generated Narrative: ValueSet SzEpisodeOfCareTypeVS</b></p><a name="SzEpisodeOfCareTypeVS"> </a><a name="hcSzEpisodeOfCareTypeVS"> </a><p>This value set includes codes based on the following rules:</p><ul><li>Include all codes defined in <a href="http://terminology.hl7.org/5.5.0/CodeSystem-episodeofcare-type.html"><code>http://terminology.hl7.org/CodeSystem/episodeofcare-type</code></a></li><li>Include all codes defined in <a href="CodeSystem-SzEpisodeOfCareTypeCS.html"><code>http://172.209.216.154:3447/fhir/CodeSystem/SzEpisodeOfCareTypeCS</code></a></li></ul></div></text><url value="http://172.209.216.154:3447/fhir/ValueSet/SzEpisodeOfCareTypeVS"/><version value="0.1.0"/><name value="SzEpisodeOfCareTypeVS"/><title value="Eswatini Episode of Care Valueset"/><status value="draft"/><date value="2025-09-10T08:40:27+00:00"/><publisher value="Ministry of Health Eswatini"/><contact><name value="Ministry of Health Eswatini"/><telecom><system value="url"/><value value="https://172.209.216.154:3447"/></telecom><telecom><system value="email"/><value value="eswatinihie@moh.gov.sz"/></telecom></contact><description value="Eswatini Episode of Care Valueset"/><compose><include><system value="http://terminology.hl7.org/CodeSystem/episodeofcare-type"/></include><include><system value="http://172.209.216.154:3447/fhir/CodeSystem/SzEpisodeOfCareTypeCS"/></include></compose></ValueSet>