<?xml version="1.0" encoding="UTF-8"?><ValueSet xmlns="http://hl7.org/fhir"><id value="SzProductCodeVS"/><text><status value="generated"/><div xmlns="http://www.w3.org/1999/xhtml"><p class="res-header-id"><b>Generated Narrative: ValueSet SzProductCodeVS</b></p><a name="SzProductCodeVS"> </a><a name="hcSzProductCodeVS"> </a><ul><li>Include all codes defined in <a href="CodeSystem-SzProductCodeCS.html"><code>http://172.209.216.154:3447/fhir/CodeSystem/SzProductCodeCS</code></a></li></ul></div></text><url value="http://172.209.216.154:3447/fhir/ValueSet/SzProductCodeVS"/><version value="0.1.0"/><name value="SzProductCodeVS"/><title value="Value Set: Product Code Value Set"/><status value="draft"/><date value="2025-09-10T10:05:20+00:00"/><publisher value="Ministry of Health Eswatini"/><contact><name value="Ministry of Health Eswatini"/><telecom><system value="url"/><value value="https://172.209.216.154:3447"/></telecom><telecom><system value="email"/><value value="eswatinihie@moh.gov.sz"/></telecom></contact><description value="Value set for ESwatini Product Codes"/><compose><include><system value="http://172.209.216.154:3447/fhir/CodeSystem/SzProductCodeCS"/></include></compose></ValueSet>