<?xml version="1.0" encoding="UTF-8"?><ValueSet xmlns="http://hl7.org/fhir"><id value="SzReferralTypeVS"/><text><status value="generated"/><div xmlns="http://www.w3.org/1999/xhtml"><p class="res-header-id"><b>Generated Narrative: ValueSet SzReferralTypeVS</b></p><a name="SzReferralTypeVS"> </a><a name="hcSzReferralTypeVS"> </a><ul><li>Include all codes defined in <a href="CodeSystem-SzReferralTypeCS.html"><code>http://172.209.216.154:3447/fhir/CodeSystem/SzReferralTypeCS</code></a></li></ul></div></text><url value="http://172.209.216.154:3447/fhir/ValueSet/SzReferralTypeVS"/><version value="0.1.0"/><name value="SzReferralTypeVS"/><title value="Value Set: Referral Type"/><status value="active"/><experimental value="false"/><date value="2025-09-09T15:13:38+00:00"/><publisher value="Ministry of Health Eswatini"/><contact><name value="Ministry of Health Eswatini"/><telecom><system value="url"/><value value="https://172.209.216.154:3447"/></telecom><telecom><system value="email"/><value value="eswatinihie@moh.gov.sz"/></telecom></contact><description value="Eswatini Referral Types"/><compose><include><system value="http://172.209.216.154:3447/fhir/CodeSystem/SzReferralTypeCS"/></include></compose></ValueSet>