<?xml version="1.0" encoding="UTF-8"?><ValueSet xmlns="http://hl7.org/fhir"><id value="SzTestParameterCodeVS"/><text><status value="generated"/><div xmlns="http://www.w3.org/1999/xhtml"><p class="res-header-id"><b>Generated Narrative: ValueSet SzTestParameterCodeVS</b></p><a name="SzTestParameterCodeVS"> </a><a name="hcSzTestParameterCodeVS"> </a><ul><li>Include all codes defined in <a href="CodeSystem-SzTestParameterCodeCS.html"><code>http://172.209.216.154:3447/fhir/CodeSystem/SzTestParameterCodeCS</code></a></li></ul></div></text><url value="http://172.209.216.154:3447/fhir/ValueSet/SzTestParameterCodeVS"/><version value="0.1.0"/><name value="SzTestParameterCodeVS"/><title value="Value Set: Eswatini Local Test Parameter Codes"/><status value="draft"/><date value="2025-07-14T08:08:58+00:00"/><publisher value="Ministry of Health Eswatini"/><contact><name value="Ministry of Health Eswatini"/><telecom><system value="url"/><value value="https://172.209.216.154:3447"/></telecom><telecom><system value="email"/><value value="eswatinihie@moh.gov.sz"/></telecom></contact><compose><include><system value="http://172.209.216.154:3447/fhir/CodeSystem/SzTestParameterCodeCS"/></include></compose></ValueSet>