<?xml version="1.0" encoding="UTF-8"?><ValueSet xmlns="http://hl7.org/fhir"><id value="SzClinicalObservationCodesVS"/><text><status value="generated"/><div xmlns="http://www.w3.org/1999/xhtml"><p class="res-header-id"><b>Generated Narrative: ValueSet SzClinicalObservationCodesVS</b></p><a name="SzClinicalObservationCodesVS"> </a><a name="hcSzClinicalObservationCodesVS"> </a><p>This value set includes codes based on the following rules:</p><ul><li>Include these codes as defined in <a href="http://www.snomed.org/"><code>http://snomed.info/sct</code></a><table class="none"><tr><td style="white-space:nowrap"><b>Code</b></td><td><b>Display</b></td></tr><tr><td><a href="http://snomed.info/id/278977008">278977008</a></td><td style="color: #cccccc">HIV status</td></tr></table></li><li>Include these codes as defined in <a href="http://loinc.org"><code>http://loinc.org</code></a><table class="none"><tr><td style="white-space:nowrap"><b>Code</b></td><td><b>Display</b></td></tr><tr><td><a href="https://loinc.org/47241-5/">47241-5</a></td><td style="color: #cccccc">Date determined medically eligible and ready to start HIV treatment</td></tr></table></li><li>Include all codes defined in <a href="CodeSystem-SzClinicalObservationCodesCS.html"><code>http://172.209.216.154:3447/fhir/CodeSystem/SzClinicalObservationCodesCS</code></a></li></ul></div></text><url value="http://172.209.216.154:3447/fhir/ValueSet/SzClinicalObservationCodesVS"/><version value="0.1.0"/><name value="EswatiniClinicalObservationCodes"/><title value="Value Set: Clinical Observation Codes Value Set"/><status value="active"/><experimental value="false"/><date value="2025-09-10T08:40:27+00:00"/><publisher value="Ministry of Health Eswatini"/><contact><name value="Ministry of Health Eswatini"/><telecom><system value="url"/><value value="https://172.209.216.154:3447"/></telecom><telecom><system value="email"/><value value="eswatinihie@moh.gov.sz"/></telecom></contact><description value="Includes standard and custom codes that can be used with the Clinical Observation Profile"/><compose><include><system value="http://snomed.info/sct"/><concept><code value="278977008"/></concept></include><include><system value="http://loinc.org"/><concept><code value="47241-5"/></concept></include><include><system value="http://172.209.216.154:3447/fhir/CodeSystem/SzClinicalObservationCodesCS"/></include></compose></ValueSet>