<?xml version="1.0" encoding="UTF-8"?>

<CodeSystem xmlns="http://hl7.org/fhir">
  <id value="SzServicePointCS"/>
  <text>
    <status value="generated"/><div xmlns="http://www.w3.org/1999/xhtml"><p class="res-header-id"><b>Generated Narrative: CodeSystem SzServicePointCS</b></p><a name="SzServicePointCS"> </a><a name="hcSzServicePointCS"> </a><p>This  code system <code>http://172.209.216.154:3447/fhir/CodeSystem/SzServicePointCS</code> defines the following codes:</p><table class="codes"><tr><td style="white-space:nowrap"><b>Code</b></td><td><b>Display</b></td></tr><tr><td style="white-space:nowrap">ART<a name="SzServicePointCS-ART"> </a></td><td>Anti Retroviral Therapy</td></tr><tr><td style="white-space:nowrap">HTS<a name="SzServicePointCS-HTS"> </a></td><td>HIV Testing Services</td></tr><tr><td style="white-space:nowrap">ANC<a name="SzServicePointCS-ANC"> </a></td><td>Ante Natal Care</td></tr><tr><td style="white-space:nowrap">PNC<a name="SzServicePointCS-PNC"> </a></td><td>Post Natal Care</td></tr><tr><td style="white-space:nowrap">FP<a name="SzServicePointCS-FP"> </a></td><td>Family Planning</td></tr></table></div>
  </text>
  <url value="http://172.209.216.154:3447/fhir/CodeSystem/SzServicePointCS"/>
  <version value="0.1.0"/>
  <name value="SzServicePointCS"/>
  <title value="Code System: Eswatini Service Points"/>
  <status value="draft"/>
  <date value="2025-07-16T14:06:30+00:00"/>
  <publisher value="Ministry of Health Eswatini"/>
  <contact>
    <name value="Ministry of Health Eswatini"/>
    <telecom>
      <system value="url"/>
      <value value="https://172.209.216.154:3447"/>
    </telecom>
    <telecom>
      <system value="email"/>
      <value value="eswatinihie@moh.gov.sz"/>
    </telecom>
  </contact>
  <description value="Code System for Eswatini service points"/>
  <content value="complete"/>
  <count value="5"/>
  <concept>
    <code value="ART"/>
    <display value="Anti Retroviral Therapy"/>
  </concept>
  <concept>
    <code value="HTS"/>
    <display value="HIV Testing Services"/>
  </concept>
  <concept>
    <code value="ANC"/>
    <display value="Ante Natal Care"/>
  </concept>
  <concept>
    <code value="PNC"/>
    <display value="Post Natal Care"/>
  </concept>
  <concept>
    <code value="FP"/>
    <display value="Family Planning"/>
  </concept>
</CodeSystem>