<?xml version="1.0" encoding="UTF-8"?>

<CodeSystem xmlns="http://hl7.org/fhir">
  <id value="SzTinkhundlaCS"/>
  <text>
    <status value="generated"/><div xmlns="http://www.w3.org/1999/xhtml"><p class="res-header-id"><b>Generated Narrative: CodeSystem SzTinkhundlaCS</b></p><a name="SzTinkhundlaCS"> </a><a name="hcSzTinkhundlaCS"> </a><p>This  code system <code>http://172.209.216.154:3447/fhir/CodeSystem/SzTinkhundlaCS</code> defines the following codes:</p><table class="codes"><tr><td style="white-space:nowrap"><b>Code</b></td><td><b>Display</b></td></tr><tr><td style="white-space:nowrap">-99<a name="SzTinkhundlaCS--99"> </a></td><td>Unspecified</td></tr><tr><td style="white-space:nowrap">2<a name="SzTinkhundlaCS-2"> </a></td><td>HHUKWINI</td></tr><tr><td style="white-space:nowrap">3<a name="SzTinkhundlaCS-3"> </a></td><td>LOBAMBA</td></tr><tr><td style="white-space:nowrap">4<a name="SzTinkhundlaCS-4"> </a></td><td>MADLANGEMPISI</td></tr><tr><td style="white-space:nowrap">5<a name="SzTinkhundlaCS-5"> </a></td><td>MAPHALALENI</td></tr><tr><td style="white-space:nowrap">6<a name="SzTinkhundlaCS-6"> </a></td><td>MAYIWANE</td></tr><tr><td style="white-space:nowrap">7<a name="SzTinkhundlaCS-7"> </a></td><td>MBABANE EAST</td></tr><tr><td style="white-space:nowrap">8<a name="SzTinkhundlaCS-8"> </a></td><td>MBABANE WEST</td></tr><tr><td style="white-space:nowrap">9<a name="SzTinkhundlaCS-9"> </a></td><td>MHLANGATANE</td></tr><tr><td style="white-space:nowrap">10<a name="SzTinkhundlaCS-10"> </a></td><td>NDZINGENI</td></tr><tr><td style="white-space:nowrap">11<a name="SzTinkhundlaCS-11"> </a></td><td>NKHABA</td></tr><tr><td style="white-space:nowrap">12<a name="SzTinkhundlaCS-12"> </a></td><td>NTFONJENI</td></tr><tr><td style="white-space:nowrap">13<a name="SzTinkhundlaCS-13"> </a></td><td>PIGGS PEAK</td></tr><tr><td style="white-space:nowrap">14<a name="SzTinkhundlaCS-14"> </a></td><td>SIPHOCOSINI</td></tr><tr><td style="white-space:nowrap">15<a name="SzTinkhundlaCS-15"> </a></td><td>TIMPHISINI</td></tr><tr><td style="white-space:nowrap">16<a name="SzTinkhundlaCS-16"> </a></td><td>DVOKODVWENI</td></tr><tr><td style="white-space:nowrap">17<a name="SzTinkhundlaCS-17"> </a></td><td>GILGALI</td></tr><tr><td style="white-space:nowrap">18<a name="SzTinkhundlaCS-18"> </a></td><td>LOMAHASHA</td></tr><tr><td style="white-space:nowrap">19<a name="SzTinkhundlaCS-19"> </a></td><td>LUBULI</td></tr><tr><td style="white-space:nowrap">20<a name="SzTinkhundlaCS-20"> </a></td><td>LUGONGOLWENI</td></tr><tr><td style="white-space:nowrap">21<a name="SzTinkhundlaCS-21"> </a></td><td>MATSANJENI NORTH</td></tr><tr><td style="white-space:nowrap">22<a name="SzTinkhundlaCS-22"> </a></td><td>MHLUME</td></tr><tr><td style="white-space:nowrap">23<a name="SzTinkhundlaCS-23"> </a></td><td>MPOLONJENI</td></tr><tr><td style="white-space:nowrap">24<a name="SzTinkhundlaCS-24"> </a></td><td>NKILONGO</td></tr><tr><td style="white-space:nowrap">25<a name="SzTinkhundlaCS-25"> </a></td><td>SIPHOFANENI</td></tr><tr><td style="white-space:nowrap">26<a name="SzTinkhundlaCS-26"> </a></td><td>SITHOBELA</td></tr><tr><td style="white-space:nowrap">27<a name="SzTinkhundlaCS-27"> </a></td><td>KUKHANYENI</td></tr><tr><td style="white-space:nowrap">28<a name="SzTinkhundlaCS-28"> </a></td><td>KWALUSENI</td></tr><tr><td style="white-space:nowrap">29<a name="SzTinkhundlaCS-29"> </a></td><td>LAMGABHI</td></tr><tr><td style="white-space:nowrap">30<a name="SzTinkhundlaCS-30"> </a></td><td>LOBAMBA LOMDZALA</td></tr><tr><td style="white-space:nowrap">31<a name="SzTinkhundlaCS-31"> </a></td><td>LUDZELUDZE</td></tr><tr><td style="white-space:nowrap">32<a name="SzTinkhundlaCS-32"> </a></td><td>MAFUTSENI</td></tr><tr><td style="white-space:nowrap">33<a name="SzTinkhundlaCS-33"> </a></td><td>MAHLANGATSHA</td></tr><tr><td style="white-space:nowrap">34<a name="SzTinkhundlaCS-34"> </a></td><td>MANGCONGCO</td></tr><tr><td style="white-space:nowrap">35<a name="SzTinkhundlaCS-35"> </a></td><td>MANZINI NORTH</td></tr><tr><td style="white-space:nowrap">36<a name="SzTinkhundlaCS-36"> </a></td><td>MANZINI SOUTH</td></tr><tr><td style="white-space:nowrap">37<a name="SzTinkhundlaCS-37"> </a></td><td>MHLAMBANYATSI</td></tr><tr><td style="white-space:nowrap">38<a name="SzTinkhundlaCS-38"> </a></td><td>MKHIWENI</td></tr><tr><td style="white-space:nowrap">39<a name="SzTinkhundlaCS-39"> </a></td><td>MTFONGWANENI</td></tr><tr><td style="white-space:nowrap">40<a name="SzTinkhundlaCS-40"> </a></td><td>NGWEMPISI</td></tr><tr><td style="white-space:nowrap">41<a name="SzTinkhundlaCS-41"> </a></td><td>NHLAMBENI</td></tr><tr><td style="white-space:nowrap">42<a name="SzTinkhundlaCS-42"> </a></td><td>NKOMIYAHLABA</td></tr><tr><td style="white-space:nowrap">43<a name="SzTinkhundlaCS-43"> </a></td><td>NTONDOZI</td></tr><tr><td style="white-space:nowrap">44<a name="SzTinkhundlaCS-44"> </a></td><td>PHONDO</td></tr><tr><td style="white-space:nowrap">45<a name="SzTinkhundlaCS-45"> </a></td><td>GEGE</td></tr><tr><td style="white-space:nowrap">46<a name="SzTinkhundlaCS-46"> </a></td><td>HOSEA</td></tr><tr><td style="white-space:nowrap">47<a name="SzTinkhundlaCS-47"> </a></td><td>KUBUTA</td></tr><tr><td style="white-space:nowrap">48<a name="SzTinkhundlaCS-48"> </a></td><td>KUMETHULA</td></tr><tr><td style="white-space:nowrap">49<a name="SzTinkhundlaCS-49"> </a></td><td>MASEYISINI</td></tr><tr><td style="white-space:nowrap">50<a name="SzTinkhundlaCS-50"> </a></td><td>MATSANJENI SOUTH</td></tr><tr><td style="white-space:nowrap">51<a name="SzTinkhundlaCS-51"> </a></td><td>MTSAMBAMA</td></tr><tr><td style="white-space:nowrap">52<a name="SzTinkhundlaCS-52"> </a></td><td>NGUDZENI</td></tr><tr><td style="white-space:nowrap">53<a name="SzTinkhundlaCS-53"> </a></td><td>NKWENE</td></tr><tr><td style="white-space:nowrap">54<a name="SzTinkhundlaCS-54"> </a></td><td>SANDLENI</td></tr><tr><td style="white-space:nowrap">55<a name="SzTinkhundlaCS-55"> </a></td><td>SHISELWENI I</td></tr><tr><td style="white-space:nowrap">56<a name="SzTinkhundlaCS-56"> </a></td><td>SHISELWENI II</td></tr><tr><td style="white-space:nowrap">57<a name="SzTinkhundlaCS-57"> </a></td><td>SIGWE</td></tr><tr><td style="white-space:nowrap">58<a name="SzTinkhundlaCS-58"> </a></td><td>SOMNTONGO</td></tr><tr><td style="white-space:nowrap">59<a name="SzTinkhundlaCS-59"> </a></td><td>ZOMBODZE EMUVA</td></tr><tr><td style="white-space:nowrap">60<a name="SzTinkhundlaCS-60"> </a></td><td>MOTSHANE</td></tr></table></div>
  </text>
  <url value="http://172.209.216.154:3447/fhir/CodeSystem/SzTinkhundlaCS"/>
  <version value="0.1.0"/>
  <name value="EswatiniTinkhundla"/>
  <title value="Code System: Eswatini Tinkhundla"/>
  <status value="active"/>
  <experimental value="false"/>
  <date value="2025-09-09T15:13:38+00:00"/>
  <publisher value="Ministry of Health Eswatini"/>
  <contact>
    <name value="Ministry of Health Eswatini"/>
    <telecom>
      <system value="url"/>
      <value value="https://172.209.216.154:3447"/>
    </telecom>
    <telecom>
      <system value="email"/>
      <value value="eswatinihie@moh.gov.sz"/>
    </telecom>
  </contact>
  <description value="Code system for Eswatini Tinkhundla"/>
  <content value="complete"/>
  <count value="60"/>
  <concept>
    <code value="-99"/>
    <display value="Unspecified"/>
  </concept>
  <concept>
    <code value="2"/>
    <display value="HHUKWINI"/>
  </concept>
  <concept>
    <code value="3"/>
    <display value="LOBAMBA"/>
  </concept>
  <concept>
    <code value="4"/>
    <display value="MADLANGEMPISI"/>
  </concept>
  <concept>
    <code value="5"/>
    <display value="MAPHALALENI"/>
  </concept>
  <concept>
    <code value="6"/>
    <display value="MAYIWANE"/>
  </concept>
  <concept>
    <code value="7"/>
    <display value="MBABANE EAST"/>
  </concept>
  <concept>
    <code value="8"/>
    <display value="MBABANE WEST"/>
  </concept>
  <concept>
    <code value="9"/>
    <display value="MHLANGATANE"/>
  </concept>
  <concept>
    <code value="10"/>
    <display value="NDZINGENI"/>
  </concept>
  <concept>
    <code value="11"/>
    <display value="NKHABA"/>
  </concept>
  <concept>
    <code value="12"/>
    <display value="NTFONJENI"/>
  </concept>
  <concept>
    <code value="13"/>
    <display value="PIGGS PEAK"/>
  </concept>
  <concept>
    <code value="14"/>
    <display value="SIPHOCOSINI"/>
  </concept>
  <concept>
    <code value="15"/>
    <display value="TIMPHISINI"/>
  </concept>
  <concept>
    <code value="16"/>
    <display value="DVOKODVWENI"/>
  </concept>
  <concept>
    <code value="17"/>
    <display value="GILGALI"/>
  </concept>
  <concept>
    <code value="18"/>
    <display value="LOMAHASHA"/>
  </concept>
  <concept>
    <code value="19"/>
    <display value="LUBULI"/>
  </concept>
  <concept>
    <code value="20"/>
    <display value="LUGONGOLWENI"/>
  </concept>
  <concept>
    <code value="21"/>
    <display value="MATSANJENI NORTH"/>
  </concept>
  <concept>
    <code value="22"/>
    <display value="MHLUME"/>
  </concept>
  <concept>
    <code value="23"/>
    <display value="MPOLONJENI"/>
  </concept>
  <concept>
    <code value="24"/>
    <display value="NKILONGO"/>
  </concept>
  <concept>
    <code value="25"/>
    <display value="SIPHOFANENI"/>
  </concept>
  <concept>
    <code value="26"/>
    <display value="SITHOBELA"/>
  </concept>
  <concept>
    <code value="27"/>
    <display value="KUKHANYENI"/>
  </concept>
  <concept>
    <code value="28"/>
    <display value="KWALUSENI"/>
  </concept>
  <concept>
    <code value="29"/>
    <display value="LAMGABHI"/>
  </concept>
  <concept>
    <code value="30"/>
    <display value="LOBAMBA LOMDZALA"/>
  </concept>
  <concept>
    <code value="31"/>
    <display value="LUDZELUDZE"/>
  </concept>
  <concept>
    <code value="32"/>
    <display value="MAFUTSENI"/>
  </concept>
  <concept>
    <code value="33"/>
    <display value="MAHLANGATSHA"/>
  </concept>
  <concept>
    <code value="34"/>
    <display value="MANGCONGCO"/>
  </concept>
  <concept>
    <code value="35"/>
    <display value="MANZINI NORTH"/>
  </concept>
  <concept>
    <code value="36"/>
    <display value="MANZINI SOUTH"/>
  </concept>
  <concept>
    <code value="37"/>
    <display value="MHLAMBANYATSI"/>
  </concept>
  <concept>
    <code value="38"/>
    <display value="MKHIWENI"/>
  </concept>
  <concept>
    <code value="39"/>
    <display value="MTFONGWANENI"/>
  </concept>
  <concept>
    <code value="40"/>
    <display value="NGWEMPISI"/>
  </concept>
  <concept>
    <code value="41"/>
    <display value="NHLAMBENI"/>
  </concept>
  <concept>
    <code value="42"/>
    <display value="NKOMIYAHLABA"/>
  </concept>
  <concept>
    <code value="43"/>
    <display value="NTONDOZI"/>
  </concept>
  <concept>
    <code value="44"/>
    <display value="PHONDO"/>
  </concept>
  <concept>
    <code value="45"/>
    <display value="GEGE"/>
  </concept>
  <concept>
    <code value="46"/>
    <display value="HOSEA"/>
  </concept>
  <concept>
    <code value="47"/>
    <display value="KUBUTA"/>
  </concept>
  <concept>
    <code value="48"/>
    <display value="KUMETHULA"/>
  </concept>
  <concept>
    <code value="49"/>
    <display value="MASEYISINI"/>
  </concept>
  <concept>
    <code value="50"/>
    <display value="MATSANJENI SOUTH"/>
  </concept>
  <concept>
    <code value="51"/>
    <display value="MTSAMBAMA"/>
  </concept>
  <concept>
    <code value="52"/>
    <display value="NGUDZENI"/>
  </concept>
  <concept>
    <code value="53"/>
    <display value="NKWENE"/>
  </concept>
  <concept>
    <code value="54"/>
    <display value="SANDLENI"/>
  </concept>
  <concept>
    <code value="55"/>
    <display value="SHISELWENI I"/>
  </concept>
  <concept>
    <code value="56"/>
    <display value="SHISELWENI II"/>
  </concept>
  <concept>
    <code value="57"/>
    <display value="SIGWE"/>
  </concept>
  <concept>
    <code value="58"/>
    <display value="SOMNTONGO"/>
  </concept>
  <concept>
    <code value="59"/>
    <display value="ZOMBODZE EMUVA"/>
  </concept>
  <concept>
    <code value="60"/>
    <display value="MOTSHANE"/>
  </concept>
</CodeSystem>