{
  "codeSystems" : [
    {
      "url" : "http://172.209.216.154:3447/fhir/CodeSystem/SzCauseOfDeathSequenceOfConditionsCS",
      "version" : "0.1.0",
      "status" : "draft",
      "name" : "SzCauseOfDeathSequenceOfConditionsCS",
      "title" : "Eswatini Cause of Death sequence of conditions",
      "description" : "Eswatini Cause of Death sequence of conditions"
    },
    {
      "url" : "http://172.209.216.154:3447/fhir/CodeSystem/SzChiefdomCS",
      "version" : "0.1.0",
      "status" : "draft",
      "name" : "SzChiefdomCS",
      "title" : "Code System: Eswatini Chiefdoms",
      "description" : "Code system for ESwatini Chiefdoms"
    },
    {
      "url" : "http://172.209.216.154:3447/fhir/CodeSystem/SzClinicalObservationCodesCS",
      "version" : "0.1.0",
      "status" : "draft",
      "name" : "SzClinicalObservationCodesCS",
      "title" : "Eswatini Clinical Observation Codes Code System",
      "description" : "This Code System includes all elements that cannot be located using currently available terminology services. \nIt is intended to serve as a supplementary resource for concepts or codes that are not present in established terminologies or are not accessible through existing terminology service infrastructures"
    },
    {
      "url" : "http://172.209.216.154:3447/fhir/CodeSystem/SzEncounterClassificationCS",
      "version" : "0.1.0",
      "status" : "active",
      "name" : "EswatiniEncounterClassification",
      "title" : "Code System: Encounter Classification",
      "description" : "Data element that contains the classification of encounters."
    },
    {
      "url" : "http://172.209.216.154:3447/fhir/CodeSystem/SzEpisodeOfCareTypeCS",
      "version" : "0.1.0",
      "status" : "draft",
      "name" : "SzEpisodeOfCareTypeCS",
      "title" : "Eswatini Episode of Care",
      "description" : "Eswatini Episode of Care Type"
    },
    {
      "url" : "http://172.209.216.154:3447/fhir/CodeSystem/SzFacilityServicePointCS",
      "version" : "0.1.0",
      "status" : "draft",
      "name" : "SzFacilityServicePointCS",
      "title" : "Code System: Facility Service Points",
      "description" : "Code System for Facility Service Points"
    },
    {
      "url" : "http://172.209.216.154:3447/fhir/CodeSystem/SzMalariaEncounterCodesCS",
      "version" : "0.1.0",
      "status" : "draft",
      "name" : "SzMalariaEncounterCodesCS",
      "title" : "Eswatini Malaria Encounter Codes",
      "description" : "Eswatini Malaria Encounter Codes"
    },
    {
      "url" : "http://172.209.216.154:3447/fhir/CodeSystem/SzPersonIdentificationsCS",
      "version" : "0.1.0",
      "status" : "draft",
      "name" : "SzPersonIdentificationsCS",
      "title" : "Code System: Person Identification Types",
      "description" : "Data element that contains the name and identification number of a specific person for identity and individualization purposes."
    },
    {
      "url" : "http://172.209.216.154:3447/fhir/CodeSystem/SzProductCodeCS",
      "version" : "0.1.0",
      "status" : "draft",
      "name" : "SzProductCodeCS",
      "title" : "Code System: Eswatini Product Codes",
      "description" : "Code system for ESwatini Product Codes"
    },
    {
      "url" : "http://172.209.216.154:3447/fhir/CodeSystem/SzReasonsForReferralCS",
      "version" : "0.1.0",
      "status" : "active",
      "name" : "EswatiniReasonsForReferrals",
      "title" : "Code System: Eswatini Reasons for Referral",
      "description" : "Data element that contains codes for reasons for referral"
    },
    {
      "url" : "http://172.209.216.154:3447/fhir/CodeSystem/SzReferralIntentCS",
      "version" : "0.1.0",
      "status" : "active",
      "name" : "EswatiniServiceReferralIntent",
      "title" : "Code System: Eswatini Referral Intent",
      "description" : "Data element that contains codes for referral intent"
    },
    {
      "url" : "http://172.209.216.154:3447/fhir/CodeSystem/SzReferralTypeCS",
      "version" : "0.1.0",
      "status" : "active",
      "name" : "EswatiniReferralType",
      "title" : "Code System: Eswatini Referral Type",
      "description" : "Data element that contains codes for referral types"
    },
    {
      "url" : "http://172.209.216.154:3447/fhir/CodeSystem/SzServiceRequestCategoryCS",
      "version" : "0.1.0",
      "status" : "active",
      "name" : "EswatiniServiceRequestCategory",
      "title" : "Code System: Eswatini Service Request Category",
      "description" : "Data element that contains codes for service request categories"
    },
    {
      "url" : "http://172.209.216.154:3447/fhir/CodeSystem/SzTestCodeCS",
      "version" : "0.1.0",
      "status" : "active",
      "name" : "EswatiniTestCodes",
      "title" : "Code System: Eswatini Local Test Codes",
      "description" : "Data element that contains alternate test codes used by the Laboratory Information System to identify laboratory tests."
    },
    {
      "url" : "http://172.209.216.154:3447/fhir/CodeSystem/SzTestParameterCodeCS",
      "version" : "0.1.0",
      "status" : "draft",
      "name" : "SzTestParameterCodeCS",
      "title" : "Code System: Eswatini Local Test Parameter Codes",
      "description" : ""
    },
    {
      "url" : "http://172.209.216.154:3447/fhir/CodeSystem/SzTinkhundlaCS",
      "version" : "0.1.0",
      "status" : "active",
      "name" : "EswatiniTinkhundla",
      "title" : "Code System: Eswatini Tinkhundla",
      "description" : "Code system for Eswatini Tinkhundla"
    }
  ]
}
