{
  "resourceType" : "CodeSystem",
  "id" : "SzReferralIntentCS",
  "text" : {
    "status" : "generated",
    "div" : "<div xmlns=\"http://www.w3.org/1999/xhtml\"><p class=\"res-header-id\"><b>Generated Narrative: CodeSystem SzReferralIntentCS</b></p><a name=\"SzReferralIntentCS\"> </a><a name=\"hcSzReferralIntentCS\"> </a><p>This  code system <code>http://172.209.216.154:3447/fhir/CodeSystem/SzReferralIntentCS</code> defines the following code:</p><table class=\"codes\"><tr><td style=\"white-space:nowrap\"><b>Code</b></td><td><b>Display</b></td></tr><tr><td style=\"white-space:nowrap\">ref<a name=\"SzReferralIntentCS-ref\"> </a></td><td>Referral</td></tr></table></div>"
  },
  "url" : "http://172.209.216.154:3447/fhir/CodeSystem/SzReferralIntentCS",
  "version" : "0.1.0",
  "name" : "EswatiniServiceReferralIntent",
  "title" : "Code System: Eswatini Referral Intent",
  "status" : "active",
  "experimental" : false,
  "date" : "2025-08-01T12:25:19+00:00",
  "publisher" : "Ministry of Health Eswatini",
  "contact" : [{
    "name" : "Ministry of Health Eswatini",
    "telecom" : [{
      "system" : "url",
      "value" : "https://172.209.216.154:3447"
    },
    {
      "system" : "email",
      "value" : "eswatinihie@moh.gov.sz"
    }]
  }],
  "description" : "Data element that contains codes for referral intent",
  "content" : "complete",
  "count" : 1,
  "concept" : [{
    "code" : "ref",
    "display" : "Referral"
  }]
}