{
  "codeSystems" : [
    {
      "url" : "http://172.209.216.154:3447/fhir/CodeSystem/SzChiefdomCS",
      "version" : "0.1.0",
      "status" : "draft",
      "name" : "SzChiefdomCS",
      "title" : "Code System: Eswatini Chiefdoms",
      "description" : "Code system for ESwatini Chiefdoms",
      "uses" : {
      },
      "ValueSet-SzChiefdomVS.html" : "Value Set: Chiefdoms Value Set"
    },
    {
      "url" : "http://172.209.216.154:3447/fhir/CodeSystem/SzClinicalObservationCodesCS",
      "version" : "0.1.0",
      "status" : "draft",
      "name" : "SzClinicalObservationCodesCS",
      "title" : "Eswatini Clinical Observation Codes Code System",
      "description" : "This Code System includes all elements that cannot be located using currently available terminology services. \nIt is intended to serve as a supplementary resource for concepts or codes that are not present in established terminologies or are not accessible through existing terminology service infrastructures",
      "uses" : {
      },
      "ValueSet-SzClinicalObservationCodesVS.html" : "Value Set: Clinical Observation Codes Value Set"
    },
    {
      "url" : "http://172.209.216.154:3447/fhir/CodeSystem/SzEncounterClassificationCS",
      "version" : "0.1.0",
      "status" : "active",
      "name" : "EswatiniEncounterClassification",
      "title" : "Code System: Encounter Classification",
      "description" : "Data element that contains the classification of encounters.",
      "uses" : {
      },
      "ValueSet-SzEncounterClassificationVS.html" : "Value Set: Encounter Classification"
    },
    {
      "url" : "http://172.209.216.154:3447/fhir/CodeSystem/SzEpisodeOfCareTypeCS",
      "version" : "0.1.0",
      "status" : "draft",
      "name" : "SzEpisodeOfCareTypeCS",
      "title" : "Eswatini Episode of Care",
      "description" : "Eswatini Episode of Care Type",
      "uses" : {
      },
      "ValueSet-SzEpisodeOfCareTypeVS.html" : "Eswatini Episode of Care Valueset"
    },
    {
      "url" : "http://172.209.216.154:3447/fhir/CodeSystem/SzFacilityServicePointCS",
      "version" : "0.1.0",
      "status" : "draft",
      "name" : "SzFacilityServicePointCS",
      "title" : "Code System: Facility Service Points",
      "description" : "Code System for Facility Service Points",
      "uses" : {
      },
      "ValueSet-SzFacilityServicePointVS.html" : "Value set: Eswatini Facility Service Points"
    },
    {
      "url" : "http://172.209.216.154:3447/fhir/CodeSystem/SzMalariaEncounterCodesCS",
      "version" : "0.1.0",
      "status" : "draft",
      "name" : "SzMalariaEncounterCodesCS",
      "title" : "Eswatini Malaria Encounter Codes",
      "description" : "Eswatini Malaria Encounter Codes",
      "uses" : {
      },
      "ValueSet-SzMalariaEncounterCodesVS.html" : "Eswatini Malaria Encounter Codes"
    },
    {
      "url" : "http://172.209.216.154:3447/fhir/CodeSystem/SzPersonIdentificationsCS",
      "version" : "0.1.0",
      "status" : "draft",
      "name" : "SzPersonIdentificationsCS",
      "title" : "Code System: Person Identification Types",
      "description" : "Data element that contains the name and identification number of a specific person for identity and individualization purposes.",
      "uses" : {
      },
      "ValueSet-PersonIdentifiersVS.html" : "Value Set: Person Identifier"
    },
    {
      "url" : "http://172.209.216.154:3447/fhir/CodeSystem/SzProductCodeCS",
      "version" : "0.1.0",
      "status" : "draft",
      "name" : "SzProductCodeCS",
      "title" : "Code System: Eswatini Product Codes",
      "description" : "Code system for ESwatini Product Codes",
      "uses" : {
      },
      "ValueSet-SzProductCodeVS.html" : "Value Set: Product Code Value Set"
    },
    {
      "url" : "http://172.209.216.154:3447/fhir/CodeSystem/SzReasonsForReferralCS",
      "version" : "0.1.0",
      "status" : "active",
      "name" : "EswatiniReasonsForReferrals",
      "title" : "Code System: Eswatini Reasons for Referral",
      "description" : "Data element that contains codes for reasons for referral",
      "uses" : {
      },
      "ValueSet-SzReaonsForReferralVS.html" : "Value Set: Reasons for Referral"
    },
    {
      "url" : "http://172.209.216.154:3447/fhir/CodeSystem/SzReferralIntentCS",
      "version" : "0.1.0",
      "status" : "active",
      "name" : "EswatiniServiceReferralIntent",
      "title" : "Code System: Eswatini Referral Intent",
      "description" : "Data element that contains codes for referral intent",
      "uses" : {
      },
      "ValueSet-SzReferralIntentVS.html" : "Value Set: Referral Intent"
    },
    {
      "url" : "http://172.209.216.154:3447/fhir/CodeSystem/SzReferralTypeCS",
      "version" : "0.1.0",
      "status" : "active",
      "name" : "EswatiniReferralType",
      "title" : "Code System: Eswatini Referral Type",
      "description" : "Data element that contains codes for referral types",
      "uses" : {
      },
      "ValueSet-SzReferralTypeVS.html" : "Value Set: Referral Type"
    },
    {
      "url" : "http://172.209.216.154:3447/fhir/CodeSystem/SzServiceRequestCategoryCS",
      "version" : "0.1.0",
      "status" : "active",
      "name" : "EswatiniServiceRequestCategory",
      "title" : "Code System: Eswatini Service Request Category",
      "description" : "Data element that contains codes for service request categories",
      "uses" : {
      },
      "ValueSet-SzServiceRequestCategoryVS.html" : "Value Set: Service Request"
    },
    {
      "url" : "http://172.209.216.154:3447/fhir/CodeSystem/SzTestCodeCS",
      "version" : "0.1.0",
      "status" : "active",
      "name" : "EswatiniTestCodes",
      "title" : "Code System: Eswatini Local Test Codes",
      "description" : "Data element that contains alternate test codes used by the Laboratory Information System to identify laboratory tests.",
      "uses" : {
      },
      "ValueSet-SzTestCodeVS.html" : "Value Set: Local Test Codes"
    },
    {
      "url" : "http://172.209.216.154:3447/fhir/CodeSystem/SzTestParameterCodeCS",
      "version" : "0.1.0",
      "status" : "draft",
      "name" : "SzTestParameterCodeCS",
      "title" : "Code System: Eswatini Local Test Parameter Codes",
      "description" : "",
      "uses" : {
      },
      "ValueSet-SzTestParameterCodeVS.html" : "Value Set: Eswatini Local Test Parameter Codes"
    },
    {
      "url" : "http://172.209.216.154:3447/fhir/CodeSystem/SzTinkhundlaCS",
      "version" : "0.1.0",
      "status" : "active",
      "name" : "EswatiniTinkhundla",
      "title" : "Code System: Eswatini Tinkhundla",
      "description" : "Code system for Eswatini Tinkhundla",
      "uses" : {
      },
      "ValueSet-SzTinkhundlaVS.html" : "Value Set: Tinkhundla"
    },
    {
      "url" : "http://hl7.org/fhir/request-intent",
      "version" : "4.0.1",
      "status" : "draft",
      "name" : "RequestIntent",
      "title" : "RequestIntent",
      "description" : "Codes indicating the degree of authority/intentionality associated with a request.",
      "oids" : ["2.16.840.1.113883.4.642.4.114"],
      "uses" : {
      },
      "ValueSet-SzReferralIntentVS.html" : "Value Set: Referral Intent"
    },
    {
      "url" : "http://hl7.org/fhir/sid/icd-10",
      "version" : "2.1.1",
      "status" : "retired",
      "name" : "Icd10",
      "title" : "ICD-10",
      "description" : "International Classification of Diseases revision 10 (ICD 10)",
      "oids" : ["2.16.840.1.113883.6.3"],
      "uses" : {
      },
      "ValueSet-CIE10VS.html" : "Value Set: ICD10"
    },
    {
      "url" : "http://loinc.org",
      "version" : "3.1.0",
      "status" : "active",
      "name" : "LOINC",
      "title" : "Logical Observation Identifiers, Names and Codes (LOINC)",
      "description" : "LOINC provides a set of universal names and ID codes for identifying laboratory and clinical test results.1,2 LOINC facilitates the exchange and pooling of results, such as blood hemoglobin, serum potassium, or vital signs, for clinical care, outcomes management, and research. LOINC's universal identifiers (names and codes) can be used in the context of order and observation exchanges between information systems that use syntax standards such as HL73, CEN TC251, ISO TC215, ASTM4, and DICOM. Specifically, the identifier can be used as the coded value for an observation in any other standard that uses the observation/observation value paradigm, whether messages, documents, application programming interface (API), etc. For example, LOINC codes are used widely in the OBX segment Observation Identifier field (OBX-3) of an ORU HL7 (HL7 version 2.x or ASTM 1238-9410) message that may be sent between a Clinical Laboratory Information Management Systems (LIMS) and Electronic Health Record Systems (EHR).5, 6 In this way, LOINC codes provide universal identifiers that allow the exchange of clinical data between heterogeneous computing environments.",
      "oids" : ["2.16.840.1.113883.6.1"],
      "uses" : {
      },
      "ValueSet-SzClinicalObservationCodesVS.html" : "Value Set: Clinical Observation Codes Value Set",
      "http://hl7.org/fhir/R4/valueset-observation-vitalsignresult.html" : "Vital Signs"
    },
    {
      "url" : "http://snomed.info/sct",
      "version" : null,
      "status" : "active",
      "name" : "SNOMED_CT",
      "title" : "SNOMED CT (all versions)",
      "description" : "SNOMED CT is the most comprehensive and precise clinical health terminology product in the world, owned and distributed around the world by The International Health Terminology Standards Development Organisation (IHTSDO).",
      "oids" : ["2.16.840.1.113883.6.96"],
      "uses" : {
      },
      "ValueSet-SzClinicalObservationCodesVS.html" : "Value Set: Clinical Observation Codes Value Set"
    },
    {
      "url" : "http://terminology.hl7.org/CodeSystem/episodeofcare-type",
      "version" : "1.0.0",
      "status" : "draft",
      "name" : "EpisodeOfCareType",
      "title" : "Episode of care type",
      "description" : "This example value set defines a set of codes that can be used to express the usage type of an EpisodeOfCare record.",
      "oids" : ["2.16.840.1.113883.4.642.1.1189"],
      "uses" : {
      },
      "ValueSet-SzEpisodeOfCareTypeVS.html" : "Eswatini Episode of Care Valueset"
    },
    {
      "url" : "http://terminology.hl7.org/CodeSystem/v3-ActCode",
      "version" : "9.0.0",
      "status" : "active",
      "name" : "ActCode",
      "title" : "ActCode",
      "description" : "A code specifying the particular kind of Act that the Act-instance represents within its class.\r\n\r\n*Constraints:* The kind of Act (e.g. physical examination, serum potassium, inpatient encounter, charge financial transaction, etc.) is specified with a code from one of several, typically external, coding systems. The coding system will depend on the class of Act, such as LOINC for observations, etc.\r\n\r\nConceptually, the Act.code must be a specialization of the Act.classCode. This is why the structure of ActClass domain should be reflected in the superstructure of the ActCode domain and then individual codes or externally referenced vocabularies subordinated under these domains that reflect the ActClass structure.\r\n\r\nAct.classCode and Act.code are not modifiers of each other but the Act.code concept should really imply the Act.classCode concept. For a negative example, it is not appropriate to use an Act.code \"potassium\" together with and Act.classCode for \"laboratory observation\" to somehow mean \"potassium laboratory observation\" and then use the same Act.code for \"potassium\" together with Act.classCode for \"medication\" to mean \"substitution of potassium\". This mutually modifying use of Act.code and Act.classCode is not permitted.",
      "oids" : ["2.16.840.1.113883.5.4"],
      "uses" : {
      },
      "ValueSet-SzEncounterClassificationVS.html" : "Value Set: Encounter Classification"
    }
  ]
}
