<?xml version="1.0" encoding="UTF-8"?>

<CodeSystem xmlns="http://hl7.org/fhir">
  <id value="SzServiceRequestCategoryCS"/>
  <text>
    <status value="generated"/><div xmlns="http://www.w3.org/1999/xhtml"><p class="res-header-id"><b>Generated Narrative: CodeSystem SzServiceRequestCategoryCS</b></p><a name="SzServiceRequestCategoryCS"> </a><a name="hcSzServiceRequestCategoryCS"> </a><p>This  code system <code>http://172.209.216.154:3447/fhir/CodeSystem/SzServiceRequestCategoryCS</code> defines the following code:</p><table class="codes"><tr><td style="white-space:nowrap"><b>Code</b></td><td><b>Display</b></td></tr><tr><td style="white-space:nowrap">1<a name="SzServiceRequestCategoryCS-1"> </a></td><td>Referral</td></tr></table></div>
  </text>
  <url value="http://172.209.216.154:3447/fhir/CodeSystem/SzServiceRequestCategoryCS"/>
  <version value="0.1.0"/>
  <name value="EswatiniServiceRequestCategory"/>
  <title value="Code System: Eswatini Service Request Category"/>
  <status value="active"/>
  <experimental value="false"/>
  <date value="2025-09-08T12:30:01+00:00"/>
  <publisher value="Ministry of Health Eswatini"/>
  <contact>
    <name value="Ministry of Health Eswatini"/>
    <telecom>
      <system value="url"/>
      <value value="https://172.209.216.154:3447"/>
    </telecom>
    <telecom>
      <system value="email"/>
      <value value="eswatinihie@moh.gov.sz"/>
    </telecom>
  </contact>
  <description value="Data element that contains codes for service request categories"/>
  <content value="complete"/>
  <count value="1"/>
  <concept>
    <code value="1"/>
    <display value="Referral"/>
  </concept>
</CodeSystem>