<?xml version="1.0" encoding="UTF-8"?>

<CodeSystem xmlns="http://hl7.org/fhir">
  <id value="SzReferralTypeCS"/>
  <text>
    <status value="generated"/><div xmlns="http://www.w3.org/1999/xhtml"><p class="res-header-id"><b>Generated Narrative: CodeSystem SzReferralTypeCS</b></p><a name="SzReferralTypeCS"> </a><a name="hcSzReferralTypeCS"> </a><p>This  code system <code>http://172.209.216.154:3447/fhir/CodeSystem/SzReferralTypeCS</code> defines the following codes:</p><table class="codes"><tr><td style="white-space:nowrap"><b>Code</b></td><td><b>Display</b></td></tr><tr><td style="white-space:nowrap">1<a name="SzReferralTypeCS-1"> </a></td><td>Facility to Facility</td></tr><tr><td style="white-space:nowrap">2<a name="SzReferralTypeCS-2"> </a></td><td>Facility to Community</td></tr><tr><td style="white-space:nowrap">3<a name="SzReferralTypeCS-3"> </a></td><td>Community to Facility</td></tr><tr><td style="white-space:nowrap">4<a name="SzReferralTypeCS-4"> </a></td><td>School to Facility</td></tr><tr><td style="white-space:nowrap">5<a name="SzReferralTypeCS-5"> </a></td><td>Cross-border</td></tr></table></div>
  </text>
  <url value="http://172.209.216.154:3447/fhir/CodeSystem/SzReferralTypeCS"/>
  <version value="0.1.0"/>
  <name value="EswatiniReferralType"/>
  <title value="Code System: Eswatini Referral Type"/>
  <status value="active"/>
  <experimental value="false"/>
  <date value="2025-09-10T10:05:20+00:00"/>
  <publisher value="Ministry of Health Eswatini"/>
  <contact>
    <name value="Ministry of Health Eswatini"/>
    <telecom>
      <system value="url"/>
      <value value="https://172.209.216.154:3447"/>
    </telecom>
    <telecom>
      <system value="email"/>
      <value value="eswatinihie@moh.gov.sz"/>
    </telecom>
  </contact>
  <description value="Data element that contains codes for referral types"/>
  <content value="complete"/>
  <count value="5"/>
  <concept>
    <code value="1"/>
    <display value="Facility to Facility"/>
  </concept>
  <concept>
    <code value="2"/>
    <display value="Facility to Community"/>
  </concept>
  <concept>
    <code value="3"/>
    <display value="Community to Facility"/>
  </concept>
  <concept>
    <code value="4"/>
    <display value="School to Facility"/>
  </concept>
  <concept>
    <code value="5"/>
    <display value="Cross-border"/>
  </concept>
</CodeSystem>