<?xml version="1.0" encoding="UTF-8"?>

<CodeSystem xmlns="http://hl7.org/fhir">
  <id value="SzTinkhundlaCS"/>
  <text>
    <status value="generated"/><div xmlns="http://www.w3.org/1999/xhtml"><p class="res-header-id"><b>Generated Narrative: CodeSystem SzTinkhundlaCS</b></p><a name="SzTinkhundlaCS"> </a><a name="hcSzTinkhundlaCS"> </a><p>This  code system <code>http://172.209.216.154:3447/fhir/CodeSystem/SzTinkhundlaCS</code> defines the following codes:</p><table class="codes"><tr><td style="white-space:nowrap"><b>Code</b></td><td><b>Display</b></td></tr><tr><td style="white-space:nowrap">Unspecified<a name="SzTinkhundlaCS-Unspecified"> </a></td><td>Unspecified</td></tr><tr><td style="white-space:nowrap">HHUKWINI<a name="SzTinkhundlaCS-HHUKWINI"> </a></td><td>HHUKWINI</td></tr><tr><td style="white-space:nowrap">LOBAMBA<a name="SzTinkhundlaCS-LOBAMBA"> </a></td><td>LOBAMBA</td></tr><tr><td style="white-space:nowrap">MADLANGEMPISI<a name="SzTinkhundlaCS-MADLANGEMPISI"> </a></td><td>MADLANGEMPISI</td></tr><tr><td style="white-space:nowrap">MAPHALALENI<a name="SzTinkhundlaCS-MAPHALALENI"> </a></td><td>MAPHALALENI</td></tr><tr><td style="white-space:nowrap">MAYIWANE<a name="SzTinkhundlaCS-MAYIWANE"> </a></td><td>MAYIWANE</td></tr><tr><td style="white-space:nowrap">MBABANE_EAST<a name="SzTinkhundlaCS-MBABANE_EAST"> </a></td><td>MBABANE EAST</td></tr><tr><td style="white-space:nowrap">MBABANE_WEST<a name="SzTinkhundlaCS-MBABANE_WEST"> </a></td><td>MBABANE WEST</td></tr><tr><td style="white-space:nowrap">MHLANGATANE<a name="SzTinkhundlaCS-MHLANGATANE"> </a></td><td>MHLANGATANE</td></tr><tr><td style="white-space:nowrap">NDZINGENI<a name="SzTinkhundlaCS-NDZINGENI"> </a></td><td>NDZINGENI</td></tr><tr><td style="white-space:nowrap">NKHABA<a name="SzTinkhundlaCS-NKHABA"> </a></td><td>NKHABA</td></tr><tr><td style="white-space:nowrap">NTFONJENI<a name="SzTinkhundlaCS-NTFONJENI"> </a></td><td>NTFONJENI</td></tr><tr><td style="white-space:nowrap">PIGGS_PEAK<a name="SzTinkhundlaCS-PIGGS_PEAK"> </a></td><td>PIGGS PEAK</td></tr><tr><td style="white-space:nowrap">SIPHOCOSINI<a name="SzTinkhundlaCS-SIPHOCOSINI"> </a></td><td>SIPHOCOSINI</td></tr><tr><td style="white-space:nowrap">TIMPHISINI<a name="SzTinkhundlaCS-TIMPHISINI"> </a></td><td>TIMPHISINI</td></tr><tr><td style="white-space:nowrap">DVOKODVWENI<a name="SzTinkhundlaCS-DVOKODVWENI"> </a></td><td>DVOKODVWENI</td></tr><tr><td style="white-space:nowrap">GILGALI<a name="SzTinkhundlaCS-GILGALI"> </a></td><td>GILGALI</td></tr><tr><td style="white-space:nowrap">LOMAHASHA<a name="SzTinkhundlaCS-LOMAHASHA"> </a></td><td>LOMAHASHA</td></tr><tr><td style="white-space:nowrap">LUBULI<a name="SzTinkhundlaCS-LUBULI"> </a></td><td>LUBULI</td></tr><tr><td style="white-space:nowrap">LUGONGOLWENI<a name="SzTinkhundlaCS-LUGONGOLWENI"> </a></td><td>LUGONGOLWENI</td></tr><tr><td style="white-space:nowrap">MATSANJENI_NORTH<a name="SzTinkhundlaCS-MATSANJENI_NORTH"> </a></td><td>MATSANJENI NORTH</td></tr><tr><td style="white-space:nowrap">MHLUME<a name="SzTinkhundlaCS-MHLUME"> </a></td><td>MHLUME</td></tr><tr><td style="white-space:nowrap">MPOLONJENI<a name="SzTinkhundlaCS-MPOLONJENI"> </a></td><td>MPOLONJENI</td></tr><tr><td style="white-space:nowrap">NKILONGO<a name="SzTinkhundlaCS-NKILONGO"> </a></td><td>NKILONGO</td></tr><tr><td style="white-space:nowrap">SIPHOFANENI<a name="SzTinkhundlaCS-SIPHOFANENI"> </a></td><td>SIPHOFANENI</td></tr><tr><td style="white-space:nowrap">SITHOBELA<a name="SzTinkhundlaCS-SITHOBELA"> </a></td><td>SITHOBELA</td></tr><tr><td style="white-space:nowrap">KUKHANYENI<a name="SzTinkhundlaCS-KUKHANYENI"> </a></td><td>KUKHANYENI</td></tr><tr><td style="white-space:nowrap">KWALUSENI<a name="SzTinkhundlaCS-KWALUSENI"> </a></td><td>KWALUSENI</td></tr><tr><td style="white-space:nowrap">LAMGABHI<a name="SzTinkhundlaCS-LAMGABHI"> </a></td><td>LAMGABHI</td></tr><tr><td style="white-space:nowrap">LOBAMBA_LOMDZALA<a name="SzTinkhundlaCS-LOBAMBA_LOMDZALA"> </a></td><td>LOBAMBA LOMDZALA</td></tr><tr><td style="white-space:nowrap">LUDZELUDZE<a name="SzTinkhundlaCS-LUDZELUDZE"> </a></td><td>LUDZELUDZE</td></tr><tr><td style="white-space:nowrap">MAFUTSENI<a name="SzTinkhundlaCS-MAFUTSENI"> </a></td><td>MAFUTSENI</td></tr><tr><td style="white-space:nowrap">MAHLANGATSHA<a name="SzTinkhundlaCS-MAHLANGATSHA"> </a></td><td>MAHLANGATSHA</td></tr><tr><td style="white-space:nowrap">MANGCONGCO<a name="SzTinkhundlaCS-MANGCONGCO"> </a></td><td>MANGCONGCO</td></tr><tr><td style="white-space:nowrap">MANZINI_NORTH<a name="SzTinkhundlaCS-MANZINI_NORTH"> </a></td><td>MANZINI NORTH</td></tr><tr><td style="white-space:nowrap">MANZINI_SOUTH<a name="SzTinkhundlaCS-MANZINI_SOUTH"> </a></td><td>MANZINI SOUTH</td></tr><tr><td style="white-space:nowrap">MHLAMBANYATSI<a name="SzTinkhundlaCS-MHLAMBANYATSI"> </a></td><td>MHLAMBANYATSI</td></tr><tr><td style="white-space:nowrap">MKHIWENI<a name="SzTinkhundlaCS-MKHIWENI"> </a></td><td>MKHIWENI</td></tr><tr><td style="white-space:nowrap">MTFONGWANENI<a name="SzTinkhundlaCS-MTFONGWANENI"> </a></td><td>MTFONGWANENI</td></tr><tr><td style="white-space:nowrap">NGWEMPISI<a name="SzTinkhundlaCS-NGWEMPISI"> </a></td><td>NGWEMPISI</td></tr><tr><td style="white-space:nowrap">NHLAMBENI<a name="SzTinkhundlaCS-NHLAMBENI"> </a></td><td>NHLAMBENI</td></tr><tr><td style="white-space:nowrap">NKOMIYAHLABA<a name="SzTinkhundlaCS-NKOMIYAHLABA"> </a></td><td>NKOMIYAHLABA</td></tr><tr><td style="white-space:nowrap">NTONDOZI<a name="SzTinkhundlaCS-NTONDOZI"> </a></td><td>NTONDOZI</td></tr><tr><td style="white-space:nowrap">PHONDO<a name="SzTinkhundlaCS-PHONDO"> </a></td><td>PHONDO</td></tr><tr><td style="white-space:nowrap">GEGE<a name="SzTinkhundlaCS-GEGE"> </a></td><td>GEGE</td></tr><tr><td style="white-space:nowrap">HOSEA<a name="SzTinkhundlaCS-HOSEA"> </a></td><td>HOSEA</td></tr><tr><td style="white-space:nowrap">KUBUTA<a name="SzTinkhundlaCS-KUBUTA"> </a></td><td>KUBUTA</td></tr><tr><td style="white-space:nowrap">KUMETHULA<a name="SzTinkhundlaCS-KUMETHULA"> </a></td><td>KUMETHULA</td></tr><tr><td style="white-space:nowrap">MASEYISINI<a name="SzTinkhundlaCS-MASEYISINI"> </a></td><td>MASEYISINI</td></tr><tr><td style="white-space:nowrap">MATSANJENI_SOUTH<a name="SzTinkhundlaCS-MATSANJENI_SOUTH"> </a></td><td>MATSANJENI SOUTH</td></tr><tr><td style="white-space:nowrap">MTSAMBAMA<a name="SzTinkhundlaCS-MTSAMBAMA"> </a></td><td>MTSAMBAMA</td></tr><tr><td style="white-space:nowrap">NGUDZENI<a name="SzTinkhundlaCS-NGUDZENI"> </a></td><td>NGUDZENI</td></tr><tr><td style="white-space:nowrap">NKWENE<a name="SzTinkhundlaCS-NKWENE"> </a></td><td>NKWENE</td></tr><tr><td style="white-space:nowrap">SANDLENI<a name="SzTinkhundlaCS-SANDLENI"> </a></td><td>SANDLENI</td></tr><tr><td style="white-space:nowrap">SHISELWENI_I<a name="SzTinkhundlaCS-SHISELWENI_I"> </a></td><td>SHISELWENI I</td></tr><tr><td style="white-space:nowrap">SHISELWENI_II<a name="SzTinkhundlaCS-SHISELWENI_II"> </a></td><td>SHISELWENI II</td></tr><tr><td style="white-space:nowrap">SIGWE<a name="SzTinkhundlaCS-SIGWE"> </a></td><td>SIGWE</td></tr><tr><td style="white-space:nowrap">SOMNTONGO<a name="SzTinkhundlaCS-SOMNTONGO"> </a></td><td>SOMNTONGO</td></tr><tr><td style="white-space:nowrap">ZOMBODZE_EMUVA<a name="SzTinkhundlaCS-ZOMBODZE_EMUVA"> </a></td><td>ZOMBODZE EMUVA</td></tr><tr><td style="white-space:nowrap">MOTSHANE<a name="SzTinkhundlaCS-MOTSHANE"> </a></td><td>MOTSHANE</td></tr></table></div>
  </text>
  <url value="http://172.209.216.154:3447/fhir/CodeSystem/SzTinkhundlaCS"/>
  <version value="0.1.0"/>
  <name value="EswatiniTinkhundla"/>
  <title value="Code System: Eswatini Tinkhundla"/>
  <status value="active"/>
  <experimental value="false"/>
  <date value="2025-07-14T08:08:58+00:00"/>
  <publisher value="Ministry of Health Eswatini"/>
  <contact>
    <name value="Ministry of Health Eswatini"/>
    <telecom>
      <system value="url"/>
      <value value="https://172.209.216.154:3447"/>
    </telecom>
    <telecom>
      <system value="email"/>
      <value value="eswatinihie@moh.gov.sz"/>
    </telecom>
  </contact>
  <description value="Code system for Eswatini Tinkhundla"/>
  <content value="complete"/>
  <count value="60"/>
  <concept>
    <code value="Unspecified"/>
    <display value="Unspecified"/>
  </concept>
  <concept>
    <code value="HHUKWINI"/>
    <display value="HHUKWINI"/>
  </concept>
  <concept>
    <code value="LOBAMBA"/>
    <display value="LOBAMBA"/>
  </concept>
  <concept>
    <code value="MADLANGEMPISI"/>
    <display value="MADLANGEMPISI"/>
  </concept>
  <concept>
    <code value="MAPHALALENI"/>
    <display value="MAPHALALENI"/>
  </concept>
  <concept>
    <code value="MAYIWANE"/>
    <display value="MAYIWANE"/>
  </concept>
  <concept>
    <code value="MBABANE_EAST"/>
    <display value="MBABANE EAST"/>
  </concept>
  <concept>
    <code value="MBABANE_WEST"/>
    <display value="MBABANE WEST"/>
  </concept>
  <concept>
    <code value="MHLANGATANE"/>
    <display value="MHLANGATANE"/>
  </concept>
  <concept>
    <code value="NDZINGENI"/>
    <display value="NDZINGENI"/>
  </concept>
  <concept>
    <code value="NKHABA"/>
    <display value="NKHABA"/>
  </concept>
  <concept>
    <code value="NTFONJENI"/>
    <display value="NTFONJENI"/>
  </concept>
  <concept>
    <code value="PIGGS_PEAK"/>
    <display value="PIGGS PEAK"/>
  </concept>
  <concept>
    <code value="SIPHOCOSINI"/>
    <display value="SIPHOCOSINI"/>
  </concept>
  <concept>
    <code value="TIMPHISINI"/>
    <display value="TIMPHISINI"/>
  </concept>
  <concept>
    <code value="DVOKODVWENI"/>
    <display value="DVOKODVWENI"/>
  </concept>
  <concept>
    <code value="GILGALI"/>
    <display value="GILGALI"/>
  </concept>
  <concept>
    <code value="LOMAHASHA"/>
    <display value="LOMAHASHA"/>
  </concept>
  <concept>
    <code value="LUBULI"/>
    <display value="LUBULI"/>
  </concept>
  <concept>
    <code value="LUGONGOLWENI"/>
    <display value="LUGONGOLWENI"/>
  </concept>
  <concept>
    <code value="MATSANJENI_NORTH"/>
    <display value="MATSANJENI NORTH"/>
  </concept>
  <concept>
    <code value="MHLUME"/>
    <display value="MHLUME"/>
  </concept>
  <concept>
    <code value="MPOLONJENI"/>
    <display value="MPOLONJENI"/>
  </concept>
  <concept>
    <code value="NKILONGO"/>
    <display value="NKILONGO"/>
  </concept>
  <concept>
    <code value="SIPHOFANENI"/>
    <display value="SIPHOFANENI"/>
  </concept>
  <concept>
    <code value="SITHOBELA"/>
    <display value="SITHOBELA"/>
  </concept>
  <concept>
    <code value="KUKHANYENI"/>
    <display value="KUKHANYENI"/>
  </concept>
  <concept>
    <code value="KWALUSENI"/>
    <display value="KWALUSENI"/>
  </concept>
  <concept>
    <code value="LAMGABHI"/>
    <display value="LAMGABHI"/>
  </concept>
  <concept>
    <code value="LOBAMBA_LOMDZALA"/>
    <display value="LOBAMBA LOMDZALA"/>
  </concept>
  <concept>
    <code value="LUDZELUDZE"/>
    <display value="LUDZELUDZE"/>
  </concept>
  <concept>
    <code value="MAFUTSENI"/>
    <display value="MAFUTSENI"/>
  </concept>
  <concept>
    <code value="MAHLANGATSHA"/>
    <display value="MAHLANGATSHA"/>
  </concept>
  <concept>
    <code value="MANGCONGCO"/>
    <display value="MANGCONGCO"/>
  </concept>
  <concept>
    <code value="MANZINI_NORTH"/>
    <display value="MANZINI NORTH"/>
  </concept>
  <concept>
    <code value="MANZINI_SOUTH"/>
    <display value="MANZINI SOUTH"/>
  </concept>
  <concept>
    <code value="MHLAMBANYATSI"/>
    <display value="MHLAMBANYATSI"/>
  </concept>
  <concept>
    <code value="MKHIWENI"/>
    <display value="MKHIWENI"/>
  </concept>
  <concept>
    <code value="MTFONGWANENI"/>
    <display value="MTFONGWANENI"/>
  </concept>
  <concept>
    <code value="NGWEMPISI"/>
    <display value="NGWEMPISI"/>
  </concept>
  <concept>
    <code value="NHLAMBENI"/>
    <display value="NHLAMBENI"/>
  </concept>
  <concept>
    <code value="NKOMIYAHLABA"/>
    <display value="NKOMIYAHLABA"/>
  </concept>
  <concept>
    <code value="NTONDOZI"/>
    <display value="NTONDOZI"/>
  </concept>
  <concept>
    <code value="PHONDO"/>
    <display value="PHONDO"/>
  </concept>
  <concept>
    <code value="GEGE"/>
    <display value="GEGE"/>
  </concept>
  <concept>
    <code value="HOSEA"/>
    <display value="HOSEA"/>
  </concept>
  <concept>
    <code value="KUBUTA"/>
    <display value="KUBUTA"/>
  </concept>
  <concept>
    <code value="KUMETHULA"/>
    <display value="KUMETHULA"/>
  </concept>
  <concept>
    <code value="MASEYISINI"/>
    <display value="MASEYISINI"/>
  </concept>
  <concept>
    <code value="MATSANJENI_SOUTH"/>
    <display value="MATSANJENI SOUTH"/>
  </concept>
  <concept>
    <code value="MTSAMBAMA"/>
    <display value="MTSAMBAMA"/>
  </concept>
  <concept>
    <code value="NGUDZENI"/>
    <display value="NGUDZENI"/>
  </concept>
  <concept>
    <code value="NKWENE"/>
    <display value="NKWENE"/>
  </concept>
  <concept>
    <code value="SANDLENI"/>
    <display value="SANDLENI"/>
  </concept>
  <concept>
    <code value="SHISELWENI_I"/>
    <display value="SHISELWENI I"/>
  </concept>
  <concept>
    <code value="SHISELWENI_II"/>
    <display value="SHISELWENI II"/>
  </concept>
  <concept>
    <code value="SIGWE"/>
    <display value="SIGWE"/>
  </concept>
  <concept>
    <code value="SOMNTONGO"/>
    <display value="SOMNTONGO"/>
  </concept>
  <concept>
    <code value="ZOMBODZE_EMUVA"/>
    <display value="ZOMBODZE EMUVA"/>
  </concept>
  <concept>
    <code value="MOTSHANE"/>
    <display value="MOTSHANE"/>
  </concept>
</CodeSystem>