{
  "codeSystems" : [
    {
      "url" : "http://172.209.216.154:3447/fhir/CodeSystem/SzChiefdomCS",
      "version" : "0.1.0",
      "status" : "draft",
      "name" : "SzChiefdomCS",
      "title" : "Code System: Eswatini Chiefdoms",
      "description" : "Code system for ESwatini Chiefdoms",
      "uses" : {
      },
      "ValueSet-SzChiefdomVS.html" : "Value Set: Chiefdoms Value Set"
    },
    {
      "url" : "http://172.209.216.154:3447/fhir/CodeSystem/SzEncounterClassificationCS",
      "version" : "0.1.0",
      "status" : "active",
      "name" : "EswatiniEncounterClassification",
      "title" : "Code System: Encounter Classification",
      "description" : "Data element that contains the classification of encounters.",
      "uses" : {
      },
      "ValueSet-SzEncounterClassificationVS.html" : "Value Set: Encounter Classification"
    },
    {
      "url" : "http://172.209.216.154:3447/fhir/CodeSystem/SzPersonIdentificationsCS",
      "version" : "0.1.0",
      "status" : "draft",
      "name" : "SzPersonIdentificationsCS",
      "title" : "Code System: Person Identification Types",
      "description" : "Data element that contains the name and identification number of a specific person for identity and individualization purposes.",
      "uses" : {
      },
      "ValueSet-PersonIdentifiersVS.html" : "Value Set: Person Identifier"
    },
    {
      "url" : "http://172.209.216.154:3447/fhir/CodeSystem/SzProductCodeCS",
      "version" : "0.1.0",
      "status" : "draft",
      "name" : "SzProductCodeCS",
      "title" : "Code System: Eswatini Product Codes",
      "description" : "Code system for ESwatini Product Codes",
      "uses" : {
      },
      "ValueSet-SzProductCodeVS.html" : "Value Set: Product Code Value Set"
    },
    {
      "url" : "http://172.209.216.154:3447/fhir/CodeSystem/SzServicePointCS",
      "version" : "0.1.0",
      "status" : "draft",
      "name" : "SzServicePointCS",
      "title" : "Code System: Eswatini Service Points",
      "description" : "Code System for Eswatini service points",
      "uses" : {
      },
      "ValueSet-SzServicePointVS.html" : "Value set: Eswatini Service Points"
    },
    {
      "url" : "http://172.209.216.154:3447/fhir/CodeSystem/SzTestCodeCS",
      "version" : "0.1.0",
      "status" : "active",
      "name" : "EswatiniTestCodes",
      "title" : "Code System: Eswatini Local Test Codes",
      "description" : "Data element that contains alternate test codes used by the Laboratory Information System to identify laboratory tests.",
      "uses" : {
      },
      "ValueSet-SzTestCodeVS.html" : "Value Set: Local Test Codes"
    },
    {
      "url" : "http://172.209.216.154:3447/fhir/CodeSystem/SzTestParameterCodeCS",
      "version" : "0.1.0",
      "status" : "draft",
      "name" : "SzTestParameterCodeCS",
      "title" : "Code System: Eswatini Local Test Parameter Codes",
      "description" : null,
      "uses" : {
      },
      "ValueSet-SzTestParameterCodeVS.html" : "Value Set: Eswatini Local Test Parameter Codes"
    },
    {
      "url" : "http://172.209.216.154:3447/fhir/CodeSystem/SzTinkhundlaCS",
      "version" : "0.1.0",
      "status" : "active",
      "name" : "EswatiniTinkhundla",
      "title" : "Code System: Eswatini Tinkhundla",
      "description" : "Code system for Eswatini Tinkhundla",
      "uses" : {
      },
      "ValueSet-SzTinkhundlaVS.html" : "Value Set: Tinkhundla"
    },
    {
      "url" : "http://hl7.org/fhir/sid/icd-10",
      "version" : "2.1.1",
      "status" : "retired",
      "name" : "Icd10",
      "title" : "ICD-10",
      "description" : "International Classification of Diseases revision 10 (ICD 10)",
      "oids" : ["2.16.840.1.113883.6.3"],
      "uses" : {
      },
      "ValueSet-CIE10VS.html" : "Value Set: ICD10"
    },
    {
      "url" : "http://loinc.org",
      "version" : "3.1.0",
      "status" : "active",
      "name" : "LOINC",
      "title" : "Logical Observation Identifiers, Names and Codes (LOINC)",
      "description" : "LOINC provides a set of universal names and ID codes for identifying laboratory and clinical test results.1,2 LOINC facilitates the exchange and pooling of results, such as blood hemoglobin, serum potassium, or vital signs, for clinical care, outcomes management, and research. LOINC's universal identifiers (names and codes) can be used in the context of order and observation exchanges between information systems that use syntax standards such as HL73, CEN TC251, ISO TC215, ASTM4, and DICOM. Specifically, the identifier can be used as the coded value for an observation in any other standard that uses the observation/observation value paradigm, whether messages, documents, application programming interface (API), etc. For example, LOINC codes are used widely in the OBX segment Observation Identifier field (OBX-3) of an ORU HL7 (HL7 version 2.x or ASTM 1238-9410) message that may be sent between a Clinical Laboratory Information Management Systems (LIMS) and Electronic Health Record Systems (EHR).5, 6 In this way, LOINC codes provide universal identifiers that allow the exchange of clinical data between heterogeneous computing environments.",
      "oids" : ["2.16.840.1.113883.6.1"],
      "uses" : {
      },
      "http://hl7.org/fhir/R4/valueset-observation-vitalsignresult.html" : "Vital Signs"
    }
  ]
}
