<?xml version="1.0" encoding="UTF-8"?>

<CodeSystem xmlns="http://hl7.org/fhir">
  <id value="SzChiefdomCS"/>
  <text>
    <status value="generated"/><div xmlns="http://www.w3.org/1999/xhtml"><p class="res-header-id"><b>Generated Narrative: CodeSystem SzChiefdomCS</b></p><a name="SzChiefdomCS"> </a><a name="hcSzChiefdomCS"> </a><p>This  code system <code>http://172.209.216.154:3447/fhir/CodeSystem/SzChiefdomCS</code> defines the following codes:</p><table class="codes"><tr><td style="white-space:nowrap"><b>Code</b></td><td><b>Display</b></td></tr><tr><td style="white-space:nowrap">Bambitje<a name="SzChiefdomCS-Bambitje"> </a></td><td>Bambitje</td></tr><tr><td style="white-space:nowrap">Benezer<a name="SzChiefdomCS-Benezer"> </a></td><td>Benezer</td></tr><tr><td style="white-space:nowrap">Bhadzeni_1<a name="SzChiefdomCS-Bhadzeni_1"> </a></td><td>Bhadzeni 1</td></tr><tr><td style="white-space:nowrap">Bhadzeni_2<a name="SzChiefdomCS-Bhadzeni_2"> </a></td><td>Bhadzeni 2</td></tr><tr><td style="white-space:nowrap">Bhahwini<a name="SzChiefdomCS-Bhahwini"> </a></td><td>Bhahwini</td></tr><tr><td style="white-space:nowrap">Bhanganoma<a name="SzChiefdomCS-Bhanganoma"> </a></td><td>Bhanganoma</td></tr><tr><td style="white-space:nowrap">Bhekinkhosi<a name="SzChiefdomCS-Bhekinkhosi"> </a></td><td>Bhekinkhosi</td></tr><tr><td style="white-space:nowrap">Bhudla<a name="SzChiefdomCS-Bhudla"> </a></td><td>Bhudla</td></tr><tr><td style="white-space:nowrap">Bhunya<a name="SzChiefdomCS-Bhunya"> </a></td><td>Bhunya</td></tr><tr><td style="white-space:nowrap">Bufaneni<a name="SzChiefdomCS-Bufaneni"> </a></td><td>Bufaneni</td></tr><tr><td style="white-space:nowrap">Bulandzeni<a name="SzChiefdomCS-Bulandzeni"> </a></td><td>Bulandzeni</td></tr><tr><td style="white-space:nowrap">Bulekeni<a name="SzChiefdomCS-Bulekeni"> </a></td><td>Bulekeni</td></tr><tr><td style="white-space:nowrap">Bulembu_Luhhumaneni_1<a name="SzChiefdomCS-Bulembu_Luhhumaneni_1"> </a></td><td>Bulembu (Luhhumaneni 1)</td></tr><tr><td style="white-space:nowrap">Bulunga<a name="SzChiefdomCS-Bulunga"> </a></td><td>Bulunga</td></tr><tr><td style="white-space:nowrap">Buseleni<a name="SzChiefdomCS-Buseleni"> </a></td><td>Buseleni</td></tr><tr><td style="white-space:nowrap">Canter_berry<a name="SzChiefdomCS-Canter_berry"> </a></td><td>Canter berry</td></tr><tr><td style="white-space:nowrap">Crooks_Plantations<a name="SzChiefdomCS-Crooks_Plantations"> </a></td><td>Crooks Plantations</td></tr><tr><td style="white-space:nowrap">Dilini<a name="SzChiefdomCS-Dilini"> </a></td><td>Dilini</td></tr><tr><td style="white-space:nowrap">Dinabanye<a name="SzChiefdomCS-Dinabanye"> </a></td><td>Dinabanye</td></tr><tr><td style="white-space:nowrap">Dingizwe<a name="SzChiefdomCS-Dingizwe"> </a></td><td>Dingizwe</td></tr><tr><td style="white-space:nowrap">Dladleni<a name="SzChiefdomCS-Dladleni"> </a></td><td>Dladleni</td></tr><tr><td style="white-space:nowrap">Dlangeni<a name="SzChiefdomCS-Dlangeni"> </a></td><td>Dlangeni</td></tr><tr><td style="white-space:nowrap">Dlozini<a name="SzChiefdomCS-Dlozini"> </a></td><td>Dlozini</td></tr><tr><td style="white-space:nowrap">Dumenkhungwini<a name="SzChiefdomCS-Dumenkhungwini"> </a></td><td>Dumenkhungwini</td></tr><tr><td style="white-space:nowrap">Dvokolwako<a name="SzChiefdomCS-Dvokolwako"> </a></td><td>Dvokolwako</td></tr><tr><td style="white-space:nowrap">Dvokolwako_Ekuphakameni<a name="SzChiefdomCS-Dvokolwako_Ekuphakameni"> </a></td><td>Dvokolwako / Ekuphakameni</td></tr><tr><td style="white-space:nowrap">Dvudvusini<a name="SzChiefdomCS-Dvudvusini"> </a></td><td>Dvudvusini</td></tr><tr><td style="white-space:nowrap">Dwaleni<a name="SzChiefdomCS-Dwaleni"> </a></td><td>Dwaleni</td></tr><tr><td style="white-space:nowrap">Dwalile<a name="SzChiefdomCS-Dwalile"> </a></td><td>Dwalile</td></tr><tr><td style="white-space:nowrap">Ejubukweni<a name="SzChiefdomCS-Ejubukweni"> </a></td><td>Ejubukweni</td></tr><tr><td style="white-space:nowrap">Ekukhulumeni_Mandlangempisi<a name="SzChiefdomCS-Ekukhulumeni_Mandlangempisi"> </a></td><td>Ekukhulumeni/ Mandlangempisi</td></tr><tr><td style="white-space:nowrap">ELangeni<a name="SzChiefdomCS-ELangeni"> </a></td><td>ELangeni</td></tr><tr><td style="white-space:nowrap">Emalibeni<a name="SzChiefdomCS-Emalibeni"> </a></td><td>Emalibeni   </td></tr><tr><td style="white-space:nowrap">Emhlangeni<a name="SzChiefdomCS-Emhlangeni"> </a></td><td>Emhlangeni</td></tr><tr><td style="white-space:nowrap">Emvembili<a name="SzChiefdomCS-Emvembili"> </a></td><td>Emvembili</td></tr><tr><td style="white-space:nowrap">Eni<a name="SzChiefdomCS-Eni"> </a></td><td>Eni</td></tr><tr><td style="white-space:nowrap">Eposini<a name="SzChiefdomCS-Eposini"> </a></td><td>Eposini</td></tr><tr><td style="white-space:nowrap">Etjedze<a name="SzChiefdomCS-Etjedze"> </a></td><td>Etjedze</td></tr><tr><td style="white-space:nowrap">Ezibondeni_Kashiba<a name="SzChiefdomCS-Ezibondeni_Kashiba"> </a></td><td>Ezibondeni/Kashiba</td></tr><tr><td style="white-space:nowrap">Ezindwendweni<a name="SzChiefdomCS-Ezindwendweni"> </a></td><td>Ezindwendweni</td></tr><tr><td style="white-space:nowrap">Ezishineni_Manyeveni<a name="SzChiefdomCS-Ezishineni_Manyeveni"> </a></td><td>Ezishineni/ Manyeveni</td></tr><tr><td style="white-space:nowrap">Fontein<a name="SzChiefdomCS-Fontein"> </a></td><td>Fontein</td></tr><tr><td style="white-space:nowrap">Gamula<a name="SzChiefdomCS-Gamula"> </a></td><td>Gamula</td></tr><tr><td style="white-space:nowrap">Gasa<a name="SzChiefdomCS-Gasa"> </a></td><td>Gasa</td></tr><tr><td style="white-space:nowrap">Gebeni<a name="SzChiefdomCS-Gebeni"> </a></td><td>Gebeni</td></tr><tr><td style="white-space:nowrap">Gucuka<a name="SzChiefdomCS-Gucuka"> </a></td><td>Gucuka </td></tr><tr><td style="white-space:nowrap">Gundvwini<a name="SzChiefdomCS-Gundvwini"> </a></td><td>Gundvwini</td></tr><tr><td style="white-space:nowrap">Gundvwini_Lesibovu<a name="SzChiefdomCS-Gundvwini_Lesibovu"> </a></td><td>Gundvwini/Lesibovu</td></tr><tr><td style="white-space:nowrap">Herefords<a name="SzChiefdomCS-Herefords"> </a></td><td>Herefords</td></tr><tr><td style="white-space:nowrap">Hhelehhele<a name="SzChiefdomCS-Hhelehhele"> </a></td><td>Hhelehhele</td></tr><tr><td style="white-space:nowrap">Hhohho<a name="SzChiefdomCS-Hhohho"> </a></td><td>Hhohho</td></tr><tr><td style="white-space:nowrap">Hhohho_Emuva<a name="SzChiefdomCS-Hhohho_Emuva"> </a></td><td>Hhohho Emuva</td></tr><tr><td style="white-space:nowrap">Hhuhhuma<a name="SzChiefdomCS-Hhuhhuma"> </a></td><td>Hhuhhuma</td></tr><tr><td style="white-space:nowrap">Hlane<a name="SzChiefdomCS-Hlane"> </a></td><td>Hlane</td></tr><tr><td style="white-space:nowrap">Hlane_Bulunga<a name="SzChiefdomCS-Hlane_Bulunga"> </a></td><td>Hlane/Bulunga</td></tr><tr><td style="white-space:nowrap">Hlobane<a name="SzChiefdomCS-Hlobane"> </a></td><td>Hlobane</td></tr><tr><td style="white-space:nowrap">Hlutse<a name="SzChiefdomCS-Hlutse"> </a></td><td>Hlutse</td></tr><tr><td style="white-space:nowrap">Illovo_Mayaluka<a name="SzChiefdomCS-Illovo_Mayaluka"> </a></td><td>Illovo/Mayaluka</td></tr><tr><td style="white-space:nowrap">KaDinga<a name="SzChiefdomCS-KaDinga"> </a></td><td>KaDinga</td></tr><tr><td style="white-space:nowrap">KaDlovunga_<a name="SzChiefdomCS-KaDlovunga_"> </a></td><td>KaDlovunga </td></tr><tr><td style="white-space:nowrap">kaGwebu<a name="SzChiefdomCS-kaGwebu"> </a></td><td>kaGwebu</td></tr><tr><td style="white-space:nowrap">kaGwegwe<a name="SzChiefdomCS-kaGwegwe"> </a></td><td>kaGwegwe</td></tr><tr><td style="white-space:nowrap">ka-Hhohho<a name="SzChiefdomCS-ka-Hhohho"> </a></td><td>ka-Hhohho</td></tr><tr><td style="white-space:nowrap">KaKholwane<a name="SzChiefdomCS-KaKholwane"> </a></td><td>KaKholwane</td></tr><tr><td style="white-space:nowrap">kaLanga<a name="SzChiefdomCS-kaLanga"> </a></td><td>kaLanga</td></tr><tr><td style="white-space:nowrap">kaLiba<a name="SzChiefdomCS-kaLiba"> </a></td><td>kaLiba</td></tr><tr><td style="white-space:nowrap">kaMbhoke<a name="SzChiefdomCS-kaMbhoke"> </a></td><td>kaMbhoke</td></tr><tr><td style="white-space:nowrap">KaMbiko<a name="SzChiefdomCS-KaMbiko"> </a></td><td>KaMbiko</td></tr><tr><td style="white-space:nowrap">KaMhawu<a name="SzChiefdomCS-KaMhawu"> </a></td><td>KaMhawu</td></tr><tr><td style="white-space:nowrap">kaMkhweli<a name="SzChiefdomCS-kaMkhweli"> </a></td><td>kaMkhweli</td></tr><tr><td style="white-space:nowrap">KaMshengu<a name="SzChiefdomCS-KaMshengu"> </a></td><td>KaMshengu</td></tr><tr><td style="white-space:nowrap">KaMzizi<a name="SzChiefdomCS-KaMzizi"> </a></td><td>KaMzizi</td></tr><tr><td style="white-space:nowrap">KaNdlovu<a name="SzChiefdomCS-KaNdlovu"> </a></td><td>KaNdlovu</td></tr><tr><td style="white-space:nowrap">Kandwandwa<a name="SzChiefdomCS-Kandwandwa"> </a></td><td>Kandwandwa</td></tr><tr><td style="white-space:nowrap">Ka-Nkhambule<a name="SzChiefdomCS-Ka-Nkhambule"> </a></td><td>Ka-Nkhambule</td></tr><tr><td style="white-space:nowrap">Kaphunga<a name="SzChiefdomCS-Kaphunga"> </a></td><td>Kaphunga</td></tr><tr><td style="white-space:nowrap">kaShoba<a name="SzChiefdomCS-kaShoba"> </a></td><td>kaShoba</td></tr><tr><td style="white-space:nowrap">Kasiko<a name="SzChiefdomCS-Kasiko"> </a></td><td>Kasiko</td></tr><tr><td style="white-space:nowrap">kaTsambekwako<a name="SzChiefdomCS-kaTsambekwako"> </a></td><td>kaTsambekwako</td></tr><tr><td style="white-space:nowrap">kaVuma<a name="SzChiefdomCS-kaVuma"> </a></td><td>kaVuma</td></tr><tr><td style="white-space:nowrap">KaZulu<a name="SzChiefdomCS-KaZulu"> </a></td><td>KaZulu</td></tr><tr><td style="white-space:nowrap">Khabonina<a name="SzChiefdomCS-Khabonina"> </a></td><td>Khabonina</td></tr><tr><td style="white-space:nowrap">Khalangilile<a name="SzChiefdomCS-Khalangilile"> </a></td><td>Khalangilile</td></tr><tr><td style="white-space:nowrap">Khamsile<a name="SzChiefdomCS-Khamsile"> </a></td><td>Khamsile</td></tr><tr><td style="white-space:nowrap">Khuphuka<a name="SzChiefdomCS-Khuphuka"> </a></td><td>Khuphuka</td></tr><tr><td style="white-space:nowrap">Kudzeni<a name="SzChiefdomCS-Kudzeni"> </a></td><td>Kudzeni</td></tr><tr><td style="white-space:nowrap">Kufinyeni<a name="SzChiefdomCS-Kufinyeni"> </a></td><td>Kufinyeni</td></tr><tr><td style="white-space:nowrap">Kupheleni<a name="SzChiefdomCS-Kupheleni"> </a></td><td>Kupheleni</td></tr><tr><td style="white-space:nowrap">Kuphumleni<a name="SzChiefdomCS-Kuphumleni"> </a></td><td>Kuphumleni </td></tr><tr><td style="white-space:nowrap">Kuphumuleni<a name="SzChiefdomCS-Kuphumuleni"> </a></td><td>Kuphumuleni</td></tr><tr><td style="white-space:nowrap">Kutsimuleni<a name="SzChiefdomCS-Kutsimuleni"> </a></td><td>Kutsimuleni</td></tr><tr><td style="white-space:nowrap">Kuvinjelweni<a name="SzChiefdomCS-Kuvinjelweni"> </a></td><td>Kuvinjelweni</td></tr><tr><td style="white-space:nowrap">Kwaliweni<a name="SzChiefdomCS-Kwaliweni"> </a></td><td>Kwaliweni</td></tr><tr><td style="white-space:nowrap">Kwaluseni<a name="SzChiefdomCS-Kwaluseni"> </a></td><td>Kwaluseni</td></tr><tr><td style="white-space:nowrap">Kwendzeni<a name="SzChiefdomCS-Kwendzeni"> </a></td><td>Kwendzeni</td></tr><tr><td style="white-space:nowrap">Lamgabhi<a name="SzChiefdomCS-Lamgabhi"> </a></td><td>Lamgabhi</td></tr><tr><td style="white-space:nowrap">Likima<a name="SzChiefdomCS-Likima"> </a></td><td>Likima</td></tr><tr><td style="white-space:nowrap">Lobamba<a name="SzChiefdomCS-Lobamba"> </a></td><td>Lobamba </td></tr><tr><td style="white-space:nowrap">Logoba<a name="SzChiefdomCS-Logoba"> </a></td><td>Logoba</td></tr><tr><td style="white-space:nowrap">Lomahasha<a name="SzChiefdomCS-Lomahasha"> </a></td><td>Lomahasha</td></tr><tr><td style="white-space:nowrap">Lomfa<a name="SzChiefdomCS-Lomfa"> </a></td><td>Lomfa</td></tr><tr><td style="white-space:nowrap">Lomshiyo<a name="SzChiefdomCS-Lomshiyo"> </a></td><td>Lomshiyo</td></tr><tr><td style="white-space:nowrap">Lozitha<a name="SzChiefdomCS-Lozitha"> </a></td><td>Lozitha</td></tr><tr><td style="white-space:nowrap">Ludlawini<a name="SzChiefdomCS-Ludlawini"> </a></td><td>Ludlawini </td></tr><tr><td style="white-space:nowrap">Ludvondvolweni<a name="SzChiefdomCS-Ludvondvolweni"> </a></td><td>Ludvondvolweni</td></tr><tr><td style="white-space:nowrap">Ludzibini<a name="SzChiefdomCS-Ludzibini"> </a></td><td>Ludzibini</td></tr><tr><td style="white-space:nowrap">Luhhumaneni_kaNdeva<a name="SzChiefdomCS-Luhhumaneni_kaNdeva"> </a></td><td>Luhhumaneni/kaNdeva</td></tr><tr><td style="white-space:nowrap">Luhlangotsini<a name="SzChiefdomCS-Luhlangotsini"> </a></td><td>Luhlangotsini</td></tr><tr><td style="white-space:nowrap">Luhlanyeni<a name="SzChiefdomCS-Luhlanyeni"> </a></td><td>Luhlanyeni</td></tr><tr><td style="white-space:nowrap">Luhleko<a name="SzChiefdomCS-Luhleko"> </a></td><td>Luhleko</td></tr><tr><td style="white-space:nowrap">Luhlekweni<a name="SzChiefdomCS-Luhlekweni"> </a></td><td>Luhlekweni</td></tr><tr><td style="white-space:nowrap">Luhlendlweni<a name="SzChiefdomCS-Luhlendlweni"> </a></td><td>Luhlendlweni</td></tr><tr><td style="white-space:nowrap">Luhlokohla<a name="SzChiefdomCS-Luhlokohla"> </a></td><td>Luhlokohla</td></tr><tr><td style="white-space:nowrap">Lukhetseni<a name="SzChiefdomCS-Lukhetseni"> </a></td><td>Lukhetseni</td></tr><tr><td style="white-space:nowrap">Lulakeni<a name="SzChiefdomCS-Lulakeni"> </a></td><td>Lulakeni</td></tr><tr><td style="white-space:nowrap">Lundzi<a name="SzChiefdomCS-Lundzi"> </a></td><td>Lundzi</td></tr><tr><td style="white-space:nowrap">Lunkuntfu<a name="SzChiefdomCS-Lunkuntfu"> </a></td><td>Lunkuntfu</td></tr><tr><td style="white-space:nowrap">Lushikishini<a name="SzChiefdomCS-Lushikishini"> </a></td><td>Lushikishini</td></tr><tr><td style="white-space:nowrap">Lushini<a name="SzChiefdomCS-Lushini"> </a></td><td>Lushini</td></tr><tr><td style="white-space:nowrap">Lusitini<a name="SzChiefdomCS-Lusitini"> </a></td><td>Lusitini</td></tr><tr><td style="white-space:nowrap">Luyengo<a name="SzChiefdomCS-Luyengo"> </a></td><td>Luyengo</td></tr><tr><td style="white-space:nowrap">Luzelweni<a name="SzChiefdomCS-Luzelweni"> </a></td><td>Luzelweni</td></tr><tr><td style="white-space:nowrap">Lwandle<a name="SzChiefdomCS-Lwandle"> </a></td><td>Lwandle</td></tr><tr><td style="white-space:nowrap">Mabantaneni<a name="SzChiefdomCS-Mabantaneni"> </a></td><td>Mabantaneni</td></tr><tr><td style="white-space:nowrap">Mabhukwini<a name="SzChiefdomCS-Mabhukwini"> </a></td><td>Mabhukwini</td></tr><tr><td style="white-space:nowrap">Mabonabulawe<a name="SzChiefdomCS-Mabonabulawe"> </a></td><td>Mabonabulawe</td></tr><tr><td style="white-space:nowrap">Macetjeni<a name="SzChiefdomCS-Macetjeni"> </a></td><td>Macetjeni</td></tr><tr><td style="white-space:nowrap">Macetjeni_Mabondvweni<a name="SzChiefdomCS-Macetjeni_Mabondvweni"> </a></td><td>Macetjeni (Mabondvweni)</td></tr><tr><td style="white-space:nowrap">Macudvulwini<a name="SzChiefdomCS-Macudvulwini"> </a></td><td>Macudvulwini</td></tr><tr><td style="white-space:nowrap">Madlenya<a name="SzChiefdomCS-Madlenya"> </a></td><td>Madlenya</td></tr><tr><td style="white-space:nowrap">Madlolo<a name="SzChiefdomCS-Madlolo"> </a></td><td>Madlolo</td></tr><tr><td style="white-space:nowrap">Mafucula<a name="SzChiefdomCS-Mafucula"> </a></td><td>Mafucula</td></tr><tr><td style="white-space:nowrap">Mafutseni<a name="SzChiefdomCS-Mafutseni"> </a></td><td>Mafutseni</td></tr><tr><td style="white-space:nowrap">Magele<a name="SzChiefdomCS-Magele"> </a></td><td>Magele</td></tr><tr><td style="white-space:nowrap">Mahhashini<a name="SzChiefdomCS-Mahhashini"> </a></td><td>Mahhashini</td></tr><tr><td style="white-space:nowrap">Mahlalini<a name="SzChiefdomCS-Mahlalini"> </a></td><td>Mahlalini</td></tr><tr><td style="white-space:nowrap">Mahlanya<a name="SzChiefdomCS-Mahlanya"> </a></td><td>Mahlanya</td></tr><tr><td style="white-space:nowrap">Makhewu<a name="SzChiefdomCS-Makhewu"> </a></td><td>Makhewu</td></tr><tr><td style="white-space:nowrap">Makholweni<a name="SzChiefdomCS-Makholweni"> </a></td><td>Makholweni</td></tr><tr><td style="white-space:nowrap">Makhwelela<a name="SzChiefdomCS-Makhwelela"> </a></td><td>Makhwelela</td></tr><tr><td style="white-space:nowrap">Malanti<a name="SzChiefdomCS-Malanti"> </a></td><td>Malanti</td></tr><tr><td style="white-space:nowrap">Malindza<a name="SzChiefdomCS-Malindza"> </a></td><td>Malindza</td></tr><tr><td style="white-space:nowrap">Maliyaduma<a name="SzChiefdomCS-Maliyaduma"> </a></td><td>Maliyaduma</td></tr><tr><td style="white-space:nowrap">Mambane<a name="SzChiefdomCS-Mambane"> </a></td><td>Mambane</td></tr><tr><td style="white-space:nowrap">Mambatfweni<a name="SzChiefdomCS-Mambatfweni"> </a></td><td>Mambatfweni</td></tr><tr><td style="white-space:nowrap">Mamisa<a name="SzChiefdomCS-Mamisa"> </a></td><td>Mamisa</td></tr><tr><td style="white-space:nowrap">Mampondweni<a name="SzChiefdomCS-Mampondweni"> </a></td><td>Mampondweni</td></tr><tr><td style="white-space:nowrap">Mangcongco_Zenukeni<a name="SzChiefdomCS-Mangcongco_Zenukeni"> </a></td><td>Mangcongco/Zenukeni</td></tr><tr><td style="white-space:nowrap">Mangwaneni<a name="SzChiefdomCS-Mangwaneni"> </a></td><td>Mangwaneni </td></tr><tr><td style="white-space:nowrap">Mangweni<a name="SzChiefdomCS-Mangweni"> </a></td><td>Mangweni</td></tr><tr><td style="white-space:nowrap">Mantabeni<a name="SzChiefdomCS-Mantabeni"> </a></td><td>Mantabeni</td></tr><tr><td style="white-space:nowrap">Manyandzeni<a name="SzChiefdomCS-Manyandzeni"> </a></td><td>Manyandzeni </td></tr><tr><td style="white-space:nowrap">Manyiseni<a name="SzChiefdomCS-Manyiseni"> </a></td><td>Manyiseni</td></tr><tr><td style="white-space:nowrap">Manzana<a name="SzChiefdomCS-Manzana"> </a></td><td>Manzana</td></tr><tr><td style="white-space:nowrap">Manzini_Central<a name="SzChiefdomCS-Manzini_Central"> </a></td><td>Manzini Central</td></tr><tr><td style="white-space:nowrap">Maphalaleni<a name="SzChiefdomCS-Maphalaleni"> </a></td><td>Maphalaleni</td></tr><tr><td style="white-space:nowrap">Maphilingo<a name="SzChiefdomCS-Maphilingo"> </a></td><td>Maphilingo</td></tr><tr><td style="white-space:nowrap">Maphungwane<a name="SzChiefdomCS-Maphungwane"> </a></td><td>Maphungwane</td></tr><tr><td style="white-space:nowrap">Maplotini<a name="SzChiefdomCS-Maplotini"> </a></td><td>Maplotini</td></tr><tr><td style="white-space:nowrap">Mashobeni<a name="SzChiefdomCS-Mashobeni"> </a></td><td>Mashobeni</td></tr><tr><td style="white-space:nowrap">Mashobeni_North<a name="SzChiefdomCS-Mashobeni_North"> </a></td><td>Mashobeni North</td></tr><tr><td style="white-space:nowrap">Masibini<a name="SzChiefdomCS-Masibini"> </a></td><td>Masibini</td></tr><tr><td style="white-space:nowrap">Masundvwini<a name="SzChiefdomCS-Masundvwini"> </a></td><td>Masundvwini</td></tr><tr><td style="white-space:nowrap">Mathendele<a name="SzChiefdomCS-Mathendele"> </a></td><td>Mathendele</td></tr><tr><td style="white-space:nowrap">Mavula<a name="SzChiefdomCS-Mavula"> </a></td><td>Mavula</td></tr><tr><td style="white-space:nowrap">Mbabala<a name="SzChiefdomCS-Mbabala"> </a></td><td>Mbabala</td></tr><tr><td style="white-space:nowrap">Mbabane<a name="SzChiefdomCS-Mbabane"> </a></td><td>Mbabane</td></tr><tr><td style="white-space:nowrap">Mbangave<a name="SzChiefdomCS-Mbangave"> </a></td><td>Mbangave</td></tr><tr><td style="white-space:nowrap">Mbangweni<a name="SzChiefdomCS-Mbangweni"> </a></td><td>Mbangweni</td></tr><tr><td style="white-space:nowrap">Mbeka<a name="SzChiefdomCS-Mbeka"> </a></td><td>Mbeka</td></tr><tr><td style="white-space:nowrap">Mbekelweni<a name="SzChiefdomCS-Mbekelweni"> </a></td><td>Mbekelweni</td></tr><tr><td style="white-space:nowrap">Mbelebeleni<a name="SzChiefdomCS-Mbelebeleni"> </a></td><td>Mbelebeleni</td></tr><tr><td style="white-space:nowrap">Mbilaneni<a name="SzChiefdomCS-Mbilaneni"> </a></td><td>Mbilaneni</td></tr><tr><td style="white-space:nowrap">Mcengeni<a name="SzChiefdomCS-Mcengeni"> </a></td><td>Mcengeni</td></tr><tr><td style="white-space:nowrap">Mchinsweni<a name="SzChiefdomCS-Mchinsweni"> </a></td><td>Mchinsweni </td></tr><tr><td style="white-space:nowrap">Mdumezulu<a name="SzChiefdomCS-Mdumezulu"> </a></td><td>Mdumezulu</td></tr><tr><td style="white-space:nowrap">Mdzimba_Lofokati<a name="SzChiefdomCS-Mdzimba_Lofokati"> </a></td><td>Mdzimba/Lofokati</td></tr><tr><td style="white-space:nowrap">Meleti<a name="SzChiefdomCS-Meleti"> </a></td><td>Meleti</td></tr><tr><td style="white-space:nowrap">Mfasini<a name="SzChiefdomCS-Mfasini"> </a></td><td>Mfasini</td></tr><tr><td style="white-space:nowrap">Mfeni<a name="SzChiefdomCS-Mfeni"> </a></td><td>Mfeni</td></tr><tr><td style="white-space:nowrap">Mgazini<a name="SzChiefdomCS-Mgazini"> </a></td><td>Mgazini</td></tr><tr><td style="white-space:nowrap">Mgomfelweni<a name="SzChiefdomCS-Mgomfelweni"> </a></td><td>Mgomfelweni</td></tr><tr><td style="white-space:nowrap">Mgungundlovu<a name="SzChiefdomCS-Mgungundlovu"> </a></td><td>Mgungundlovu</td></tr><tr><td style="white-space:nowrap">Mhawini<a name="SzChiefdomCS-Mhawini"> </a></td><td>Mhawini</td></tr><tr><td style="white-space:nowrap">Mhlahlweni<a name="SzChiefdomCS-Mhlahlweni"> </a></td><td>Mhlahlweni </td></tr><tr><td style="white-space:nowrap">Mhlane<a name="SzChiefdomCS-Mhlane"> </a></td><td>Mhlane</td></tr><tr><td style="white-space:nowrap">Mhlangatane<a name="SzChiefdomCS-Mhlangatane"> </a></td><td>Mhlangatane</td></tr><tr><td style="white-space:nowrap">Mhlume<a name="SzChiefdomCS-Mhlume"> </a></td><td>Mhlume</td></tr><tr><td style="white-space:nowrap">Mhobodleni<a name="SzChiefdomCS-Mhobodleni"> </a></td><td>Mhobodleni</td></tr><tr><td style="white-space:nowrap">Mjingo<a name="SzChiefdomCS-Mjingo"> </a></td><td>Mjingo </td></tr><tr><td style="white-space:nowrap">Mkhitsini<a name="SzChiefdomCS-Mkhitsini"> </a></td><td>Mkhitsini</td></tr><tr><td style="white-space:nowrap">Mkhulamini<a name="SzChiefdomCS-Mkhulamini"> </a></td><td>Mkhulamini</td></tr><tr><td style="white-space:nowrap">Mkhuzweni<a name="SzChiefdomCS-Mkhuzweni"> </a></td><td>Mkhuzweni</td></tr><tr><td style="white-space:nowrap">Mkhweni<a name="SzChiefdomCS-Mkhweni"> </a></td><td>Mkhweni</td></tr><tr><td style="white-space:nowrap">Mlindazwe<a name="SzChiefdomCS-Mlindazwe"> </a></td><td>Mlindazwe</td></tr><tr><td style="white-space:nowrap">Mnyenyweni<a name="SzChiefdomCS-Mnyenyweni"> </a></td><td>Mnyenyweni</td></tr><tr><td style="white-space:nowrap">Moneni<a name="SzChiefdomCS-Moneni"> </a></td><td>Moneni</td></tr><tr><td style="white-space:nowrap">Mpangisweni<a name="SzChiefdomCS-Mpangisweni"> </a></td><td>Mpangisweni</td></tr><tr><td style="white-space:nowrap">Mphankhomo<a name="SzChiefdomCS-Mphankhomo"> </a></td><td>Mphankhomo</td></tr><tr><td style="white-space:nowrap">Mphini<a name="SzChiefdomCS-Mphini"> </a></td><td>Mphini</td></tr><tr><td style="white-space:nowrap">Mphofu<a name="SzChiefdomCS-Mphofu"> </a></td><td>Mphofu</td></tr><tr><td style="white-space:nowrap">Mphumakudze<a name="SzChiefdomCS-Mphumakudze"> </a></td><td>Mphumakudze</td></tr><tr><td style="white-space:nowrap">Mpolonjeni<a name="SzChiefdomCS-Mpolonjeni"> </a></td><td>Mpolonjeni</td></tr><tr><td style="white-space:nowrap">Mshingishingini<a name="SzChiefdomCS-Mshingishingini"> </a></td><td>Mshingishingini</td></tr><tr><td style="white-space:nowrap">Msunduza<a name="SzChiefdomCS-Msunduza"> </a></td><td>Msunduza</td></tr><tr><td style="white-space:nowrap">Mvembili<a name="SzChiefdomCS-Mvembili"> </a></td><td>Mvembili</td></tr><tr><td style="white-space:nowrap">Mvuma<a name="SzChiefdomCS-Mvuma"> </a></td><td>Mvuma</td></tr><tr><td style="white-space:nowrap">Mzimnene<a name="SzChiefdomCS-Mzimnene"> </a></td><td>Mzimnene</td></tr><tr><td style="white-space:nowrap">Ncabaneni<a name="SzChiefdomCS-Ncabaneni"> </a></td><td>Ncabaneni</td></tr><tr><td style="white-space:nowrap">Nceka<a name="SzChiefdomCS-Nceka"> </a></td><td>Nceka</td></tr><tr><td style="white-space:nowrap">Nciniselweni<a name="SzChiefdomCS-Nciniselweni"> </a></td><td>Nciniselweni</td></tr><tr><td style="white-space:nowrap">Ndinda<a name="SzChiefdomCS-Ndinda"> </a></td><td>Ndinda</td></tr><tr><td style="white-space:nowrap">Ndlandlameni<a name="SzChiefdomCS-Ndlandlameni"> </a></td><td>Ndlandlameni</td></tr><tr><td style="white-space:nowrap">Ndlinilembi<a name="SzChiefdomCS-Ndlinilembi"> </a></td><td>Ndlinilembi</td></tr><tr><td style="white-space:nowrap">Nduma<a name="SzChiefdomCS-Nduma"> </a></td><td>Nduma</td></tr><tr><td style="white-space:nowrap">Ndunayithini<a name="SzChiefdomCS-Ndunayithini"> </a></td><td>Ndunayithini</td></tr><tr><td style="white-space:nowrap">Ndushulweni<a name="SzChiefdomCS-Ndushulweni"> </a></td><td>Ndushulweni</td></tr><tr><td style="white-space:nowrap">Ndvwabangeni<a name="SzChiefdomCS-Ndvwabangeni"> </a></td><td>Ndvwabangeni</td></tr><tr><td style="white-space:nowrap">Ndzangu<a name="SzChiefdomCS-Ndzangu"> </a></td><td>Ndzangu</td></tr><tr><td style="white-space:nowrap">Ndzeleni<a name="SzChiefdomCS-Ndzeleni"> </a></td><td>Ndzeleni</td></tr><tr><td style="white-space:nowrap">Ndzingeni<a name="SzChiefdomCS-Ndzingeni"> </a></td><td>Ndzingeni</td></tr><tr><td style="white-space:nowrap">Ngcayini<a name="SzChiefdomCS-Ngcayini"> </a></td><td>Ngcayini</td></tr><tr><td style="white-space:nowrap">Ngcina<a name="SzChiefdomCS-Ngcina"> </a></td><td>Ngcina</td></tr><tr><td style="white-space:nowrap">Ngcoseni<a name="SzChiefdomCS-Ngcoseni"> </a></td><td>Ngcoseni</td></tr><tr><td style="white-space:nowrap">Ngculwini<a name="SzChiefdomCS-Ngculwini"> </a></td><td>Ngculwini</td></tr><tr><td style="white-space:nowrap">Ngevini<a name="SzChiefdomCS-Ngevini"> </a></td><td>Ngevini</td></tr><tr><td style="white-space:nowrap">Nginamadvolo<a name="SzChiefdomCS-Nginamadvolo"> </a></td><td>Nginamadvolo</td></tr><tr><td style="white-space:nowrap">Ngobelweni<a name="SzChiefdomCS-Ngobelweni"> </a></td><td>Ngobelweni</td></tr><tr><td style="white-space:nowrap">Ngololweni<a name="SzChiefdomCS-Ngololweni"> </a></td><td>Ngololweni</td></tr><tr><td style="white-space:nowrap">Ngonini<a name="SzChiefdomCS-Ngonini"> </a></td><td>Ngonini</td></tr><tr><td style="white-space:nowrap">Ngwane_Park<a name="SzChiefdomCS-Ngwane_Park"> </a></td><td>Ngwane Park</td></tr><tr><td style="white-space:nowrap">Ngwenyameni<a name="SzChiefdomCS-Ngwenyameni"> </a></td><td>Ngwenyameni</td></tr><tr><td style="white-space:nowrap">Nhlalabantfu<a name="SzChiefdomCS-Nhlalabantfu"> </a></td><td>Nhlalabantfu</td></tr><tr><td style="white-space:nowrap">Nhlanguyavuka<a name="SzChiefdomCS-Nhlanguyavuka"> </a></td><td>Nhlanguyavuka</td></tr><tr><td style="white-space:nowrap">Nhletjeni<a name="SzChiefdomCS-Nhletjeni"> </a></td><td>Nhletjeni</td></tr><tr><td style="white-space:nowrap">Nhlulweni<a name="SzChiefdomCS-Nhlulweni"> </a></td><td>Nhlulweni</td></tr><tr><td style="white-space:nowrap">Njabulweni<a name="SzChiefdomCS-Njabulweni"> </a></td><td>Njabulweni</td></tr><tr><td style="white-space:nowrap">Njelu<a name="SzChiefdomCS-Njelu"> </a></td><td>Njelu</td></tr><tr><td style="white-space:nowrap">Nkalaneni<a name="SzChiefdomCS-Nkalaneni"> </a></td><td>Nkalaneni</td></tr><tr><td style="white-space:nowrap">Nkamanzi<a name="SzChiefdomCS-Nkamanzi"> </a></td><td>Nkamanzi</td></tr><tr><td style="white-space:nowrap">Nkhaba<a name="SzChiefdomCS-Nkhaba"> </a></td><td>Nkhaba</td></tr><tr><td style="white-space:nowrap">Nkhanini<a name="SzChiefdomCS-Nkhanini"> </a></td><td>Nkhanini</td></tr><tr><td style="white-space:nowrap">Nkhanini_Lusabeni<a name="SzChiefdomCS-Nkhanini_Lusabeni"> </a></td><td>Nkhanini/Lusabeni</td></tr><tr><td style="white-space:nowrap">Nkhungwini<a name="SzChiefdomCS-Nkhungwini"> </a></td><td>Nkhungwini</td></tr><tr><td style="white-space:nowrap">Nkiliji<a name="SzChiefdomCS-Nkiliji"> </a></td><td>Nkiliji</td></tr><tr><td style="white-space:nowrap">Nkomonye<a name="SzChiefdomCS-Nkomonye"> </a></td><td>Nkomonye</td></tr><tr><td style="white-space:nowrap">Nkonjwa<a name="SzChiefdomCS-Nkonjwa"> </a></td><td>Nkonjwa</td></tr><tr><td style="white-space:nowrap">Nkonka<a name="SzChiefdomCS-Nkonka"> </a></td><td>Nkonka</td></tr><tr><td style="white-space:nowrap">Nkwalini<a name="SzChiefdomCS-Nkwalini"> </a></td><td>Nkwalini </td></tr><tr><td style="white-space:nowrap">Nkwene<a name="SzChiefdomCS-Nkwene"> </a></td><td>Nkwene</td></tr><tr><td style="white-space:nowrap">Nokwane<a name="SzChiefdomCS-Nokwane"> </a></td><td>Nokwane</td></tr><tr><td style="white-space:nowrap">Nsalitje<a name="SzChiefdomCS-Nsalitje"> </a></td><td>Nsalitje</td></tr><tr><td style="white-space:nowrap">Nsangwini<a name="SzChiefdomCS-Nsangwini"> </a></td><td>Nsangwini</td></tr><tr><td style="white-space:nowrap">Nsenga<a name="SzChiefdomCS-Nsenga"> </a></td><td>Nsenga</td></tr><tr><td style="white-space:nowrap">Nshamanti<a name="SzChiefdomCS-Nshamanti"> </a></td><td>Nshamanti</td></tr><tr><td style="white-space:nowrap">Nsingizini<a name="SzChiefdomCS-Nsingizini"> </a></td><td>Nsingizini</td></tr><tr><td style="white-space:nowrap">Nsingweni<a name="SzChiefdomCS-Nsingweni"> </a></td><td>Nsingweni</td></tr><tr><td style="white-space:nowrap">Nsubane<a name="SzChiefdomCS-Nsubane"> </a></td><td>Nsubane</td></tr><tr><td style="white-space:nowrap">Nsukazi<a name="SzChiefdomCS-Nsukazi"> </a></td><td>Nsukazi </td></tr><tr><td style="white-space:nowrap">Nswaceni<a name="SzChiefdomCS-Nswaceni"> </a></td><td>Nswaceni</td></tr><tr><td style="white-space:nowrap">Ntandweni_Malindza<a name="SzChiefdomCS-Ntandweni_Malindza"> </a></td><td>Ntandweni (Malindza)</td></tr><tr><td style="white-space:nowrap">Ntondozi<a name="SzChiefdomCS-Ntondozi"> </a></td><td>Ntondozi</td></tr><tr><td style="white-space:nowrap">Ntsanjeni<a name="SzChiefdomCS-Ntsanjeni"> </a></td><td>Ntsanjeni</td></tr><tr><td style="white-space:nowrap">Ntunja<a name="SzChiefdomCS-Ntunja"> </a></td><td>Ntunja</td></tr><tr><td style="white-space:nowrap">Ntuthwakazi<a name="SzChiefdomCS-Ntuthwakazi"> </a></td><td>Ntuthwakazi</td></tr><tr><td style="white-space:nowrap">Nyakatfo<a name="SzChiefdomCS-Nyakatfo"> </a></td><td>Nyakatfo</td></tr><tr><td style="white-space:nowrap">Nyakeni<a name="SzChiefdomCS-Nyakeni"> </a></td><td>Nyakeni</td></tr><tr><td style="white-space:nowrap">Nyatsini<a name="SzChiefdomCS-Nyatsini"> </a></td><td>Nyatsini</td></tr><tr><td style="white-space:nowrap">Nyonyane_Maguga<a name="SzChiefdomCS-Nyonyane_Maguga"> </a></td><td>Nyonyane/ Maguga</td></tr><tr><td style="white-space:nowrap">Nzameya<a name="SzChiefdomCS-Nzameya"> </a></td><td>Nzameya</td></tr><tr><td style="white-space:nowrap">Ondiyaneni<a name="SzChiefdomCS-Ondiyaneni"> </a></td><td>Ondiyaneni</td></tr><tr><td style="white-space:nowrap">Phafeni<a name="SzChiefdomCS-Phafeni"> </a></td><td>Phafeni</td></tr><tr><td style="white-space:nowrap">Phangweni<a name="SzChiefdomCS-Phangweni"> </a></td><td>Phangweni</td></tr><tr><td style="white-space:nowrap">Phobane<a name="SzChiefdomCS-Phobane"> </a></td><td>Phobane</td></tr><tr><td style="white-space:nowrap">Piggs_Peak<a name="SzChiefdomCS-Piggs_Peak"> </a></td><td>Piggs Peak</td></tr><tr><td style="white-space:nowrap">Qomintaba<a name="SzChiefdomCS-Qomintaba"> </a></td><td>Qomintaba</td></tr><tr><td style="white-space:nowrap">Sandlane_Ekuthuleni<a name="SzChiefdomCS-Sandlane_Ekuthuleni"> </a></td><td>Sandlane/Ekuthuleni</td></tr><tr><td style="white-space:nowrap">Sankolweni<a name="SzChiefdomCS-Sankolweni"> </a></td><td>Sankolweni</td></tr><tr><td style="white-space:nowrap">Shewula<a name="SzChiefdomCS-Shewula"> </a></td><td>Shewula</td></tr><tr><td style="white-space:nowrap">Sibuyeni<a name="SzChiefdomCS-Sibuyeni"> </a></td><td>Sibuyeni</td></tr><tr><td style="white-space:nowrap">Sidvwashini<a name="SzChiefdomCS-Sidvwashini"> </a></td><td>Sidvwashini</td></tr><tr><td style="white-space:nowrap">Sidwala<a name="SzChiefdomCS-Sidwala"> </a></td><td>Sidwala</td></tr><tr><td style="white-space:nowrap">Sidwashini<a name="SzChiefdomCS-Sidwashini"> </a></td><td>Sidwashini</td></tr><tr><td style="white-space:nowrap">Sigangeni<a name="SzChiefdomCS-Sigangeni"> </a></td><td>Sigangeni</td></tr><tr><td style="white-space:nowrap">Sigcaweni_East<a name="SzChiefdomCS-Sigcaweni_East"> </a></td><td>Sigcaweni East</td></tr><tr><td style="white-space:nowrap">Sigcaweni_West<a name="SzChiefdomCS-Sigcaweni_West"> </a></td><td>Sigcaweni West</td></tr><tr><td style="white-space:nowrap">Sigcineni<a name="SzChiefdomCS-Sigcineni"> </a></td><td>Sigcineni </td></tr><tr><td style="white-space:nowrap">Sigombeni<a name="SzChiefdomCS-Sigombeni"> </a></td><td>Sigombeni</td></tr><tr><td style="white-space:nowrap">Sikhotseni<a name="SzChiefdomCS-Sikhotseni"> </a></td><td>Sikhotseni</td></tr><tr><td style="white-space:nowrap">Simemeni<a name="SzChiefdomCS-Simemeni"> </a></td><td>Simemeni </td></tr><tr><td style="white-space:nowrap">Simunye<a name="SzChiefdomCS-Simunye"> </a></td><td>Simunye</td></tr><tr><td style="white-space:nowrap">Siphocosini<a name="SzChiefdomCS-Siphocosini"> </a></td><td>Siphocosini</td></tr><tr><td style="white-space:nowrap">Sisingeni<a name="SzChiefdomCS-Sisingeni"> </a></td><td>Sisingeni</td></tr><tr><td style="white-space:nowrap">Sitsatsaweni<a name="SzChiefdomCS-Sitsatsaweni"> </a></td><td>Sitsatsaweni</td></tr><tr><td style="white-space:nowrap">Sitseni<a name="SzChiefdomCS-Sitseni"> </a></td><td>Sitseni</td></tr><tr><td style="white-space:nowrap">Siyendle<a name="SzChiefdomCS-Siyendle"> </a></td><td>Siyendle</td></tr><tr><td style="white-space:nowrap">St_Pauls<a name="SzChiefdomCS-St_Pauls"> </a></td><td>St Pauls</td></tr><tr><td style="white-space:nowrap">Tambankulu<a name="SzChiefdomCS-Tambankulu"> </a></td><td>Tambankulu</td></tr><tr><td style="white-space:nowrap">Tambuti<a name="SzChiefdomCS-Tambuti"> </a></td><td>Tambuti</td></tr><tr><td style="white-space:nowrap">Tfuntini_Buhlebuyeza<a name="SzChiefdomCS-Tfuntini_Buhlebuyeza"> </a></td><td>Tfuntini/Buhlebuyeza    </td></tr><tr><td style="white-space:nowrap">Ticancweni<a name="SzChiefdomCS-Ticancweni"> </a></td><td>Ticancweni</td></tr><tr><td style="white-space:nowrap">Tikhuba<a name="SzChiefdomCS-Tikhuba"> </a></td><td>Tikhuba</td></tr><tr><td style="white-space:nowrap">Timbutini<a name="SzChiefdomCS-Timbutini"> </a></td><td>Timbutini</td></tr><tr><td style="white-space:nowrap">Tsambokhulu<a name="SzChiefdomCS-Tsambokhulu"> </a></td><td>Tsambokhulu</td></tr><tr><td style="white-space:nowrap">Tshaneni<a name="SzChiefdomCS-Tshaneni"> </a></td><td>Tshaneni</td></tr><tr><td style="white-space:nowrap">Unspecified<a name="SzChiefdomCS-Unspecified"> </a></td><td>Unspecified</td></tr><tr><td style="white-space:nowrap">Velezizweni<a name="SzChiefdomCS-Velezizweni"> </a></td><td>Velezizweni</td></tr><tr><td style="white-space:nowrap">Vikizijula<a name="SzChiefdomCS-Vikizijula"> </a></td><td>Vikizijula</td></tr><tr><td style="white-space:nowrap">Vimbizibuko<a name="SzChiefdomCS-Vimbizibuko"> </a></td><td>Vimbizibuko</td></tr><tr><td style="white-space:nowrap">Vusweni<a name="SzChiefdomCS-Vusweni"> </a></td><td>Vusweni</td></tr><tr><td style="white-space:nowrap">Vuvulane<a name="SzChiefdomCS-Vuvulane"> </a></td><td>Vuvulane</td></tr><tr><td style="white-space:nowrap">Zabeni<a name="SzChiefdomCS-Zabeni"> </a></td><td>Zabeni</td></tr><tr><td style="white-space:nowrap">Zakhele<a name="SzChiefdomCS-Zakhele"> </a></td><td>Zakhele</td></tr><tr><td style="white-space:nowrap">Zandondo<a name="SzChiefdomCS-Zandondo"> </a></td><td>Zandondo</td></tr><tr><td style="white-space:nowrap">Zenzile<a name="SzChiefdomCS-Zenzile"> </a></td><td>Zenzile</td></tr><tr><td style="white-space:nowrap">Zikhotheni<a name="SzChiefdomCS-Zikhotheni"> </a></td><td>Zikhotheni </td></tr><tr><td style="white-space:nowrap">Zinyane<a name="SzChiefdomCS-Zinyane"> </a></td><td>Zinyane </td></tr><tr><td style="white-space:nowrap">Zombodze<a name="SzChiefdomCS-Zombodze"> </a></td><td>Zombodze</td></tr><tr><td style="white-space:nowrap">Zondwako<a name="SzChiefdomCS-Zondwako"> </a></td><td>Zondwako</td></tr><tr><td style="white-space:nowrap">Zulwini<a name="SzChiefdomCS-Zulwini"> </a></td><td>Zulwini</td></tr></table></div>
  </text>
  <url value="http://172.209.216.154:3447/fhir/CodeSystem/SzChiefdomCS"/>
  <version value="0.1.0"/>
  <name value="SzChiefdomCS"/>
  <title value="Code System: Eswatini Chiefdoms"/>
  <status value="draft"/>
  <date value="2025-07-14T08:08:58+00:00"/>
  <publisher value="Ministry of Health Eswatini"/>
  <contact>
    <name value="Ministry of Health Eswatini"/>
    <telecom>
      <system value="url"/>
      <value value="https://172.209.216.154:3447"/>
    </telecom>
    <telecom>
      <system value="email"/>
      <value value="eswatinihie@moh.gov.sz"/>
    </telecom>
  </contact>
  <description value="Code system for ESwatini Chiefdoms"/>
  <content value="complete"/>
  <count value="320"/>
  <concept>
    <code value="Bambitje"/>
    <display value="Bambitje"/>
  </concept>
  <concept>
    <code value="Benezer"/>
    <display value="Benezer"/>
  </concept>
  <concept>
    <code value="Bhadzeni_1"/>
    <display value="Bhadzeni 1"/>
  </concept>
  <concept>
    <code value="Bhadzeni_2"/>
    <display value="Bhadzeni 2"/>
  </concept>
  <concept>
    <code value="Bhahwini"/>
    <display value="Bhahwini"/>
  </concept>
  <concept>
    <code value="Bhanganoma"/>
    <display value="Bhanganoma"/>
  </concept>
  <concept>
    <code value="Bhekinkhosi"/>
    <display value="Bhekinkhosi"/>
  </concept>
  <concept>
    <code value="Bhudla"/>
    <display value="Bhudla"/>
  </concept>
  <concept>
    <code value="Bhunya"/>
    <display value="Bhunya"/>
  </concept>
  <concept>
    <code value="Bufaneni"/>
    <display value="Bufaneni"/>
  </concept>
  <concept>
    <code value="Bulandzeni"/>
    <display value="Bulandzeni"/>
  </concept>
  <concept>
    <code value="Bulekeni"/>
    <display value="Bulekeni"/>
  </concept>
  <concept>
    <code value="Bulembu_Luhhumaneni_1"/>
    <display value="Bulembu (Luhhumaneni 1)"/>
  </concept>
  <concept>
    <code value="Bulunga"/>
    <display value="Bulunga"/>
  </concept>
  <concept>
    <code value="Buseleni"/>
    <display value="Buseleni"/>
  </concept>
  <concept>
    <code value="Canter_berry"/>
    <display value="Canter berry"/>
  </concept>
  <concept>
    <code value="Crooks_Plantations"/>
    <display value="Crooks Plantations"/>
  </concept>
  <concept>
    <code value="Dilini"/>
    <display value="Dilini"/>
  </concept>
  <concept>
    <code value="Dinabanye"/>
    <display value="Dinabanye"/>
  </concept>
  <concept>
    <code value="Dingizwe"/>
    <display value="Dingizwe"/>
  </concept>
  <concept>
    <code value="Dladleni"/>
    <display value="Dladleni"/>
  </concept>
  <concept>
    <code value="Dlangeni"/>
    <display value="Dlangeni"/>
  </concept>
  <concept>
    <code value="Dlozini"/>
    <display value="Dlozini"/>
  </concept>
  <concept>
    <code value="Dumenkhungwini"/>
    <display value="Dumenkhungwini"/>
  </concept>
  <concept>
    <code value="Dvokolwako"/>
    <display value="Dvokolwako"/>
  </concept>
  <concept>
    <code value="Dvokolwako_Ekuphakameni"/>
    <display value="Dvokolwako / Ekuphakameni"/>
  </concept>
  <concept>
    <code value="Dvudvusini"/>
    <display value="Dvudvusini"/>
  </concept>
  <concept>
    <code value="Dwaleni"/>
    <display value="Dwaleni"/>
  </concept>
  <concept>
    <code value="Dwalile"/>
    <display value="Dwalile"/>
  </concept>
  <concept>
    <code value="Ejubukweni"/>
    <display value="Ejubukweni"/>
  </concept>
  <concept>
    <code value="Ekukhulumeni_Mandlangempisi"/>
    <display value="Ekukhulumeni/ Mandlangempisi"/>
  </concept>
  <concept>
    <code value="ELangeni"/>
    <display value="ELangeni"/>
  </concept>
  <concept>
    <code value="Emalibeni"/>
    <display value="Emalibeni   "/>
  </concept>
  <concept>
    <code value="Emhlangeni"/>
    <display value="Emhlangeni"/>
  </concept>
  <concept>
    <code value="Emvembili"/>
    <display value="Emvembili"/>
  </concept>
  <concept>
    <code value="Eni"/>
    <display value="Eni"/>
  </concept>
  <concept>
    <code value="Eposini"/>
    <display value="Eposini"/>
  </concept>
  <concept>
    <code value="Etjedze"/>
    <display value="Etjedze"/>
  </concept>
  <concept>
    <code value="Ezibondeni_Kashiba"/>
    <display value="Ezibondeni/Kashiba"/>
  </concept>
  <concept>
    <code value="Ezindwendweni"/>
    <display value="Ezindwendweni"/>
  </concept>
  <concept>
    <code value="Ezishineni_Manyeveni"/>
    <display value="Ezishineni/ Manyeveni"/>
  </concept>
  <concept>
    <code value="Fontein"/>
    <display value="Fontein"/>
  </concept>
  <concept>
    <code value="Gamula"/>
    <display value="Gamula"/>
  </concept>
  <concept>
    <code value="Gasa"/>
    <display value="Gasa"/>
  </concept>
  <concept>
    <code value="Gebeni"/>
    <display value="Gebeni"/>
  </concept>
  <concept>
    <code value="Gucuka"/>
    <display value="Gucuka "/>
  </concept>
  <concept>
    <code value="Gundvwini"/>
    <display value="Gundvwini"/>
  </concept>
  <concept>
    <code value="Gundvwini_Lesibovu"/>
    <display value="Gundvwini/Lesibovu"/>
  </concept>
  <concept>
    <code value="Herefords"/>
    <display value="Herefords"/>
  </concept>
  <concept>
    <code value="Hhelehhele"/>
    <display value="Hhelehhele"/>
  </concept>
  <concept>
    <code value="Hhohho"/>
    <display value="Hhohho"/>
  </concept>
  <concept>
    <code value="Hhohho_Emuva"/>
    <display value="Hhohho Emuva"/>
  </concept>
  <concept>
    <code value="Hhuhhuma"/>
    <display value="Hhuhhuma"/>
  </concept>
  <concept>
    <code value="Hlane"/>
    <display value="Hlane"/>
  </concept>
  <concept>
    <code value="Hlane_Bulunga"/>
    <display value="Hlane/Bulunga"/>
  </concept>
  <concept>
    <code value="Hlobane"/>
    <display value="Hlobane"/>
  </concept>
  <concept>
    <code value="Hlutse"/>
    <display value="Hlutse"/>
  </concept>
  <concept>
    <code value="Illovo_Mayaluka"/>
    <display value="Illovo/Mayaluka"/>
  </concept>
  <concept>
    <code value="KaDinga"/>
    <display value="KaDinga"/>
  </concept>
  <concept>
    <code value="KaDlovunga_"/>
    <display value="KaDlovunga "/>
  </concept>
  <concept>
    <code value="kaGwebu"/>
    <display value="kaGwebu"/>
  </concept>
  <concept>
    <code value="kaGwegwe"/>
    <display value="kaGwegwe"/>
  </concept>
  <concept>
    <code value="ka-Hhohho"/>
    <display value="ka-Hhohho"/>
  </concept>
  <concept>
    <code value="KaKholwane"/>
    <display value="KaKholwane"/>
  </concept>
  <concept>
    <code value="kaLanga"/>
    <display value="kaLanga"/>
  </concept>
  <concept>
    <code value="kaLiba"/>
    <display value="kaLiba"/>
  </concept>
  <concept>
    <code value="kaMbhoke"/>
    <display value="kaMbhoke"/>
  </concept>
  <concept>
    <code value="KaMbiko"/>
    <display value="KaMbiko"/>
  </concept>
  <concept>
    <code value="KaMhawu"/>
    <display value="KaMhawu"/>
  </concept>
  <concept>
    <code value="kaMkhweli"/>
    <display value="kaMkhweli"/>
  </concept>
  <concept>
    <code value="KaMshengu"/>
    <display value="KaMshengu"/>
  </concept>
  <concept>
    <code value="KaMzizi"/>
    <display value="KaMzizi"/>
  </concept>
  <concept>
    <code value="KaNdlovu"/>
    <display value="KaNdlovu"/>
  </concept>
  <concept>
    <code value="Kandwandwa"/>
    <display value="Kandwandwa"/>
  </concept>
  <concept>
    <code value="Ka-Nkhambule"/>
    <display value="Ka-Nkhambule"/>
  </concept>
  <concept>
    <code value="Kaphunga"/>
    <display value="Kaphunga"/>
  </concept>
  <concept>
    <code value="kaShoba"/>
    <display value="kaShoba"/>
  </concept>
  <concept>
    <code value="Kasiko"/>
    <display value="Kasiko"/>
  </concept>
  <concept>
    <code value="kaTsambekwako"/>
    <display value="kaTsambekwako"/>
  </concept>
  <concept>
    <code value="kaVuma"/>
    <display value="kaVuma"/>
  </concept>
  <concept>
    <code value="KaZulu"/>
    <display value="KaZulu"/>
  </concept>
  <concept>
    <code value="Khabonina"/>
    <display value="Khabonina"/>
  </concept>
  <concept>
    <code value="Khalangilile"/>
    <display value="Khalangilile"/>
  </concept>
  <concept>
    <code value="Khamsile"/>
    <display value="Khamsile"/>
  </concept>
  <concept>
    <code value="Khuphuka"/>
    <display value="Khuphuka"/>
  </concept>
  <concept>
    <code value="Kudzeni"/>
    <display value="Kudzeni"/>
  </concept>
  <concept>
    <code value="Kufinyeni"/>
    <display value="Kufinyeni"/>
  </concept>
  <concept>
    <code value="Kupheleni"/>
    <display value="Kupheleni"/>
  </concept>
  <concept>
    <code value="Kuphumleni"/>
    <display value="Kuphumleni "/>
  </concept>
  <concept>
    <code value="Kuphumuleni"/>
    <display value="Kuphumuleni"/>
  </concept>
  <concept>
    <code value="Kutsimuleni"/>
    <display value="Kutsimuleni"/>
  </concept>
  <concept>
    <code value="Kuvinjelweni"/>
    <display value="Kuvinjelweni"/>
  </concept>
  <concept>
    <code value="Kwaliweni"/>
    <display value="Kwaliweni"/>
  </concept>
  <concept>
    <code value="Kwaluseni"/>
    <display value="Kwaluseni"/>
  </concept>
  <concept>
    <code value="Kwendzeni"/>
    <display value="Kwendzeni"/>
  </concept>
  <concept>
    <code value="Lamgabhi"/>
    <display value="Lamgabhi"/>
  </concept>
  <concept>
    <code value="Likima"/>
    <display value="Likima"/>
  </concept>
  <concept>
    <code value="Lobamba"/>
    <display value="Lobamba "/>
  </concept>
  <concept>
    <code value="Logoba"/>
    <display value="Logoba"/>
  </concept>
  <concept>
    <code value="Lomahasha"/>
    <display value="Lomahasha"/>
  </concept>
  <concept>
    <code value="Lomfa"/>
    <display value="Lomfa"/>
  </concept>
  <concept>
    <code value="Lomshiyo"/>
    <display value="Lomshiyo"/>
  </concept>
  <concept>
    <code value="Lozitha"/>
    <display value="Lozitha"/>
  </concept>
  <concept>
    <code value="Ludlawini"/>
    <display value="Ludlawini "/>
  </concept>
  <concept>
    <code value="Ludvondvolweni"/>
    <display value="Ludvondvolweni"/>
  </concept>
  <concept>
    <code value="Ludzibini"/>
    <display value="Ludzibini"/>
  </concept>
  <concept>
    <code value="Luhhumaneni_kaNdeva"/>
    <display value="Luhhumaneni/kaNdeva"/>
  </concept>
  <concept>
    <code value="Luhlangotsini"/>
    <display value="Luhlangotsini"/>
  </concept>
  <concept>
    <code value="Luhlanyeni"/>
    <display value="Luhlanyeni"/>
  </concept>
  <concept>
    <code value="Luhleko"/>
    <display value="Luhleko"/>
  </concept>
  <concept>
    <code value="Luhlekweni"/>
    <display value="Luhlekweni"/>
  </concept>
  <concept>
    <code value="Luhlendlweni"/>
    <display value="Luhlendlweni"/>
  </concept>
  <concept>
    <code value="Luhlokohla"/>
    <display value="Luhlokohla"/>
  </concept>
  <concept>
    <code value="Lukhetseni"/>
    <display value="Lukhetseni"/>
  </concept>
  <concept>
    <code value="Lulakeni"/>
    <display value="Lulakeni"/>
  </concept>
  <concept>
    <code value="Lundzi"/>
    <display value="Lundzi"/>
  </concept>
  <concept>
    <code value="Lunkuntfu"/>
    <display value="Lunkuntfu"/>
  </concept>
  <concept>
    <code value="Lushikishini"/>
    <display value="Lushikishini"/>
  </concept>
  <concept>
    <code value="Lushini"/>
    <display value="Lushini"/>
  </concept>
  <concept>
    <code value="Lusitini"/>
    <display value="Lusitini"/>
  </concept>
  <concept>
    <code value="Luyengo"/>
    <display value="Luyengo"/>
  </concept>
  <concept>
    <code value="Luzelweni"/>
    <display value="Luzelweni"/>
  </concept>
  <concept>
    <code value="Lwandle"/>
    <display value="Lwandle"/>
  </concept>
  <concept>
    <code value="Mabantaneni"/>
    <display value="Mabantaneni"/>
  </concept>
  <concept>
    <code value="Mabhukwini"/>
    <display value="Mabhukwini"/>
  </concept>
  <concept>
    <code value="Mabonabulawe"/>
    <display value="Mabonabulawe"/>
  </concept>
  <concept>
    <code value="Macetjeni"/>
    <display value="Macetjeni"/>
  </concept>
  <concept>
    <code value="Macetjeni_Mabondvweni"/>
    <display value="Macetjeni (Mabondvweni)"/>
  </concept>
  <concept>
    <code value="Macudvulwini"/>
    <display value="Macudvulwini"/>
  </concept>
  <concept>
    <code value="Madlenya"/>
    <display value="Madlenya"/>
  </concept>
  <concept>
    <code value="Madlolo"/>
    <display value="Madlolo"/>
  </concept>
  <concept>
    <code value="Mafucula"/>
    <display value="Mafucula"/>
  </concept>
  <concept>
    <code value="Mafutseni"/>
    <display value="Mafutseni"/>
  </concept>
  <concept>
    <code value="Magele"/>
    <display value="Magele"/>
  </concept>
  <concept>
    <code value="Mahhashini"/>
    <display value="Mahhashini"/>
  </concept>
  <concept>
    <code value="Mahlalini"/>
    <display value="Mahlalini"/>
  </concept>
  <concept>
    <code value="Mahlanya"/>
    <display value="Mahlanya"/>
  </concept>
  <concept>
    <code value="Makhewu"/>
    <display value="Makhewu"/>
  </concept>
  <concept>
    <code value="Makholweni"/>
    <display value="Makholweni"/>
  </concept>
  <concept>
    <code value="Makhwelela"/>
    <display value="Makhwelela"/>
  </concept>
  <concept>
    <code value="Malanti"/>
    <display value="Malanti"/>
  </concept>
  <concept>
    <code value="Malindza"/>
    <display value="Malindza"/>
  </concept>
  <concept>
    <code value="Maliyaduma"/>
    <display value="Maliyaduma"/>
  </concept>
  <concept>
    <code value="Mambane"/>
    <display value="Mambane"/>
  </concept>
  <concept>
    <code value="Mambatfweni"/>
    <display value="Mambatfweni"/>
  </concept>
  <concept>
    <code value="Mamisa"/>
    <display value="Mamisa"/>
  </concept>
  <concept>
    <code value="Mampondweni"/>
    <display value="Mampondweni"/>
  </concept>
  <concept>
    <code value="Mangcongco_Zenukeni"/>
    <display value="Mangcongco/Zenukeni"/>
  </concept>
  <concept>
    <code value="Mangwaneni"/>
    <display value="Mangwaneni "/>
  </concept>
  <concept>
    <code value="Mangweni"/>
    <display value="Mangweni"/>
  </concept>
  <concept>
    <code value="Mantabeni"/>
    <display value="Mantabeni"/>
  </concept>
  <concept>
    <code value="Manyandzeni"/>
    <display value="Manyandzeni "/>
  </concept>
  <concept>
    <code value="Manyiseni"/>
    <display value="Manyiseni"/>
  </concept>
  <concept>
    <code value="Manzana"/>
    <display value="Manzana"/>
  </concept>
  <concept>
    <code value="Manzini_Central"/>
    <display value="Manzini Central"/>
  </concept>
  <concept>
    <code value="Maphalaleni"/>
    <display value="Maphalaleni"/>
  </concept>
  <concept>
    <code value="Maphilingo"/>
    <display value="Maphilingo"/>
  </concept>
  <concept>
    <code value="Maphungwane"/>
    <display value="Maphungwane"/>
  </concept>
  <concept>
    <code value="Maplotini"/>
    <display value="Maplotini"/>
  </concept>
  <concept>
    <code value="Mashobeni"/>
    <display value="Mashobeni"/>
  </concept>
  <concept>
    <code value="Mashobeni_North"/>
    <display value="Mashobeni North"/>
  </concept>
  <concept>
    <code value="Masibini"/>
    <display value="Masibini"/>
  </concept>
  <concept>
    <code value="Masundvwini"/>
    <display value="Masundvwini"/>
  </concept>
  <concept>
    <code value="Mathendele"/>
    <display value="Mathendele"/>
  </concept>
  <concept>
    <code value="Mavula"/>
    <display value="Mavula"/>
  </concept>
  <concept>
    <code value="Mbabala"/>
    <display value="Mbabala"/>
  </concept>
  <concept>
    <code value="Mbabane"/>
    <display value="Mbabane"/>
  </concept>
  <concept>
    <code value="Mbangave"/>
    <display value="Mbangave"/>
  </concept>
  <concept>
    <code value="Mbangweni"/>
    <display value="Mbangweni"/>
  </concept>
  <concept>
    <code value="Mbeka"/>
    <display value="Mbeka"/>
  </concept>
  <concept>
    <code value="Mbekelweni"/>
    <display value="Mbekelweni"/>
  </concept>
  <concept>
    <code value="Mbelebeleni"/>
    <display value="Mbelebeleni"/>
  </concept>
  <concept>
    <code value="Mbilaneni"/>
    <display value="Mbilaneni"/>
  </concept>
  <concept>
    <code value="Mcengeni"/>
    <display value="Mcengeni"/>
  </concept>
  <concept>
    <code value="Mchinsweni"/>
    <display value="Mchinsweni "/>
  </concept>
  <concept>
    <code value="Mdumezulu"/>
    <display value="Mdumezulu"/>
  </concept>
  <concept>
    <code value="Mdzimba_Lofokati"/>
    <display value="Mdzimba/Lofokati"/>
  </concept>
  <concept>
    <code value="Meleti"/>
    <display value="Meleti"/>
  </concept>
  <concept>
    <code value="Mfasini"/>
    <display value="Mfasini"/>
  </concept>
  <concept>
    <code value="Mfeni"/>
    <display value="Mfeni"/>
  </concept>
  <concept>
    <code value="Mgazini"/>
    <display value="Mgazini"/>
  </concept>
  <concept>
    <code value="Mgomfelweni"/>
    <display value="Mgomfelweni"/>
  </concept>
  <concept>
    <code value="Mgungundlovu"/>
    <display value="Mgungundlovu"/>
  </concept>
  <concept>
    <code value="Mhawini"/>
    <display value="Mhawini"/>
  </concept>
  <concept>
    <code value="Mhlahlweni"/>
    <display value="Mhlahlweni "/>
  </concept>
  <concept>
    <code value="Mhlane"/>
    <display value="Mhlane"/>
  </concept>
  <concept>
    <code value="Mhlangatane"/>
    <display value="Mhlangatane"/>
  </concept>
  <concept>
    <code value="Mhlume"/>
    <display value="Mhlume"/>
  </concept>
  <concept>
    <code value="Mhobodleni"/>
    <display value="Mhobodleni"/>
  </concept>
  <concept>
    <code value="Mjingo"/>
    <display value="Mjingo "/>
  </concept>
  <concept>
    <code value="Mkhitsini"/>
    <display value="Mkhitsini"/>
  </concept>
  <concept>
    <code value="Mkhulamini"/>
    <display value="Mkhulamini"/>
  </concept>
  <concept>
    <code value="Mkhuzweni"/>
    <display value="Mkhuzweni"/>
  </concept>
  <concept>
    <code value="Mkhweni"/>
    <display value="Mkhweni"/>
  </concept>
  <concept>
    <code value="Mlindazwe"/>
    <display value="Mlindazwe"/>
  </concept>
  <concept>
    <code value="Mnyenyweni"/>
    <display value="Mnyenyweni"/>
  </concept>
  <concept>
    <code value="Moneni"/>
    <display value="Moneni"/>
  </concept>
  <concept>
    <code value="Mpangisweni"/>
    <display value="Mpangisweni"/>
  </concept>
  <concept>
    <code value="Mphankhomo"/>
    <display value="Mphankhomo"/>
  </concept>
  <concept>
    <code value="Mphini"/>
    <display value="Mphini"/>
  </concept>
  <concept>
    <code value="Mphofu"/>
    <display value="Mphofu"/>
  </concept>
  <concept>
    <code value="Mphumakudze"/>
    <display value="Mphumakudze"/>
  </concept>
  <concept>
    <code value="Mpolonjeni"/>
    <display value="Mpolonjeni"/>
  </concept>
  <concept>
    <code value="Mshingishingini"/>
    <display value="Mshingishingini"/>
  </concept>
  <concept>
    <code value="Msunduza"/>
    <display value="Msunduza"/>
  </concept>
  <concept>
    <code value="Mvembili"/>
    <display value="Mvembili"/>
  </concept>
  <concept>
    <code value="Mvuma"/>
    <display value="Mvuma"/>
  </concept>
  <concept>
    <code value="Mzimnene"/>
    <display value="Mzimnene"/>
  </concept>
  <concept>
    <code value="Ncabaneni"/>
    <display value="Ncabaneni"/>
  </concept>
  <concept>
    <code value="Nceka"/>
    <display value="Nceka"/>
  </concept>
  <concept>
    <code value="Nciniselweni"/>
    <display value="Nciniselweni"/>
  </concept>
  <concept>
    <code value="Ndinda"/>
    <display value="Ndinda"/>
  </concept>
  <concept>
    <code value="Ndlandlameni"/>
    <display value="Ndlandlameni"/>
  </concept>
  <concept>
    <code value="Ndlinilembi"/>
    <display value="Ndlinilembi"/>
  </concept>
  <concept>
    <code value="Nduma"/>
    <display value="Nduma"/>
  </concept>
  <concept>
    <code value="Ndunayithini"/>
    <display value="Ndunayithini"/>
  </concept>
  <concept>
    <code value="Ndushulweni"/>
    <display value="Ndushulweni"/>
  </concept>
  <concept>
    <code value="Ndvwabangeni"/>
    <display value="Ndvwabangeni"/>
  </concept>
  <concept>
    <code value="Ndzangu"/>
    <display value="Ndzangu"/>
  </concept>
  <concept>
    <code value="Ndzeleni"/>
    <display value="Ndzeleni"/>
  </concept>
  <concept>
    <code value="Ndzingeni"/>
    <display value="Ndzingeni"/>
  </concept>
  <concept>
    <code value="Ngcayini"/>
    <display value="Ngcayini"/>
  </concept>
  <concept>
    <code value="Ngcina"/>
    <display value="Ngcina"/>
  </concept>
  <concept>
    <code value="Ngcoseni"/>
    <display value="Ngcoseni"/>
  </concept>
  <concept>
    <code value="Ngculwini"/>
    <display value="Ngculwini"/>
  </concept>
  <concept>
    <code value="Ngevini"/>
    <display value="Ngevini"/>
  </concept>
  <concept>
    <code value="Nginamadvolo"/>
    <display value="Nginamadvolo"/>
  </concept>
  <concept>
    <code value="Ngobelweni"/>
    <display value="Ngobelweni"/>
  </concept>
  <concept>
    <code value="Ngololweni"/>
    <display value="Ngololweni"/>
  </concept>
  <concept>
    <code value="Ngonini"/>
    <display value="Ngonini"/>
  </concept>
  <concept>
    <code value="Ngwane_Park"/>
    <display value="Ngwane Park"/>
  </concept>
  <concept>
    <code value="Ngwenyameni"/>
    <display value="Ngwenyameni"/>
  </concept>
  <concept>
    <code value="Nhlalabantfu"/>
    <display value="Nhlalabantfu"/>
  </concept>
  <concept>
    <code value="Nhlanguyavuka"/>
    <display value="Nhlanguyavuka"/>
  </concept>
  <concept>
    <code value="Nhletjeni"/>
    <display value="Nhletjeni"/>
  </concept>
  <concept>
    <code value="Nhlulweni"/>
    <display value="Nhlulweni"/>
  </concept>
  <concept>
    <code value="Njabulweni"/>
    <display value="Njabulweni"/>
  </concept>
  <concept>
    <code value="Njelu"/>
    <display value="Njelu"/>
  </concept>
  <concept>
    <code value="Nkalaneni"/>
    <display value="Nkalaneni"/>
  </concept>
  <concept>
    <code value="Nkamanzi"/>
    <display value="Nkamanzi"/>
  </concept>
  <concept>
    <code value="Nkhaba"/>
    <display value="Nkhaba"/>
  </concept>
  <concept>
    <code value="Nkhanini"/>
    <display value="Nkhanini"/>
  </concept>
  <concept>
    <code value="Nkhanini_Lusabeni"/>
    <display value="Nkhanini/Lusabeni"/>
  </concept>
  <concept>
    <code value="Nkhungwini"/>
    <display value="Nkhungwini"/>
  </concept>
  <concept>
    <code value="Nkiliji"/>
    <display value="Nkiliji"/>
  </concept>
  <concept>
    <code value="Nkomonye"/>
    <display value="Nkomonye"/>
  </concept>
  <concept>
    <code value="Nkonjwa"/>
    <display value="Nkonjwa"/>
  </concept>
  <concept>
    <code value="Nkonka"/>
    <display value="Nkonka"/>
  </concept>
  <concept>
    <code value="Nkwalini"/>
    <display value="Nkwalini "/>
  </concept>
  <concept>
    <code value="Nkwene"/>
    <display value="Nkwene"/>
  </concept>
  <concept>
    <code value="Nokwane"/>
    <display value="Nokwane"/>
  </concept>
  <concept>
    <code value="Nsalitje"/>
    <display value="Nsalitje"/>
  </concept>
  <concept>
    <code value="Nsangwini"/>
    <display value="Nsangwini"/>
  </concept>
  <concept>
    <code value="Nsenga"/>
    <display value="Nsenga"/>
  </concept>
  <concept>
    <code value="Nshamanti"/>
    <display value="Nshamanti"/>
  </concept>
  <concept>
    <code value="Nsingizini"/>
    <display value="Nsingizini"/>
  </concept>
  <concept>
    <code value="Nsingweni"/>
    <display value="Nsingweni"/>
  </concept>
  <concept>
    <code value="Nsubane"/>
    <display value="Nsubane"/>
  </concept>
  <concept>
    <code value="Nsukazi"/>
    <display value="Nsukazi "/>
  </concept>
  <concept>
    <code value="Nswaceni"/>
    <display value="Nswaceni"/>
  </concept>
  <concept>
    <code value="Ntandweni_Malindza"/>
    <display value="Ntandweni (Malindza)"/>
  </concept>
  <concept>
    <code value="Ntondozi"/>
    <display value="Ntondozi"/>
  </concept>
  <concept>
    <code value="Ntsanjeni"/>
    <display value="Ntsanjeni"/>
  </concept>
  <concept>
    <code value="Ntunja"/>
    <display value="Ntunja"/>
  </concept>
  <concept>
    <code value="Ntuthwakazi"/>
    <display value="Ntuthwakazi"/>
  </concept>
  <concept>
    <code value="Nyakatfo"/>
    <display value="Nyakatfo"/>
  </concept>
  <concept>
    <code value="Nyakeni"/>
    <display value="Nyakeni"/>
  </concept>
  <concept>
    <code value="Nyatsini"/>
    <display value="Nyatsini"/>
  </concept>
  <concept>
    <code value="Nyonyane_Maguga"/>
    <display value="Nyonyane/ Maguga"/>
  </concept>
  <concept>
    <code value="Nzameya"/>
    <display value="Nzameya"/>
  </concept>
  <concept>
    <code value="Ondiyaneni"/>
    <display value="Ondiyaneni"/>
  </concept>
  <concept>
    <code value="Phafeni"/>
    <display value="Phafeni"/>
  </concept>
  <concept>
    <code value="Phangweni"/>
    <display value="Phangweni"/>
  </concept>
  <concept>
    <code value="Phobane"/>
    <display value="Phobane"/>
  </concept>
  <concept>
    <code value="Piggs_Peak"/>
    <display value="Piggs Peak"/>
  </concept>
  <concept>
    <code value="Qomintaba"/>
    <display value="Qomintaba"/>
  </concept>
  <concept>
    <code value="Sandlane_Ekuthuleni"/>
    <display value="Sandlane/Ekuthuleni"/>
  </concept>
  <concept>
    <code value="Sankolweni"/>
    <display value="Sankolweni"/>
  </concept>
  <concept>
    <code value="Shewula"/>
    <display value="Shewula"/>
  </concept>
  <concept>
    <code value="Sibuyeni"/>
    <display value="Sibuyeni"/>
  </concept>
  <concept>
    <code value="Sidvwashini"/>
    <display value="Sidvwashini"/>
  </concept>
  <concept>
    <code value="Sidwala"/>
    <display value="Sidwala"/>
  </concept>
  <concept>
    <code value="Sidwashini"/>
    <display value="Sidwashini"/>
  </concept>
  <concept>
    <code value="Sigangeni"/>
    <display value="Sigangeni"/>
  </concept>
  <concept>
    <code value="Sigcaweni_East"/>
    <display value="Sigcaweni East"/>
  </concept>
  <concept>
    <code value="Sigcaweni_West"/>
    <display value="Sigcaweni West"/>
  </concept>
  <concept>
    <code value="Sigcineni"/>
    <display value="Sigcineni "/>
  </concept>
  <concept>
    <code value="Sigombeni"/>
    <display value="Sigombeni"/>
  </concept>
  <concept>
    <code value="Sikhotseni"/>
    <display value="Sikhotseni"/>
  </concept>
  <concept>
    <code value="Simemeni"/>
    <display value="Simemeni "/>
  </concept>
  <concept>
    <code value="Simunye"/>
    <display value="Simunye"/>
  </concept>
  <concept>
    <code value="Siphocosini"/>
    <display value="Siphocosini"/>
  </concept>
  <concept>
    <code value="Sisingeni"/>
    <display value="Sisingeni"/>
  </concept>
  <concept>
    <code value="Sitsatsaweni"/>
    <display value="Sitsatsaweni"/>
  </concept>
  <concept>
    <code value="Sitseni"/>
    <display value="Sitseni"/>
  </concept>
  <concept>
    <code value="Siyendle"/>
    <display value="Siyendle"/>
  </concept>
  <concept>
    <code value="St_Pauls"/>
    <display value="St Pauls"/>
  </concept>
  <concept>
    <code value="Tambankulu"/>
    <display value="Tambankulu"/>
  </concept>
  <concept>
    <code value="Tambuti"/>
    <display value="Tambuti"/>
  </concept>
  <concept>
    <code value="Tfuntini_Buhlebuyeza"/>
    <display value="Tfuntini/Buhlebuyeza    "/>
  </concept>
  <concept>
    <code value="Ticancweni"/>
    <display value="Ticancweni"/>
  </concept>
  <concept>
    <code value="Tikhuba"/>
    <display value="Tikhuba"/>
  </concept>
  <concept>
    <code value="Timbutini"/>
    <display value="Timbutini"/>
  </concept>
  <concept>
    <code value="Tsambokhulu"/>
    <display value="Tsambokhulu"/>
  </concept>
  <concept>
    <code value="Tshaneni"/>
    <display value="Tshaneni"/>
  </concept>
  <concept>
    <code value="Unspecified"/>
    <display value="Unspecified"/>
  </concept>
  <concept>
    <code value="Velezizweni"/>
    <display value="Velezizweni"/>
  </concept>
  <concept>
    <code value="Vikizijula"/>
    <display value="Vikizijula"/>
  </concept>
  <concept>
    <code value="Vimbizibuko"/>
    <display value="Vimbizibuko"/>
  </concept>
  <concept>
    <code value="Vusweni"/>
    <display value="Vusweni"/>
  </concept>
  <concept>
    <code value="Vuvulane"/>
    <display value="Vuvulane"/>
  </concept>
  <concept>
    <code value="Zabeni"/>
    <display value="Zabeni"/>
  </concept>
  <concept>
    <code value="Zakhele"/>
    <display value="Zakhele"/>
  </concept>
  <concept>
    <code value="Zandondo"/>
    <display value="Zandondo"/>
  </concept>
  <concept>
    <code value="Zenzile"/>
    <display value="Zenzile"/>
  </concept>
  <concept>
    <code value="Zikhotheni"/>
    <display value="Zikhotheni "/>
  </concept>
  <concept>
    <code value="Zinyane"/>
    <display value="Zinyane "/>
  </concept>
  <concept>
    <code value="Zombodze"/>
    <display value="Zombodze"/>
  </concept>
  <concept>
    <code value="Zondwako"/>
    <display value="Zondwako"/>
  </concept>
  <concept>
    <code value="Zulwini"/>
    <display value="Zulwini"/>
  </concept>
</CodeSystem>