<?xml version="1.0" encoding="UTF-8"?>

<CodeSystem xmlns="http://hl7.org/fhir">
  <id value="SzChiefdomCS"/>
  <text>
    <status value="generated"/><div xmlns="http://www.w3.org/1999/xhtml"><p class="res-header-id"><b>Generated Narrative: CodeSystem SzChiefdomCS</b></p><a name="SzChiefdomCS"> </a><a name="hcSzChiefdomCS"> </a><p>This  code system <code>http://172.209.216.154:3447/fhir/CodeSystem/SzChiefdomCS</code> defines the following codes:</p><table class="codes"><tr><td style="white-space:nowrap"><b>Code</b></td><td><b>Display</b></td></tr><tr><td style="white-space:nowrap">-99<a name="SzChiefdomCS--99"> </a></td><td>Unspecified</td></tr><tr><td style="white-space:nowrap">1<a name="SzChiefdomCS-1"> </a></td><td>Lamgabhi </td></tr><tr><td style="white-space:nowrap">2<a name="SzChiefdomCS-2"> </a></td><td>Dlangeni</td></tr><tr><td style="white-space:nowrap">3<a name="SzChiefdomCS-3"> </a></td><td>Kasiko</td></tr><tr><td style="white-space:nowrap">4<a name="SzChiefdomCS-4"> </a></td><td>Sitseni</td></tr><tr><td style="white-space:nowrap">5<a name="SzChiefdomCS-5"> </a></td><td>Zulwini</td></tr><tr><td style="white-space:nowrap">6<a name="SzChiefdomCS-6"> </a></td><td>ELangeni</td></tr><tr><td style="white-space:nowrap">7<a name="SzChiefdomCS-7"> </a></td><td>Lobamba </td></tr><tr><td style="white-space:nowrap">8<a name="SzChiefdomCS-8"> </a></td><td>Nkhanini</td></tr><tr><td style="white-space:nowrap">9<a name="SzChiefdomCS-9"> </a></td><td>Zabeni</td></tr><tr><td style="white-space:nowrap">10<a name="SzChiefdomCS-10"> </a></td><td>Zandondo</td></tr><tr><td style="white-space:nowrap">11<a name="SzChiefdomCS-11"> </a></td><td>Gucuka </td></tr><tr><td style="white-space:nowrap">12<a name="SzChiefdomCS-12"> </a></td><td>Tfuntini/Buhlebuyeza    </td></tr><tr><td style="white-space:nowrap">13<a name="SzChiefdomCS-13"> </a></td><td>Dvokolwako / Ekuphakameni</td></tr><tr><td style="white-space:nowrap">14<a name="SzChiefdomCS-14"> </a></td><td>Ekukhulumeni/ Mandlangempisi</td></tr><tr><td style="white-space:nowrap">15<a name="SzChiefdomCS-15"> </a></td><td>Nyonyane/ Maguga</td></tr><tr><td style="white-space:nowrap">16<a name="SzChiefdomCS-16"> </a></td><td>Mavula</td></tr><tr><td style="white-space:nowrap">17<a name="SzChiefdomCS-17"> </a></td><td>Maphalaleni</td></tr><tr><td style="white-space:nowrap">18<a name="SzChiefdomCS-18"> </a></td><td>Dlozini</td></tr><tr><td style="white-space:nowrap">19<a name="SzChiefdomCS-19"> </a></td><td>Mcengeni</td></tr><tr><td style="white-space:nowrap">20<a name="SzChiefdomCS-20"> </a></td><td>Madlolo</td></tr><tr><td style="white-space:nowrap">21<a name="SzChiefdomCS-21"> </a></td><td>Nsingweni</td></tr><tr><td style="white-space:nowrap">22<a name="SzChiefdomCS-22"> </a></td><td>Mfeni</td></tr><tr><td style="white-space:nowrap">23<a name="SzChiefdomCS-23"> </a></td><td>Mkhuzweni</td></tr><tr><td style="white-space:nowrap">24<a name="SzChiefdomCS-24"> </a></td><td>Mfasini</td></tr><tr><td style="white-space:nowrap">25<a name="SzChiefdomCS-25"> </a></td><td>Mkhweni</td></tr><tr><td style="white-space:nowrap">26<a name="SzChiefdomCS-26"> </a></td><td>Mavula</td></tr><tr><td style="white-space:nowrap">27<a name="SzChiefdomCS-27"> </a></td><td>Herefords</td></tr><tr><td style="white-space:nowrap">28<a name="SzChiefdomCS-28"> </a></td><td>Msunduza</td></tr><tr><td style="white-space:nowrap">29<a name="SzChiefdomCS-29"> </a></td><td>Fontein</td></tr><tr><td style="white-space:nowrap">30<a name="SzChiefdomCS-30"> </a></td><td>Sidwashini</td></tr><tr><td style="white-space:nowrap">31<a name="SzChiefdomCS-31"> </a></td><td>Mdzimba/Lofokati</td></tr><tr><td style="white-space:nowrap">32<a name="SzChiefdomCS-32"> </a></td><td>Manzana</td></tr><tr><td style="white-space:nowrap">33<a name="SzChiefdomCS-33"> </a></td><td>Nkwalini </td></tr><tr><td style="white-space:nowrap">34<a name="SzChiefdomCS-34"> </a></td><td>Mangwaneni </td></tr><tr><td style="white-space:nowrap">35<a name="SzChiefdomCS-35"> </a></td><td>Mangweni</td></tr><tr><td style="white-space:nowrap">36<a name="SzChiefdomCS-36"> </a></td><td>Ndvwabangeni</td></tr><tr><td style="white-space:nowrap">37<a name="SzChiefdomCS-37"> </a></td><td>Nhlanguyavuka</td></tr><tr><td style="white-space:nowrap">38<a name="SzChiefdomCS-38"> </a></td><td>Zinyane </td></tr><tr><td style="white-space:nowrap">39<a name="SzChiefdomCS-39"> </a></td><td>Emalibeni   </td></tr><tr><td style="white-space:nowrap">40<a name="SzChiefdomCS-40"> </a></td><td>Sidvwashini</td></tr><tr><td style="white-space:nowrap">41<a name="SzChiefdomCS-41"> </a></td><td>Nyakatfo</td></tr><tr><td style="white-space:nowrap">42<a name="SzChiefdomCS-42"> </a></td><td>Mphofu</td></tr><tr><td style="white-space:nowrap">43<a name="SzChiefdomCS-43"> </a></td><td>Mgungundlovu</td></tr><tr><td style="white-space:nowrap">44<a name="SzChiefdomCS-44"> </a></td><td>Nkamanzi</td></tr><tr><td style="white-space:nowrap">45<a name="SzChiefdomCS-45"> </a></td><td>Ludlawini </td></tr><tr><td style="white-space:nowrap">46<a name="SzChiefdomCS-46"> </a></td><td>Mvuma</td></tr><tr><td style="white-space:nowrap">47<a name="SzChiefdomCS-47"> </a></td><td>Bulandzeni</td></tr><tr><td style="white-space:nowrap">48<a name="SzChiefdomCS-48"> </a></td><td>Ndzingeni</td></tr><tr><td style="white-space:nowrap">49<a name="SzChiefdomCS-49"> </a></td><td>Kwaliweni</td></tr><tr><td style="white-space:nowrap">50<a name="SzChiefdomCS-50"> </a></td><td>Meleti</td></tr><tr><td style="white-space:nowrap">51<a name="SzChiefdomCS-51"> </a></td><td>Ntsanjeni</td></tr><tr><td style="white-space:nowrap">52<a name="SzChiefdomCS-52"> </a></td><td>Ejubukweni</td></tr><tr><td style="white-space:nowrap">53<a name="SzChiefdomCS-53"> </a></td><td>Malanti</td></tr><tr><td style="white-space:nowrap">54<a name="SzChiefdomCS-54"> </a></td><td>Nkhaba</td></tr><tr><td style="white-space:nowrap">55<a name="SzChiefdomCS-55"> </a></td><td>Kuvinjelweni</td></tr><tr><td style="white-space:nowrap">56<a name="SzChiefdomCS-56"> </a></td><td>Vusweni</td></tr><tr><td style="white-space:nowrap">57<a name="SzChiefdomCS-57"> </a></td><td>Mshingishingini</td></tr><tr><td style="white-space:nowrap">58<a name="SzChiefdomCS-58"> </a></td><td>ka-Hhohho</td></tr><tr><td style="white-space:nowrap">59<a name="SzChiefdomCS-59"> </a></td><td>Lomshiyo</td></tr><tr><td style="white-space:nowrap">60<a name="SzChiefdomCS-60"> </a></td><td>Emvembili</td></tr><tr><td style="white-space:nowrap">61<a name="SzChiefdomCS-61"> </a></td><td>Kandwandwa</td></tr><tr><td style="white-space:nowrap">62<a name="SzChiefdomCS-62"> </a></td><td>Hhelehhele</td></tr><tr><td style="white-space:nowrap">63<a name="SzChiefdomCS-63"> </a></td><td>Bulembu (Luhhumaneni 1)</td></tr><tr><td style="white-space:nowrap">64<a name="SzChiefdomCS-64"> </a></td><td>Luhhumaneni/kaNdeva</td></tr><tr><td style="white-space:nowrap">65<a name="SzChiefdomCS-65"> </a></td><td>Luhlangotsini</td></tr><tr><td style="white-space:nowrap">66<a name="SzChiefdomCS-66"> </a></td><td>Piggs Peak</td></tr><tr><td style="white-space:nowrap">67<a name="SzChiefdomCS-67"> </a></td><td>Nginamadvolo</td></tr><tr><td style="white-space:nowrap">68<a name="SzChiefdomCS-68"> </a></td><td>Nsangwini</td></tr><tr><td style="white-space:nowrap">69<a name="SzChiefdomCS-69"> </a></td><td>Siphocosini</td></tr><tr><td style="white-space:nowrap">70<a name="SzChiefdomCS-70"> </a></td><td>Sigangeni</td></tr><tr><td style="white-space:nowrap">71<a name="SzChiefdomCS-71"> </a></td><td>Luhlendlweni</td></tr><tr><td style="white-space:nowrap">72<a name="SzChiefdomCS-72"> </a></td><td>Mantabeni</td></tr><tr><td style="white-space:nowrap">73<a name="SzChiefdomCS-73"> </a></td><td>Mashobeni North</td></tr><tr><td style="white-space:nowrap">74<a name="SzChiefdomCS-74"> </a></td><td>Mvembili</td></tr><tr><td style="white-space:nowrap">75<a name="SzChiefdomCS-75"> </a></td><td>Ludzibini</td></tr><tr><td style="white-space:nowrap">76<a name="SzChiefdomCS-76"> </a></td><td>Hhohho</td></tr><tr><td style="white-space:nowrap">77<a name="SzChiefdomCS-77"> </a></td><td>Hlane</td></tr><tr><td style="white-space:nowrap">78<a name="SzChiefdomCS-78"> </a></td><td>Malindza</td></tr><tr><td style="white-space:nowrap">79<a name="SzChiefdomCS-79"> </a></td><td>Mdumezulu</td></tr><tr><td style="white-space:nowrap">80<a name="SzChiefdomCS-80"> </a></td><td>Njabulweni</td></tr><tr><td style="white-space:nowrap">81<a name="SzChiefdomCS-81"> </a></td><td>Ntandweni (Malindza)</td></tr><tr><td style="white-space:nowrap">82<a name="SzChiefdomCS-82"> </a></td><td>Etjedze</td></tr><tr><td style="white-space:nowrap">83<a name="SzChiefdomCS-83"> </a></td><td>Sigcaweni West</td></tr><tr><td style="white-space:nowrap">84<a name="SzChiefdomCS-84"> </a></td><td>Macetjeni (Mabondvweni)</td></tr><tr><td style="white-space:nowrap">85<a name="SzChiefdomCS-85"> </a></td><td>Hlutse</td></tr><tr><td style="white-space:nowrap">86<a name="SzChiefdomCS-86"> </a></td><td>Macetjeni</td></tr><tr><td style="white-space:nowrap">87<a name="SzChiefdomCS-87"> </a></td><td>Vikizijula</td></tr><tr><td style="white-space:nowrap">88<a name="SzChiefdomCS-88"> </a></td><td>Bulunga</td></tr><tr><td style="white-space:nowrap">89<a name="SzChiefdomCS-89"> </a></td><td>Lomahasha</td></tr><tr><td style="white-space:nowrap">90<a name="SzChiefdomCS-90"> </a></td><td>Shewula</td></tr><tr><td style="white-space:nowrap">91<a name="SzChiefdomCS-91"> </a></td><td>kaVuma</td></tr><tr><td style="white-space:nowrap">92<a name="SzChiefdomCS-92"> </a></td><td>Canter berry</td></tr><tr><td style="white-space:nowrap">93<a name="SzChiefdomCS-93"> </a></td><td>Mabantaneni</td></tr><tr><td style="white-space:nowrap">94<a name="SzChiefdomCS-94"> </a></td><td>Ntuthwakazi</td></tr><tr><td style="white-space:nowrap">95<a name="SzChiefdomCS-95"> </a></td><td>kaLanga</td></tr><tr><td style="white-space:nowrap">96<a name="SzChiefdomCS-96"> </a></td><td>Makhewu</td></tr><tr><td style="white-space:nowrap">97<a name="SzChiefdomCS-97"> </a></td><td>Mlindazwe</td></tr><tr><td style="white-space:nowrap">98<a name="SzChiefdomCS-98"> </a></td><td>Sitsatsaweni</td></tr><tr><td style="white-space:nowrap">99<a name="SzChiefdomCS-99"> </a></td><td>Lukhetseni</td></tr><tr><td style="white-space:nowrap">100<a name="SzChiefdomCS-100"> </a></td><td>Mambane</td></tr><tr><td style="white-space:nowrap">101<a name="SzChiefdomCS-101"> </a></td><td>Maphungwane</td></tr><tr><td style="white-space:nowrap">102<a name="SzChiefdomCS-102"> </a></td><td>Tikhuba</td></tr><tr><td style="white-space:nowrap">103<a name="SzChiefdomCS-103"> </a></td><td>Mafucula</td></tr><tr><td style="white-space:nowrap">104<a name="SzChiefdomCS-104"> </a></td><td>Mhlume</td></tr><tr><td style="white-space:nowrap">105<a name="SzChiefdomCS-105"> </a></td><td>Simunye</td></tr><tr><td style="white-space:nowrap">106<a name="SzChiefdomCS-106"> </a></td><td>Tambankulu</td></tr><tr><td style="white-space:nowrap">107<a name="SzChiefdomCS-107"> </a></td><td>Tshaneni</td></tr><tr><td style="white-space:nowrap">108<a name="SzChiefdomCS-108"> </a></td><td>Vuvulane</td></tr><tr><td style="white-space:nowrap">109<a name="SzChiefdomCS-109"> </a></td><td>Tsambokhulu</td></tr><tr><td style="white-space:nowrap">110<a name="SzChiefdomCS-110"> </a></td><td>kaShoba</td></tr><tr><td style="white-space:nowrap">111<a name="SzChiefdomCS-111"> </a></td><td>Mpolonjeni</td></tr><tr><td style="white-space:nowrap">112<a name="SzChiefdomCS-112"> </a></td><td>Ndzangu</td></tr><tr><td style="white-space:nowrap">113<a name="SzChiefdomCS-113"> </a></td><td>Ngcina</td></tr><tr><td style="white-space:nowrap">114<a name="SzChiefdomCS-114"> </a></td><td>Sigcaweni East</td></tr><tr><td style="white-space:nowrap">115<a name="SzChiefdomCS-115"> </a></td><td>Crooks Plantations</td></tr><tr><td style="white-space:nowrap">116<a name="SzChiefdomCS-116"> </a></td><td>Gamula</td></tr><tr><td style="white-space:nowrap">117<a name="SzChiefdomCS-117"> </a></td><td>Lunkuntfu</td></tr><tr><td style="white-space:nowrap">118<a name="SzChiefdomCS-118"> </a></td><td>Nkhanini/Lusabeni</td></tr><tr><td style="white-space:nowrap">119<a name="SzChiefdomCS-119"> </a></td><td>Illovo/Mayaluka</td></tr><tr><td style="white-space:nowrap">120<a name="SzChiefdomCS-120"> </a></td><td>Phafeni</td></tr><tr><td style="white-space:nowrap">121<a name="SzChiefdomCS-121"> </a></td><td>Madlenya</td></tr><tr><td style="white-space:nowrap">122<a name="SzChiefdomCS-122"> </a></td><td>Maphilingo</td></tr><tr><td style="white-space:nowrap">123<a name="SzChiefdomCS-123"> </a></td><td>kaMkhweli</td></tr><tr><td style="white-space:nowrap">124<a name="SzChiefdomCS-124"> </a></td><td>Mphumakudze</td></tr><tr><td style="white-space:nowrap">125<a name="SzChiefdomCS-125"> </a></td><td>Nceka</td></tr><tr><td style="white-space:nowrap">126<a name="SzChiefdomCS-126"> </a></td><td>Ngevini</td></tr><tr><td style="white-space:nowrap">127<a name="SzChiefdomCS-127"> </a></td><td>Tambuti</td></tr><tr><td style="white-space:nowrap">128<a name="SzChiefdomCS-128"> </a></td><td>Luhlanyeni</td></tr><tr><td style="white-space:nowrap">129<a name="SzChiefdomCS-129"> </a></td><td>Mamisa</td></tr><tr><td style="white-space:nowrap">130<a name="SzChiefdomCS-130"> </a></td><td>Nkonjwa</td></tr><tr><td style="white-space:nowrap">131<a name="SzChiefdomCS-131"> </a></td><td>Nokwane</td></tr><tr><td style="white-space:nowrap">132<a name="SzChiefdomCS-132"> </a></td><td>Nyakeni</td></tr><tr><td style="white-space:nowrap">133<a name="SzChiefdomCS-133"> </a></td><td>Nkiliji</td></tr><tr><td style="white-space:nowrap">134<a name="SzChiefdomCS-134"> </a></td><td>Bhekinkhosi</td></tr><tr><td style="white-space:nowrap">135<a name="SzChiefdomCS-135"> </a></td><td>Nswaceni</td></tr><tr><td style="white-space:nowrap">136<a name="SzChiefdomCS-136"> </a></td><td>Mkhulamini</td></tr><tr><td style="white-space:nowrap">137<a name="SzChiefdomCS-137"> </a></td><td>Maliyaduma</td></tr><tr><td style="white-space:nowrap">138<a name="SzChiefdomCS-138"> </a></td><td>Mbeka</td></tr><tr><td style="white-space:nowrap">139<a name="SzChiefdomCS-139"> </a></td><td>Kwaluseni</td></tr><tr><td style="white-space:nowrap">140<a name="SzChiefdomCS-140"> </a></td><td>Logoba</td></tr><tr><td style="white-space:nowrap">141<a name="SzChiefdomCS-141"> </a></td><td>Mhlane</td></tr><tr><td style="white-space:nowrap">142<a name="SzChiefdomCS-142"> </a></td><td>Lamgabhi</td></tr><tr><td style="white-space:nowrap">143<a name="SzChiefdomCS-143"> </a></td><td>Dvudvusini</td></tr><tr><td style="white-space:nowrap">144<a name="SzChiefdomCS-144"> </a></td><td>Luhleko</td></tr><tr><td style="white-space:nowrap">145<a name="SzChiefdomCS-145"> </a></td><td>Emhlangeni</td></tr><tr><td style="white-space:nowrap">146<a name="SzChiefdomCS-146"> </a></td><td>Nhlulweni</td></tr><tr><td style="white-space:nowrap">147<a name="SzChiefdomCS-147"> </a></td><td>Kufinyeni</td></tr><tr><td style="white-space:nowrap">148<a name="SzChiefdomCS-148"> </a></td><td>Luyengo</td></tr><tr><td style="white-space:nowrap">149<a name="SzChiefdomCS-149"> </a></td><td>Mahlanya</td></tr><tr><td style="white-space:nowrap">150<a name="SzChiefdomCS-150"> </a></td><td>Ngwenyameni</td></tr><tr><td style="white-space:nowrap">151<a name="SzChiefdomCS-151"> </a></td><td>Mbekelweni</td></tr><tr><td style="white-space:nowrap">152<a name="SzChiefdomCS-152"> </a></td><td>Zombodze</td></tr><tr><td style="white-space:nowrap">153<a name="SzChiefdomCS-153"> </a></td><td>Lozitha</td></tr><tr><td style="white-space:nowrap">154<a name="SzChiefdomCS-154"> </a></td><td>Nkamanzi</td></tr><tr><td style="white-space:nowrap">155<a name="SzChiefdomCS-155"> </a></td><td>Kudzeni</td></tr><tr><td style="white-space:nowrap">156<a name="SzChiefdomCS-156"> </a></td><td>Ngculwini</td></tr><tr><td style="white-space:nowrap">157<a name="SzChiefdomCS-157"> </a></td><td>Ka-Nkhambule</td></tr><tr><td style="white-space:nowrap">158<a name="SzChiefdomCS-158"> </a></td><td>Mafutseni</td></tr><tr><td style="white-space:nowrap">159<a name="SzChiefdomCS-159"> </a></td><td>Luhlokohla</td></tr><tr><td style="white-space:nowrap">160<a name="SzChiefdomCS-160"> </a></td><td>Timbutini</td></tr><tr><td style="white-space:nowrap">161<a name="SzChiefdomCS-161"> </a></td><td>Bhudla</td></tr><tr><td style="white-space:nowrap">162<a name="SzChiefdomCS-162"> </a></td><td>Mgomfelweni</td></tr><tr><td style="white-space:nowrap">163<a name="SzChiefdomCS-163"> </a></td><td>Luzelweni</td></tr><tr><td style="white-space:nowrap">164<a name="SzChiefdomCS-164"> </a></td><td>Mambatfweni</td></tr><tr><td style="white-space:nowrap">165<a name="SzChiefdomCS-165"> </a></td><td>Nsangwini</td></tr><tr><td style="white-space:nowrap">166<a name="SzChiefdomCS-166"> </a></td><td>Mpolonjeni</td></tr><tr><td style="white-space:nowrap">167<a name="SzChiefdomCS-167"> </a></td><td>Ludvondvolweni</td></tr><tr><td style="white-space:nowrap">168<a name="SzChiefdomCS-168"> </a></td><td>KaZulu</td></tr><tr><td style="white-space:nowrap">169<a name="SzChiefdomCS-169"> </a></td><td>Nciniselweni</td></tr><tr><td style="white-space:nowrap">170<a name="SzChiefdomCS-170"> </a></td><td>Ndzeleni</td></tr><tr><td style="white-space:nowrap">171<a name="SzChiefdomCS-171"> </a></td><td>Sigcineni </td></tr><tr><td style="white-space:nowrap">172<a name="SzChiefdomCS-172"> </a></td><td>Bhahwini</td></tr><tr><td style="white-space:nowrap">173<a name="SzChiefdomCS-173"> </a></td><td>Mangcongco/Zenukeni</td></tr><tr><td style="white-space:nowrap">174<a name="SzChiefdomCS-174"> </a></td><td>Sandlane/Ekuthuleni</td></tr><tr><td style="white-space:nowrap">175<a name="SzChiefdomCS-175"> </a></td><td>Mabhukwini</td></tr><tr><td style="white-space:nowrap">176<a name="SzChiefdomCS-176"> </a></td><td>Dwalile</td></tr><tr><td style="white-space:nowrap">177<a name="SzChiefdomCS-177"> </a></td><td>Makholweni</td></tr><tr><td style="white-space:nowrap">178<a name="SzChiefdomCS-178"> </a></td><td>St Pauls</td></tr><tr><td style="white-space:nowrap">179<a name="SzChiefdomCS-179"> </a></td><td>Mnyenyweni</td></tr><tr><td style="white-space:nowrap">180<a name="SzChiefdomCS-180"> </a></td><td>Manzini Central</td></tr><tr><td style="white-space:nowrap">181<a name="SzChiefdomCS-181"> </a></td><td>Dwaleni</td></tr><tr><td style="white-space:nowrap">182<a name="SzChiefdomCS-182"> </a></td><td>Mzimnene</td></tr><tr><td style="white-space:nowrap">183<a name="SzChiefdomCS-183"> </a></td><td>Mhobodleni</td></tr><tr><td style="white-space:nowrap">184<a name="SzChiefdomCS-184"> </a></td><td>Mjingo </td></tr><tr><td style="white-space:nowrap">185<a name="SzChiefdomCS-185"> </a></td><td>Moneni</td></tr><tr><td style="white-space:nowrap">186<a name="SzChiefdomCS-186"> </a></td><td>Ticancweni</td></tr><tr><td style="white-space:nowrap">187<a name="SzChiefdomCS-187"> </a></td><td>Zakhele</td></tr><tr><td style="white-space:nowrap">188<a name="SzChiefdomCS-188"> </a></td><td>Ngwane Park</td></tr><tr><td style="white-space:nowrap">189<a name="SzChiefdomCS-189"> </a></td><td>Zondwako</td></tr><tr><td style="white-space:nowrap">190<a name="SzChiefdomCS-190"> </a></td><td>Lundzi</td></tr><tr><td style="white-space:nowrap">191<a name="SzChiefdomCS-191"> </a></td><td>Dingizwe</td></tr><tr><td style="white-space:nowrap">192<a name="SzChiefdomCS-192"> </a></td><td>Mlindazwe</td></tr><tr><td style="white-space:nowrap">193<a name="SzChiefdomCS-193"> </a></td><td>Mbangave</td></tr><tr><td style="white-space:nowrap">194<a name="SzChiefdomCS-194"> </a></td><td>Bhunya</td></tr><tr><td style="white-space:nowrap">195<a name="SzChiefdomCS-195"> </a></td><td>Dvokolwako</td></tr><tr><td style="white-space:nowrap">196<a name="SzChiefdomCS-196"> </a></td><td>Mbelebeleni</td></tr><tr><td style="white-space:nowrap">197<a name="SzChiefdomCS-197"> </a></td><td>Kutsimuleni</td></tr><tr><td style="white-space:nowrap">198<a name="SzChiefdomCS-198"> </a></td><td>Khuphuka</td></tr><tr><td style="white-space:nowrap">199<a name="SzChiefdomCS-199"> </a></td><td>Likima</td></tr><tr><td style="white-space:nowrap">200<a name="SzChiefdomCS-200"> </a></td><td>Gundvwini</td></tr><tr><td style="white-space:nowrap">201<a name="SzChiefdomCS-201"> </a></td><td>Gundvwini/Lesibovu</td></tr><tr><td style="white-space:nowrap">202<a name="SzChiefdomCS-202"> </a></td><td>Lwandle</td></tr><tr><td style="white-space:nowrap">203<a name="SzChiefdomCS-203"> </a></td><td>Ndlandlameni</td></tr><tr><td style="white-space:nowrap">204<a name="SzChiefdomCS-204"> </a></td><td>Hlane/Bulunga</td></tr><tr><td style="white-space:nowrap">205<a name="SzChiefdomCS-205"> </a></td><td>Dladleni</td></tr><tr><td style="white-space:nowrap">206<a name="SzChiefdomCS-206"> </a></td><td>Ngcoseni</td></tr><tr><td style="white-space:nowrap">207<a name="SzChiefdomCS-207"> </a></td><td>Bhadzeni 1</td></tr><tr><td style="white-space:nowrap">208<a name="SzChiefdomCS-208"> </a></td><td>Velezizweni</td></tr><tr><td style="white-space:nowrap">209<a name="SzChiefdomCS-209"> </a></td><td>Macudvulwini</td></tr><tr><td style="white-space:nowrap">210<a name="SzChiefdomCS-210"> </a></td><td>Ngonini</td></tr><tr><td style="white-space:nowrap">211<a name="SzChiefdomCS-211"> </a></td><td>Njelu</td></tr><tr><td style="white-space:nowrap">212<a name="SzChiefdomCS-212"> </a></td><td>Mphankhomo</td></tr><tr><td style="white-space:nowrap">213<a name="SzChiefdomCS-213"> </a></td><td>Masundvwini</td></tr><tr><td style="white-space:nowrap">214<a name="SzChiefdomCS-214"> </a></td><td>Sibuyeni</td></tr><tr><td style="white-space:nowrap">215<a name="SzChiefdomCS-215"> </a></td><td>Vusweni</td></tr><tr><td style="white-space:nowrap">216<a name="SzChiefdomCS-216"> </a></td><td>Sigombeni</td></tr><tr><td style="white-space:nowrap">217<a name="SzChiefdomCS-217"> </a></td><td>Ntunja</td></tr><tr><td style="white-space:nowrap">218<a name="SzChiefdomCS-218"> </a></td><td>Eni</td></tr><tr><td style="white-space:nowrap">219<a name="SzChiefdomCS-219"> </a></td><td>Ngcayini</td></tr><tr><td style="white-space:nowrap">220<a name="SzChiefdomCS-220"> </a></td><td>Sankolweni</td></tr><tr><td style="white-space:nowrap">221<a name="SzChiefdomCS-221"> </a></td><td>Nsenga</td></tr><tr><td style="white-space:nowrap">222<a name="SzChiefdomCS-222"> </a></td><td>Nsingweni</td></tr><tr><td style="white-space:nowrap">223<a name="SzChiefdomCS-223"> </a></td><td>Ntondozi</td></tr><tr><td style="white-space:nowrap">224<a name="SzChiefdomCS-224"> </a></td><td>Ncabaneni</td></tr><tr><td style="white-space:nowrap">225<a name="SzChiefdomCS-225"> </a></td><td>Khalangilile</td></tr><tr><td style="white-space:nowrap">226<a name="SzChiefdomCS-226"> </a></td><td>Mphini</td></tr><tr><td style="white-space:nowrap">227<a name="SzChiefdomCS-227"> </a></td><td>Ndinda</td></tr><tr><td style="white-space:nowrap">228<a name="SzChiefdomCS-228"> </a></td><td>Ndlinilembi</td></tr><tr><td style="white-space:nowrap">229<a name="SzChiefdomCS-229"> </a></td><td>Gebeni</td></tr><tr><td style="white-space:nowrap">230<a name="SzChiefdomCS-230"> </a></td><td>Mgazini</td></tr><tr><td style="white-space:nowrap">231<a name="SzChiefdomCS-231"> </a></td><td>Bhadzeni 2</td></tr><tr><td style="white-space:nowrap">232<a name="SzChiefdomCS-232"> </a></td><td>Mahhashini</td></tr><tr><td style="white-space:nowrap">233<a name="SzChiefdomCS-233"> </a></td><td>Lushikishini</td></tr><tr><td style="white-space:nowrap">234<a name="SzChiefdomCS-234"> </a></td><td>Khabonina</td></tr><tr><td style="white-space:nowrap">235<a name="SzChiefdomCS-235"> </a></td><td>Dilini</td></tr><tr><td style="white-space:nowrap">236<a name="SzChiefdomCS-236"> </a></td><td>KaDinga</td></tr><tr><td style="white-space:nowrap">237<a name="SzChiefdomCS-237"> </a></td><td>kaTsambekwako</td></tr><tr><td style="white-space:nowrap">238<a name="SzChiefdomCS-238"> </a></td><td>Mashobeni</td></tr><tr><td style="white-space:nowrap">239<a name="SzChiefdomCS-239"> </a></td><td>Mhlahlweni </td></tr><tr><td style="white-space:nowrap">240<a name="SzChiefdomCS-240"> </a></td><td>Mlindazwe</td></tr><tr><td style="white-space:nowrap">241<a name="SzChiefdomCS-241"> </a></td><td>Nshamanti</td></tr><tr><td style="white-space:nowrap">242<a name="SzChiefdomCS-242"> </a></td><td>Nsukazi </td></tr><tr><td style="white-space:nowrap">243<a name="SzChiefdomCS-243"> </a></td><td>Sidwala</td></tr><tr><td style="white-space:nowrap">244<a name="SzChiefdomCS-244"> </a></td><td>Sisingeni</td></tr><tr><td style="white-space:nowrap">245<a name="SzChiefdomCS-245"> </a></td><td>Siyendle</td></tr><tr><td style="white-space:nowrap">246<a name="SzChiefdomCS-246"> </a></td><td>Bufaneni</td></tr><tr><td style="white-space:nowrap">247<a name="SzChiefdomCS-247"> </a></td><td>Hhohho Emuva</td></tr><tr><td style="white-space:nowrap">248<a name="SzChiefdomCS-248"> </a></td><td>kaLiba</td></tr><tr><td style="white-space:nowrap">249<a name="SzChiefdomCS-249"> </a></td><td>Lushini</td></tr><tr><td style="white-space:nowrap">250<a name="SzChiefdomCS-250"> </a></td><td>Manyiseni</td></tr><tr><td style="white-space:nowrap">251<a name="SzChiefdomCS-251"> </a></td><td>Nsingizini</td></tr><tr><td style="white-space:nowrap">252<a name="SzChiefdomCS-252"> </a></td><td>Ondiyaneni</td></tr><tr><td style="white-space:nowrap">253<a name="SzChiefdomCS-253"> </a></td><td>Ezishineni/ Manyeveni</td></tr><tr><td style="white-space:nowrap">254<a name="SzChiefdomCS-254"> </a></td><td>Kaphunga</td></tr><tr><td style="white-space:nowrap">255<a name="SzChiefdomCS-255"> </a></td><td>KaNdlovu</td></tr><tr><td style="white-space:nowrap">256<a name="SzChiefdomCS-256"> </a></td><td>Ngobelweni</td></tr><tr><td style="white-space:nowrap">257<a name="SzChiefdomCS-257"> </a></td><td>Nhlalabantfu</td></tr><tr><td style="white-space:nowrap">258<a name="SzChiefdomCS-258"> </a></td><td>KaKholwane</td></tr><tr><td style="white-space:nowrap">259<a name="SzChiefdomCS-259"> </a></td><td>kaMbhoke</td></tr><tr><td style="white-space:nowrap">260<a name="SzChiefdomCS-260"> </a></td><td>kaGwebu</td></tr><tr><td style="white-space:nowrap">261<a name="SzChiefdomCS-261"> </a></td><td>Gasa</td></tr><tr><td style="white-space:nowrap">262<a name="SzChiefdomCS-262"> </a></td><td>Khamsile</td></tr><tr><td style="white-space:nowrap">263<a name="SzChiefdomCS-263"> </a></td><td>Lomfa</td></tr><tr><td style="white-space:nowrap">264<a name="SzChiefdomCS-264"> </a></td><td>Mbabane</td></tr><tr><td style="white-space:nowrap">265<a name="SzChiefdomCS-265"> </a></td><td>Mbangweni</td></tr><tr><td style="white-space:nowrap">266<a name="SzChiefdomCS-266"> </a></td><td>Nkalaneni</td></tr><tr><td style="white-space:nowrap">267<a name="SzChiefdomCS-267"> </a></td><td>Nzameya</td></tr><tr><td style="white-space:nowrap">268<a name="SzChiefdomCS-268"> </a></td><td>Nkomonye</td></tr><tr><td style="white-space:nowrap">269<a name="SzChiefdomCS-269"> </a></td><td>KaDlovunga </td></tr><tr><td style="white-space:nowrap">270<a name="SzChiefdomCS-270"> </a></td><td>KaMzizi</td></tr><tr><td style="white-space:nowrap">271<a name="SzChiefdomCS-271"> </a></td><td>Masibini</td></tr><tr><td style="white-space:nowrap">272<a name="SzChiefdomCS-272"> </a></td><td>Mbilaneni</td></tr><tr><td style="white-space:nowrap">273<a name="SzChiefdomCS-273"> </a></td><td>Simemeni </td></tr><tr><td style="white-space:nowrap">274<a name="SzChiefdomCS-274"> </a></td><td>Vusweni</td></tr><tr><td style="white-space:nowrap">275<a name="SzChiefdomCS-275"> </a></td><td>Bambitje</td></tr><tr><td style="white-space:nowrap">276<a name="SzChiefdomCS-276"> </a></td><td>Dinabanye</td></tr><tr><td style="white-space:nowrap">277<a name="SzChiefdomCS-277"> </a></td><td>Kwaluseni</td></tr><tr><td style="white-space:nowrap">278<a name="SzChiefdomCS-278"> </a></td><td>Nkonka</td></tr><tr><td style="white-space:nowrap">279<a name="SzChiefdomCS-279"> </a></td><td>Nsalitje</td></tr><tr><td style="white-space:nowrap">280<a name="SzChiefdomCS-280"> </a></td><td>Qomintaba</td></tr><tr><td style="white-space:nowrap">281<a name="SzChiefdomCS-281"> </a></td><td>Benezer</td></tr><tr><td style="white-space:nowrap">282<a name="SzChiefdomCS-282"> </a></td><td>Bhanganoma</td></tr><tr><td style="white-space:nowrap">283<a name="SzChiefdomCS-283"> </a></td><td>Kwendzeni</td></tr><tr><td style="white-space:nowrap">284<a name="SzChiefdomCS-284"> </a></td><td>Magele</td></tr><tr><td style="white-space:nowrap">285<a name="SzChiefdomCS-285"> </a></td><td>Zenzile</td></tr><tr><td style="white-space:nowrap">286<a name="SzChiefdomCS-286"> </a></td><td>KaMbiko</td></tr><tr><td style="white-space:nowrap">287<a name="SzChiefdomCS-287"> </a></td><td>KaMhawu</td></tr><tr><td style="white-space:nowrap">288<a name="SzChiefdomCS-288"> </a></td><td>KaMshengu</td></tr><tr><td style="white-space:nowrap">289<a name="SzChiefdomCS-289"> </a></td><td>Lusitini</td></tr><tr><td style="white-space:nowrap">290<a name="SzChiefdomCS-290"> </a></td><td>Mphini</td></tr><tr><td style="white-space:nowrap">291<a name="SzChiefdomCS-291"> </a></td><td>Ndushulweni</td></tr><tr><td style="white-space:nowrap">292<a name="SzChiefdomCS-292"> </a></td><td>Nokwane</td></tr><tr><td style="white-space:nowrap">293<a name="SzChiefdomCS-293"> </a></td><td>Phobane</td></tr><tr><td style="white-space:nowrap">294<a name="SzChiefdomCS-294"> </a></td><td>Buseleni</td></tr><tr><td style="white-space:nowrap">295<a name="SzChiefdomCS-295"> </a></td><td>Hlobane</td></tr><tr><td style="white-space:nowrap">296<a name="SzChiefdomCS-296"> </a></td><td>Kuphumuleni</td></tr><tr><td style="white-space:nowrap">297<a name="SzChiefdomCS-297"> </a></td><td>Nkwene</td></tr><tr><td style="white-space:nowrap">298<a name="SzChiefdomCS-298"> </a></td><td>kaGwegwe</td></tr><tr><td style="white-space:nowrap">299<a name="SzChiefdomCS-299"> </a></td><td>Ezibondeni/Kashiba</td></tr><tr><td style="white-space:nowrap">300<a name="SzChiefdomCS-300"> </a></td><td>Nhletjeni</td></tr><tr><td style="white-space:nowrap">301<a name="SzChiefdomCS-301"> </a></td><td>Nkhungwini</td></tr><tr><td style="white-space:nowrap">302<a name="SzChiefdomCS-302"> </a></td><td>Ngololweni</td></tr><tr><td style="white-space:nowrap">303<a name="SzChiefdomCS-303"> </a></td><td>Dumenkhungwini</td></tr><tr><td style="white-space:nowrap">304<a name="SzChiefdomCS-304"> </a></td><td>Eposini</td></tr><tr><td style="white-space:nowrap">305<a name="SzChiefdomCS-305"> </a></td><td>Hhuhhuma</td></tr><tr><td style="white-space:nowrap">306<a name="SzChiefdomCS-306"> </a></td><td>Mabonabulawe</td></tr><tr><td style="white-space:nowrap">307<a name="SzChiefdomCS-307"> </a></td><td>Manyandzeni </td></tr><tr><td style="white-space:nowrap">308<a name="SzChiefdomCS-308"> </a></td><td>Mchinsweni </td></tr><tr><td style="white-space:nowrap">309<a name="SzChiefdomCS-309"> </a></td><td>Zikhotheni </td></tr><tr><td style="white-space:nowrap">310<a name="SzChiefdomCS-310"> </a></td><td>Mahlalini</td></tr><tr><td style="white-space:nowrap">311<a name="SzChiefdomCS-311"> </a></td><td>Mbabala</td></tr><tr><td style="white-space:nowrap">312<a name="SzChiefdomCS-312"> </a></td><td>Mbeka</td></tr><tr><td style="white-space:nowrap">313<a name="SzChiefdomCS-313"> </a></td><td>Makhwelela</td></tr><tr><td style="white-space:nowrap">314<a name="SzChiefdomCS-314"> </a></td><td>Mpangisweni</td></tr><tr><td style="white-space:nowrap">315<a name="SzChiefdomCS-315"> </a></td><td>Mbangweni</td></tr><tr><td style="white-space:nowrap">316<a name="SzChiefdomCS-316"> </a></td><td>Mathendele</td></tr><tr><td style="white-space:nowrap">317<a name="SzChiefdomCS-317"> </a></td><td>Mkhitsini</td></tr><tr><td style="white-space:nowrap">318<a name="SzChiefdomCS-318"> </a></td><td>Sikhotseni</td></tr><tr><td style="white-space:nowrap">319<a name="SzChiefdomCS-319"> </a></td><td>Lulakeni</td></tr><tr><td style="white-space:nowrap">320<a name="SzChiefdomCS-320"> </a></td><td>Kuphumleni </td></tr><tr><td style="white-space:nowrap">321<a name="SzChiefdomCS-321"> </a></td><td>Ndunayithini</td></tr><tr><td style="white-space:nowrap">322<a name="SzChiefdomCS-322"> </a></td><td>Nyatsini</td></tr><tr><td style="white-space:nowrap">323<a name="SzChiefdomCS-323"> </a></td><td>Ezindwendweni</td></tr><tr><td style="white-space:nowrap">324<a name="SzChiefdomCS-324"> </a></td><td>Luhlekweni</td></tr><tr><td style="white-space:nowrap">325<a name="SzChiefdomCS-325"> </a></td><td>Maplotini</td></tr><tr><td style="white-space:nowrap">326<a name="SzChiefdomCS-326"> </a></td><td>Ntuthwakazi</td></tr><tr><td style="white-space:nowrap">327<a name="SzChiefdomCS-327"> </a></td><td>Nsubane</td></tr><tr><td style="white-space:nowrap">328<a name="SzChiefdomCS-328"> </a></td><td>Phangweni</td></tr><tr><td style="white-space:nowrap">329<a name="SzChiefdomCS-329"> </a></td><td>Vimbizibuko</td></tr><tr><td style="white-space:nowrap">330<a name="SzChiefdomCS-330"> </a></td><td>Bulekeni</td></tr><tr><td style="white-space:nowrap">331<a name="SzChiefdomCS-331"> </a></td><td>Mampondweni</td></tr><tr><td style="white-space:nowrap">332<a name="SzChiefdomCS-332"> </a></td><td>Ngwenyameni </td></tr><tr><td style="white-space:nowrap">333<a name="SzChiefdomCS-333"> </a></td><td>Zombodze </td></tr><tr><td style="white-space:nowrap">334<a name="SzChiefdomCS-334"> </a></td><td>Nduma</td></tr><tr><td style="white-space:nowrap">335<a name="SzChiefdomCS-335"> </a></td><td>Kupheleni</td></tr><tr><td style="white-space:nowrap">336<a name="SzChiefdomCS-336"> </a></td><td>Mpolonjeni</td></tr><tr><td style="white-space:nowrap">337<a name="SzChiefdomCS-337"> </a></td><td>Nhlalabantfu</td></tr><tr><td style="white-space:nowrap">338<a name="SzChiefdomCS-338"> </a></td><td>Mhlangatane</td></tr><tr><td style="white-space:nowrap">340<a name="SzChiefdomCS-340"> </a></td><td>Mhawini</td></tr></table></div>
  </text>
  <url value="http://172.209.216.154:3447/fhir/CodeSystem/SzChiefdomCS"/>
  <version value="0.1.0"/>
  <name value="SzChiefdomCS"/>
  <title value="Code System: Eswatini Chiefdoms"/>
  <status value="draft"/>
  <date value="2025-09-09T15:13:38+00:00"/>
  <publisher value="Ministry of Health Eswatini"/>
  <contact>
    <name value="Ministry of Health Eswatini"/>
    <telecom>
      <system value="url"/>
      <value value="https://172.209.216.154:3447"/>
    </telecom>
    <telecom>
      <system value="email"/>
      <value value="eswatinihie@moh.gov.sz"/>
    </telecom>
  </contact>
  <description value="Code system for ESwatini Chiefdoms"/>
  <content value="complete"/>
  <count value="340"/>
  <concept>
    <code value="-99"/>
    <display value="Unspecified"/>
  </concept>
  <concept>
    <code value="1"/>
    <display value="Lamgabhi "/>
  </concept>
  <concept>
    <code value="2"/>
    <display value="Dlangeni"/>
  </concept>
  <concept>
    <code value="3"/>
    <display value="Kasiko"/>
  </concept>
  <concept>
    <code value="4"/>
    <display value="Sitseni"/>
  </concept>
  <concept>
    <code value="5"/>
    <display value="Zulwini"/>
  </concept>
  <concept>
    <code value="6"/>
    <display value="ELangeni"/>
  </concept>
  <concept>
    <code value="7"/>
    <display value="Lobamba "/>
  </concept>
  <concept>
    <code value="8"/>
    <display value="Nkhanini"/>
  </concept>
  <concept>
    <code value="9"/>
    <display value="Zabeni"/>
  </concept>
  <concept>
    <code value="10"/>
    <display value="Zandondo"/>
  </concept>
  <concept>
    <code value="11"/>
    <display value="Gucuka "/>
  </concept>
  <concept>
    <code value="12"/>
    <display value="Tfuntini/Buhlebuyeza    "/>
  </concept>
  <concept>
    <code value="13"/>
    <display value="Dvokolwako / Ekuphakameni"/>
  </concept>
  <concept>
    <code value="14"/>
    <display value="Ekukhulumeni/ Mandlangempisi"/>
  </concept>
  <concept>
    <code value="15"/>
    <display value="Nyonyane/ Maguga"/>
  </concept>
  <concept>
    <code value="16"/>
    <display value="Mavula"/>
  </concept>
  <concept>
    <code value="17"/>
    <display value="Maphalaleni"/>
  </concept>
  <concept>
    <code value="18"/>
    <display value="Dlozini"/>
  </concept>
  <concept>
    <code value="19"/>
    <display value="Mcengeni"/>
  </concept>
  <concept>
    <code value="20"/>
    <display value="Madlolo"/>
  </concept>
  <concept>
    <code value="21"/>
    <display value="Nsingweni"/>
  </concept>
  <concept>
    <code value="22"/>
    <display value="Mfeni"/>
  </concept>
  <concept>
    <code value="23"/>
    <display value="Mkhuzweni"/>
  </concept>
  <concept>
    <code value="24"/>
    <display value="Mfasini"/>
  </concept>
  <concept>
    <code value="25"/>
    <display value="Mkhweni"/>
  </concept>
  <concept>
    <code value="26"/>
    <display value="Mavula"/>
  </concept>
  <concept>
    <code value="27"/>
    <display value="Herefords"/>
  </concept>
  <concept>
    <code value="28"/>
    <display value="Msunduza"/>
  </concept>
  <concept>
    <code value="29"/>
    <display value="Fontein"/>
  </concept>
  <concept>
    <code value="30"/>
    <display value="Sidwashini"/>
  </concept>
  <concept>
    <code value="31"/>
    <display value="Mdzimba/Lofokati"/>
  </concept>
  <concept>
    <code value="32"/>
    <display value="Manzana"/>
  </concept>
  <concept>
    <code value="33"/>
    <display value="Nkwalini "/>
  </concept>
  <concept>
    <code value="34"/>
    <display value="Mangwaneni "/>
  </concept>
  <concept>
    <code value="35"/>
    <display value="Mangweni"/>
  </concept>
  <concept>
    <code value="36"/>
    <display value="Ndvwabangeni"/>
  </concept>
  <concept>
    <code value="37"/>
    <display value="Nhlanguyavuka"/>
  </concept>
  <concept>
    <code value="38"/>
    <display value="Zinyane "/>
  </concept>
  <concept>
    <code value="39"/>
    <display value="Emalibeni   "/>
  </concept>
  <concept>
    <code value="40"/>
    <display value="Sidvwashini"/>
  </concept>
  <concept>
    <code value="41"/>
    <display value="Nyakatfo"/>
  </concept>
  <concept>
    <code value="42"/>
    <display value="Mphofu"/>
  </concept>
  <concept>
    <code value="43"/>
    <display value="Mgungundlovu"/>
  </concept>
  <concept>
    <code value="44"/>
    <display value="Nkamanzi"/>
  </concept>
  <concept>
    <code value="45"/>
    <display value="Ludlawini "/>
  </concept>
  <concept>
    <code value="46"/>
    <display value="Mvuma"/>
  </concept>
  <concept>
    <code value="47"/>
    <display value="Bulandzeni"/>
  </concept>
  <concept>
    <code value="48"/>
    <display value="Ndzingeni"/>
  </concept>
  <concept>
    <code value="49"/>
    <display value="Kwaliweni"/>
  </concept>
  <concept>
    <code value="50"/>
    <display value="Meleti"/>
  </concept>
  <concept>
    <code value="51"/>
    <display value="Ntsanjeni"/>
  </concept>
  <concept>
    <code value="52"/>
    <display value="Ejubukweni"/>
  </concept>
  <concept>
    <code value="53"/>
    <display value="Malanti"/>
  </concept>
  <concept>
    <code value="54"/>
    <display value="Nkhaba"/>
  </concept>
  <concept>
    <code value="55"/>
    <display value="Kuvinjelweni"/>
  </concept>
  <concept>
    <code value="56"/>
    <display value="Vusweni"/>
  </concept>
  <concept>
    <code value="57"/>
    <display value="Mshingishingini"/>
  </concept>
  <concept>
    <code value="58"/>
    <display value="ka-Hhohho"/>
  </concept>
  <concept>
    <code value="59"/>
    <display value="Lomshiyo"/>
  </concept>
  <concept>
    <code value="60"/>
    <display value="Emvembili"/>
  </concept>
  <concept>
    <code value="61"/>
    <display value="Kandwandwa"/>
  </concept>
  <concept>
    <code value="62"/>
    <display value="Hhelehhele"/>
  </concept>
  <concept>
    <code value="63"/>
    <display value="Bulembu (Luhhumaneni 1)"/>
  </concept>
  <concept>
    <code value="64"/>
    <display value="Luhhumaneni/kaNdeva"/>
  </concept>
  <concept>
    <code value="65"/>
    <display value="Luhlangotsini"/>
  </concept>
  <concept>
    <code value="66"/>
    <display value="Piggs Peak"/>
  </concept>
  <concept>
    <code value="67"/>
    <display value="Nginamadvolo"/>
  </concept>
  <concept>
    <code value="68"/>
    <display value="Nsangwini"/>
  </concept>
  <concept>
    <code value="69"/>
    <display value="Siphocosini"/>
  </concept>
  <concept>
    <code value="70"/>
    <display value="Sigangeni"/>
  </concept>
  <concept>
    <code value="71"/>
    <display value="Luhlendlweni"/>
  </concept>
  <concept>
    <code value="72"/>
    <display value="Mantabeni"/>
  </concept>
  <concept>
    <code value="73"/>
    <display value="Mashobeni North"/>
  </concept>
  <concept>
    <code value="74"/>
    <display value="Mvembili"/>
  </concept>
  <concept>
    <code value="75"/>
    <display value="Ludzibini"/>
  </concept>
  <concept>
    <code value="76"/>
    <display value="Hhohho"/>
  </concept>
  <concept>
    <code value="77"/>
    <display value="Hlane"/>
  </concept>
  <concept>
    <code value="78"/>
    <display value="Malindza"/>
  </concept>
  <concept>
    <code value="79"/>
    <display value="Mdumezulu"/>
  </concept>
  <concept>
    <code value="80"/>
    <display value="Njabulweni"/>
  </concept>
  <concept>
    <code value="81"/>
    <display value="Ntandweni (Malindza)"/>
  </concept>
  <concept>
    <code value="82"/>
    <display value="Etjedze"/>
  </concept>
  <concept>
    <code value="83"/>
    <display value="Sigcaweni West"/>
  </concept>
  <concept>
    <code value="84"/>
    <display value="Macetjeni (Mabondvweni)"/>
  </concept>
  <concept>
    <code value="85"/>
    <display value="Hlutse"/>
  </concept>
  <concept>
    <code value="86"/>
    <display value="Macetjeni"/>
  </concept>
  <concept>
    <code value="87"/>
    <display value="Vikizijula"/>
  </concept>
  <concept>
    <code value="88"/>
    <display value="Bulunga"/>
  </concept>
  <concept>
    <code value="89"/>
    <display value="Lomahasha"/>
  </concept>
  <concept>
    <code value="90"/>
    <display value="Shewula"/>
  </concept>
  <concept>
    <code value="91"/>
    <display value="kaVuma"/>
  </concept>
  <concept>
    <code value="92"/>
    <display value="Canter berry"/>
  </concept>
  <concept>
    <code value="93"/>
    <display value="Mabantaneni"/>
  </concept>
  <concept>
    <code value="94"/>
    <display value="Ntuthwakazi"/>
  </concept>
  <concept>
    <code value="95"/>
    <display value="kaLanga"/>
  </concept>
  <concept>
    <code value="96"/>
    <display value="Makhewu"/>
  </concept>
  <concept>
    <code value="97"/>
    <display value="Mlindazwe"/>
  </concept>
  <concept>
    <code value="98"/>
    <display value="Sitsatsaweni"/>
  </concept>
  <concept>
    <code value="99"/>
    <display value="Lukhetseni"/>
  </concept>
  <concept>
    <code value="100"/>
    <display value="Mambane"/>
  </concept>
  <concept>
    <code value="101"/>
    <display value="Maphungwane"/>
  </concept>
  <concept>
    <code value="102"/>
    <display value="Tikhuba"/>
  </concept>
  <concept>
    <code value="103"/>
    <display value="Mafucula"/>
  </concept>
  <concept>
    <code value="104"/>
    <display value="Mhlume"/>
  </concept>
  <concept>
    <code value="105"/>
    <display value="Simunye"/>
  </concept>
  <concept>
    <code value="106"/>
    <display value="Tambankulu"/>
  </concept>
  <concept>
    <code value="107"/>
    <display value="Tshaneni"/>
  </concept>
  <concept>
    <code value="108"/>
    <display value="Vuvulane"/>
  </concept>
  <concept>
    <code value="109"/>
    <display value="Tsambokhulu"/>
  </concept>
  <concept>
    <code value="110"/>
    <display value="kaShoba"/>
  </concept>
  <concept>
    <code value="111"/>
    <display value="Mpolonjeni"/>
  </concept>
  <concept>
    <code value="112"/>
    <display value="Ndzangu"/>
  </concept>
  <concept>
    <code value="113"/>
    <display value="Ngcina"/>
  </concept>
  <concept>
    <code value="114"/>
    <display value="Sigcaweni East"/>
  </concept>
  <concept>
    <code value="115"/>
    <display value="Crooks Plantations"/>
  </concept>
  <concept>
    <code value="116"/>
    <display value="Gamula"/>
  </concept>
  <concept>
    <code value="117"/>
    <display value="Lunkuntfu"/>
  </concept>
  <concept>
    <code value="118"/>
    <display value="Nkhanini/Lusabeni"/>
  </concept>
  <concept>
    <code value="119"/>
    <display value="Illovo/Mayaluka"/>
  </concept>
  <concept>
    <code value="120"/>
    <display value="Phafeni"/>
  </concept>
  <concept>
    <code value="121"/>
    <display value="Madlenya"/>
  </concept>
  <concept>
    <code value="122"/>
    <display value="Maphilingo"/>
  </concept>
  <concept>
    <code value="123"/>
    <display value="kaMkhweli"/>
  </concept>
  <concept>
    <code value="124"/>
    <display value="Mphumakudze"/>
  </concept>
  <concept>
    <code value="125"/>
    <display value="Nceka"/>
  </concept>
  <concept>
    <code value="126"/>
    <display value="Ngevini"/>
  </concept>
  <concept>
    <code value="127"/>
    <display value="Tambuti"/>
  </concept>
  <concept>
    <code value="128"/>
    <display value="Luhlanyeni"/>
  </concept>
  <concept>
    <code value="129"/>
    <display value="Mamisa"/>
  </concept>
  <concept>
    <code value="130"/>
    <display value="Nkonjwa"/>
  </concept>
  <concept>
    <code value="131"/>
    <display value="Nokwane"/>
  </concept>
  <concept>
    <code value="132"/>
    <display value="Nyakeni"/>
  </concept>
  <concept>
    <code value="133"/>
    <display value="Nkiliji"/>
  </concept>
  <concept>
    <code value="134"/>
    <display value="Bhekinkhosi"/>
  </concept>
  <concept>
    <code value="135"/>
    <display value="Nswaceni"/>
  </concept>
  <concept>
    <code value="136"/>
    <display value="Mkhulamini"/>
  </concept>
  <concept>
    <code value="137"/>
    <display value="Maliyaduma"/>
  </concept>
  <concept>
    <code value="138"/>
    <display value="Mbeka"/>
  </concept>
  <concept>
    <code value="139"/>
    <display value="Kwaluseni"/>
  </concept>
  <concept>
    <code value="140"/>
    <display value="Logoba"/>
  </concept>
  <concept>
    <code value="141"/>
    <display value="Mhlane"/>
  </concept>
  <concept>
    <code value="142"/>
    <display value="Lamgabhi"/>
  </concept>
  <concept>
    <code value="143"/>
    <display value="Dvudvusini"/>
  </concept>
  <concept>
    <code value="144"/>
    <display value="Luhleko"/>
  </concept>
  <concept>
    <code value="145"/>
    <display value="Emhlangeni"/>
  </concept>
  <concept>
    <code value="146"/>
    <display value="Nhlulweni"/>
  </concept>
  <concept>
    <code value="147"/>
    <display value="Kufinyeni"/>
  </concept>
  <concept>
    <code value="148"/>
    <display value="Luyengo"/>
  </concept>
  <concept>
    <code value="149"/>
    <display value="Mahlanya"/>
  </concept>
  <concept>
    <code value="150"/>
    <display value="Ngwenyameni"/>
  </concept>
  <concept>
    <code value="151"/>
    <display value="Mbekelweni"/>
  </concept>
  <concept>
    <code value="152"/>
    <display value="Zombodze"/>
  </concept>
  <concept>
    <code value="153"/>
    <display value="Lozitha"/>
  </concept>
  <concept>
    <code value="154"/>
    <display value="Nkamanzi"/>
  </concept>
  <concept>
    <code value="155"/>
    <display value="Kudzeni"/>
  </concept>
  <concept>
    <code value="156"/>
    <display value="Ngculwini"/>
  </concept>
  <concept>
    <code value="157"/>
    <display value="Ka-Nkhambule"/>
  </concept>
  <concept>
    <code value="158"/>
    <display value="Mafutseni"/>
  </concept>
  <concept>
    <code value="159"/>
    <display value="Luhlokohla"/>
  </concept>
  <concept>
    <code value="160"/>
    <display value="Timbutini"/>
  </concept>
  <concept>
    <code value="161"/>
    <display value="Bhudla"/>
  </concept>
  <concept>
    <code value="162"/>
    <display value="Mgomfelweni"/>
  </concept>
  <concept>
    <code value="163"/>
    <display value="Luzelweni"/>
  </concept>
  <concept>
    <code value="164"/>
    <display value="Mambatfweni"/>
  </concept>
  <concept>
    <code value="165"/>
    <display value="Nsangwini"/>
  </concept>
  <concept>
    <code value="166"/>
    <display value="Mpolonjeni"/>
  </concept>
  <concept>
    <code value="167"/>
    <display value="Ludvondvolweni"/>
  </concept>
  <concept>
    <code value="168"/>
    <display value="KaZulu"/>
  </concept>
  <concept>
    <code value="169"/>
    <display value="Nciniselweni"/>
  </concept>
  <concept>
    <code value="170"/>
    <display value="Ndzeleni"/>
  </concept>
  <concept>
    <code value="171"/>
    <display value="Sigcineni "/>
  </concept>
  <concept>
    <code value="172"/>
    <display value="Bhahwini"/>
  </concept>
  <concept>
    <code value="173"/>
    <display value="Mangcongco/Zenukeni"/>
  </concept>
  <concept>
    <code value="174"/>
    <display value="Sandlane/Ekuthuleni"/>
  </concept>
  <concept>
    <code value="175"/>
    <display value="Mabhukwini"/>
  </concept>
  <concept>
    <code value="176"/>
    <display value="Dwalile"/>
  </concept>
  <concept>
    <code value="177"/>
    <display value="Makholweni"/>
  </concept>
  <concept>
    <code value="178"/>
    <display value="St Pauls"/>
  </concept>
  <concept>
    <code value="179"/>
    <display value="Mnyenyweni"/>
  </concept>
  <concept>
    <code value="180"/>
    <display value="Manzini Central"/>
  </concept>
  <concept>
    <code value="181"/>
    <display value="Dwaleni"/>
  </concept>
  <concept>
    <code value="182"/>
    <display value="Mzimnene"/>
  </concept>
  <concept>
    <code value="183"/>
    <display value="Mhobodleni"/>
  </concept>
  <concept>
    <code value="184"/>
    <display value="Mjingo "/>
  </concept>
  <concept>
    <code value="185"/>
    <display value="Moneni"/>
  </concept>
  <concept>
    <code value="186"/>
    <display value="Ticancweni"/>
  </concept>
  <concept>
    <code value="187"/>
    <display value="Zakhele"/>
  </concept>
  <concept>
    <code value="188"/>
    <display value="Ngwane Park"/>
  </concept>
  <concept>
    <code value="189"/>
    <display value="Zondwako"/>
  </concept>
  <concept>
    <code value="190"/>
    <display value="Lundzi"/>
  </concept>
  <concept>
    <code value="191"/>
    <display value="Dingizwe"/>
  </concept>
  <concept>
    <code value="192"/>
    <display value="Mlindazwe"/>
  </concept>
  <concept>
    <code value="193"/>
    <display value="Mbangave"/>
  </concept>
  <concept>
    <code value="194"/>
    <display value="Bhunya"/>
  </concept>
  <concept>
    <code value="195"/>
    <display value="Dvokolwako"/>
  </concept>
  <concept>
    <code value="196"/>
    <display value="Mbelebeleni"/>
  </concept>
  <concept>
    <code value="197"/>
    <display value="Kutsimuleni"/>
  </concept>
  <concept>
    <code value="198"/>
    <display value="Khuphuka"/>
  </concept>
  <concept>
    <code value="199"/>
    <display value="Likima"/>
  </concept>
  <concept>
    <code value="200"/>
    <display value="Gundvwini"/>
  </concept>
  <concept>
    <code value="201"/>
    <display value="Gundvwini/Lesibovu"/>
  </concept>
  <concept>
    <code value="202"/>
    <display value="Lwandle"/>
  </concept>
  <concept>
    <code value="203"/>
    <display value="Ndlandlameni"/>
  </concept>
  <concept>
    <code value="204"/>
    <display value="Hlane/Bulunga"/>
  </concept>
  <concept>
    <code value="205"/>
    <display value="Dladleni"/>
  </concept>
  <concept>
    <code value="206"/>
    <display value="Ngcoseni"/>
  </concept>
  <concept>
    <code value="207"/>
    <display value="Bhadzeni 1"/>
  </concept>
  <concept>
    <code value="208"/>
    <display value="Velezizweni"/>
  </concept>
  <concept>
    <code value="209"/>
    <display value="Macudvulwini"/>
  </concept>
  <concept>
    <code value="210"/>
    <display value="Ngonini"/>
  </concept>
  <concept>
    <code value="211"/>
    <display value="Njelu"/>
  </concept>
  <concept>
    <code value="212"/>
    <display value="Mphankhomo"/>
  </concept>
  <concept>
    <code value="213"/>
    <display value="Masundvwini"/>
  </concept>
  <concept>
    <code value="214"/>
    <display value="Sibuyeni"/>
  </concept>
  <concept>
    <code value="215"/>
    <display value="Vusweni"/>
  </concept>
  <concept>
    <code value="216"/>
    <display value="Sigombeni"/>
  </concept>
  <concept>
    <code value="217"/>
    <display value="Ntunja"/>
  </concept>
  <concept>
    <code value="218"/>
    <display value="Eni"/>
  </concept>
  <concept>
    <code value="219"/>
    <display value="Ngcayini"/>
  </concept>
  <concept>
    <code value="220"/>
    <display value="Sankolweni"/>
  </concept>
  <concept>
    <code value="221"/>
    <display value="Nsenga"/>
  </concept>
  <concept>
    <code value="222"/>
    <display value="Nsingweni"/>
  </concept>
  <concept>
    <code value="223"/>
    <display value="Ntondozi"/>
  </concept>
  <concept>
    <code value="224"/>
    <display value="Ncabaneni"/>
  </concept>
  <concept>
    <code value="225"/>
    <display value="Khalangilile"/>
  </concept>
  <concept>
    <code value="226"/>
    <display value="Mphini"/>
  </concept>
  <concept>
    <code value="227"/>
    <display value="Ndinda"/>
  </concept>
  <concept>
    <code value="228"/>
    <display value="Ndlinilembi"/>
  </concept>
  <concept>
    <code value="229"/>
    <display value="Gebeni"/>
  </concept>
  <concept>
    <code value="230"/>
    <display value="Mgazini"/>
  </concept>
  <concept>
    <code value="231"/>
    <display value="Bhadzeni 2"/>
  </concept>
  <concept>
    <code value="232"/>
    <display value="Mahhashini"/>
  </concept>
  <concept>
    <code value="233"/>
    <display value="Lushikishini"/>
  </concept>
  <concept>
    <code value="234"/>
    <display value="Khabonina"/>
  </concept>
  <concept>
    <code value="235"/>
    <display value="Dilini"/>
  </concept>
  <concept>
    <code value="236"/>
    <display value="KaDinga"/>
  </concept>
  <concept>
    <code value="237"/>
    <display value="kaTsambekwako"/>
  </concept>
  <concept>
    <code value="238"/>
    <display value="Mashobeni"/>
  </concept>
  <concept>
    <code value="239"/>
    <display value="Mhlahlweni "/>
  </concept>
  <concept>
    <code value="240"/>
    <display value="Mlindazwe"/>
  </concept>
  <concept>
    <code value="241"/>
    <display value="Nshamanti"/>
  </concept>
  <concept>
    <code value="242"/>
    <display value="Nsukazi "/>
  </concept>
  <concept>
    <code value="243"/>
    <display value="Sidwala"/>
  </concept>
  <concept>
    <code value="244"/>
    <display value="Sisingeni"/>
  </concept>
  <concept>
    <code value="245"/>
    <display value="Siyendle"/>
  </concept>
  <concept>
    <code value="246"/>
    <display value="Bufaneni"/>
  </concept>
  <concept>
    <code value="247"/>
    <display value="Hhohho Emuva"/>
  </concept>
  <concept>
    <code value="248"/>
    <display value="kaLiba"/>
  </concept>
  <concept>
    <code value="249"/>
    <display value="Lushini"/>
  </concept>
  <concept>
    <code value="250"/>
    <display value="Manyiseni"/>
  </concept>
  <concept>
    <code value="251"/>
    <display value="Nsingizini"/>
  </concept>
  <concept>
    <code value="252"/>
    <display value="Ondiyaneni"/>
  </concept>
  <concept>
    <code value="253"/>
    <display value="Ezishineni/ Manyeveni"/>
  </concept>
  <concept>
    <code value="254"/>
    <display value="Kaphunga"/>
  </concept>
  <concept>
    <code value="255"/>
    <display value="KaNdlovu"/>
  </concept>
  <concept>
    <code value="256"/>
    <display value="Ngobelweni"/>
  </concept>
  <concept>
    <code value="257"/>
    <display value="Nhlalabantfu"/>
  </concept>
  <concept>
    <code value="258"/>
    <display value="KaKholwane"/>
  </concept>
  <concept>
    <code value="259"/>
    <display value="kaMbhoke"/>
  </concept>
  <concept>
    <code value="260"/>
    <display value="kaGwebu"/>
  </concept>
  <concept>
    <code value="261"/>
    <display value="Gasa"/>
  </concept>
  <concept>
    <code value="262"/>
    <display value="Khamsile"/>
  </concept>
  <concept>
    <code value="263"/>
    <display value="Lomfa"/>
  </concept>
  <concept>
    <code value="264"/>
    <display value="Mbabane"/>
  </concept>
  <concept>
    <code value="265"/>
    <display value="Mbangweni"/>
  </concept>
  <concept>
    <code value="266"/>
    <display value="Nkalaneni"/>
  </concept>
  <concept>
    <code value="267"/>
    <display value="Nzameya"/>
  </concept>
  <concept>
    <code value="268"/>
    <display value="Nkomonye"/>
  </concept>
  <concept>
    <code value="269"/>
    <display value="KaDlovunga "/>
  </concept>
  <concept>
    <code value="270"/>
    <display value="KaMzizi"/>
  </concept>
  <concept>
    <code value="271"/>
    <display value="Masibini"/>
  </concept>
  <concept>
    <code value="272"/>
    <display value="Mbilaneni"/>
  </concept>
  <concept>
    <code value="273"/>
    <display value="Simemeni "/>
  </concept>
  <concept>
    <code value="274"/>
    <display value="Vusweni"/>
  </concept>
  <concept>
    <code value="275"/>
    <display value="Bambitje"/>
  </concept>
  <concept>
    <code value="276"/>
    <display value="Dinabanye"/>
  </concept>
  <concept>
    <code value="277"/>
    <display value="Kwaluseni"/>
  </concept>
  <concept>
    <code value="278"/>
    <display value="Nkonka"/>
  </concept>
  <concept>
    <code value="279"/>
    <display value="Nsalitje"/>
  </concept>
  <concept>
    <code value="280"/>
    <display value="Qomintaba"/>
  </concept>
  <concept>
    <code value="281"/>
    <display value="Benezer"/>
  </concept>
  <concept>
    <code value="282"/>
    <display value="Bhanganoma"/>
  </concept>
  <concept>
    <code value="283"/>
    <display value="Kwendzeni"/>
  </concept>
  <concept>
    <code value="284"/>
    <display value="Magele"/>
  </concept>
  <concept>
    <code value="285"/>
    <display value="Zenzile"/>
  </concept>
  <concept>
    <code value="286"/>
    <display value="KaMbiko"/>
  </concept>
  <concept>
    <code value="287"/>
    <display value="KaMhawu"/>
  </concept>
  <concept>
    <code value="288"/>
    <display value="KaMshengu"/>
  </concept>
  <concept>
    <code value="289"/>
    <display value="Lusitini"/>
  </concept>
  <concept>
    <code value="290"/>
    <display value="Mphini"/>
  </concept>
  <concept>
    <code value="291"/>
    <display value="Ndushulweni"/>
  </concept>
  <concept>
    <code value="292"/>
    <display value="Nokwane"/>
  </concept>
  <concept>
    <code value="293"/>
    <display value="Phobane"/>
  </concept>
  <concept>
    <code value="294"/>
    <display value="Buseleni"/>
  </concept>
  <concept>
    <code value="295"/>
    <display value="Hlobane"/>
  </concept>
  <concept>
    <code value="296"/>
    <display value="Kuphumuleni"/>
  </concept>
  <concept>
    <code value="297"/>
    <display value="Nkwene"/>
  </concept>
  <concept>
    <code value="298"/>
    <display value="kaGwegwe"/>
  </concept>
  <concept>
    <code value="299"/>
    <display value="Ezibondeni/Kashiba"/>
  </concept>
  <concept>
    <code value="300"/>
    <display value="Nhletjeni"/>
  </concept>
  <concept>
    <code value="301"/>
    <display value="Nkhungwini"/>
  </concept>
  <concept>
    <code value="302"/>
    <display value="Ngololweni"/>
  </concept>
  <concept>
    <code value="303"/>
    <display value="Dumenkhungwini"/>
  </concept>
  <concept>
    <code value="304"/>
    <display value="Eposini"/>
  </concept>
  <concept>
    <code value="305"/>
    <display value="Hhuhhuma"/>
  </concept>
  <concept>
    <code value="306"/>
    <display value="Mabonabulawe"/>
  </concept>
  <concept>
    <code value="307"/>
    <display value="Manyandzeni "/>
  </concept>
  <concept>
    <code value="308"/>
    <display value="Mchinsweni "/>
  </concept>
  <concept>
    <code value="309"/>
    <display value="Zikhotheni "/>
  </concept>
  <concept>
    <code value="310"/>
    <display value="Mahlalini"/>
  </concept>
  <concept>
    <code value="311"/>
    <display value="Mbabala"/>
  </concept>
  <concept>
    <code value="312"/>
    <display value="Mbeka"/>
  </concept>
  <concept>
    <code value="313"/>
    <display value="Makhwelela"/>
  </concept>
  <concept>
    <code value="314"/>
    <display value="Mpangisweni"/>
  </concept>
  <concept>
    <code value="315"/>
    <display value="Mbangweni"/>
  </concept>
  <concept>
    <code value="316"/>
    <display value="Mathendele"/>
  </concept>
  <concept>
    <code value="317"/>
    <display value="Mkhitsini"/>
  </concept>
  <concept>
    <code value="318"/>
    <display value="Sikhotseni"/>
  </concept>
  <concept>
    <code value="319"/>
    <display value="Lulakeni"/>
  </concept>
  <concept>
    <code value="320"/>
    <display value="Kuphumleni "/>
  </concept>
  <concept>
    <code value="321"/>
    <display value="Ndunayithini"/>
  </concept>
  <concept>
    <code value="322"/>
    <display value="Nyatsini"/>
  </concept>
  <concept>
    <code value="323"/>
    <display value="Ezindwendweni"/>
  </concept>
  <concept>
    <code value="324"/>
    <display value="Luhlekweni"/>
  </concept>
  <concept>
    <code value="325"/>
    <display value="Maplotini"/>
  </concept>
  <concept>
    <code value="326"/>
    <display value="Ntuthwakazi"/>
  </concept>
  <concept>
    <code value="327"/>
    <display value="Nsubane"/>
  </concept>
  <concept>
    <code value="328"/>
    <display value="Phangweni"/>
  </concept>
  <concept>
    <code value="329"/>
    <display value="Vimbizibuko"/>
  </concept>
  <concept>
    <code value="330"/>
    <display value="Bulekeni"/>
  </concept>
  <concept>
    <code value="331"/>
    <display value="Mampondweni"/>
  </concept>
  <concept>
    <code value="332"/>
    <display value="Ngwenyameni "/>
  </concept>
  <concept>
    <code value="333"/>
    <display value="Zombodze "/>
  </concept>
  <concept>
    <code value="334"/>
    <display value="Nduma"/>
  </concept>
  <concept>
    <code value="335"/>
    <display value="Kupheleni"/>
  </concept>
  <concept>
    <code value="336"/>
    <display value="Mpolonjeni"/>
  </concept>
  <concept>
    <code value="337"/>
    <display value="Nhlalabantfu"/>
  </concept>
  <concept>
    <code value="338"/>
    <display value="Mhlangatane"/>
  </concept>
  <concept>
    <code value="340"/>
    <display value="Mhawini"/>
  </concept>
</CodeSystem>