{
  "resourceType" : "CodeSystem",
  "id" : "SzEpisodeOfCareTypeCS",
  "text" : {
    "status" : "generated",
    "div" : "<div xmlns=\"http://www.w3.org/1999/xhtml\"><p class=\"res-header-id\"><b>Generated Narrative: CodeSystem SzEpisodeOfCareTypeCS</b></p><a name=\"SzEpisodeOfCareTypeCS\"> </a><a name=\"hcSzEpisodeOfCareTypeCS\"> </a><p>This  code system <code>http://172.209.216.154:3447/fhir/CodeSystem/SzEpisodeOfCareTypeCS</code> defines the following codes:</p><table class=\"codes\"><tr><td style=\"white-space:nowrap\"><b>Code</b></td><td><b>Display</b></td></tr><tr><td style=\"white-space:nowrap\">tbds<a name=\"SzEpisodeOfCareTypeCS-tbds\"> </a></td><td>TB DS</td></tr><tr><td style=\"white-space:nowrap\">tbdr<a name=\"SzEpisodeOfCareTypeCS-tbdr\"> </a></td><td>TB DR</td></tr><tr><td style=\"white-space:nowrap\">anc<a name=\"SzEpisodeOfCareTypeCS-anc\"> </a></td><td>ANC</td></tr><tr><td style=\"white-space:nowrap\">fp<a name=\"SzEpisodeOfCareTypeCS-fp\"> </a></td><td>Family Planning</td></tr><tr><td style=\"white-space:nowrap\">art<a name=\"SzEpisodeOfCareTypeCS-art\"> </a></td><td>ART</td></tr><tr><td style=\"white-space:nowrap\">prep<a name=\"SzEpisodeOfCareTypeCS-prep\"> </a></td><td>PrEP</td></tr></table></div>"
  },
  "url" : "http://172.209.216.154:3447/fhir/CodeSystem/SzEpisodeOfCareTypeCS",
  "version" : "0.1.0",
  "name" : "SzEpisodeOfCareTypeCS",
  "title" : "Eswatini Episode of Care",
  "status" : "draft",
  "date" : "2025-09-19T08:18:44+00:00",
  "publisher" : "Ministry of Health Eswatini",
  "contact" : [{
    "name" : "Ministry of Health Eswatini",
    "telecom" : [{
      "system" : "url",
      "value" : "https://172.209.216.154:3447"
    },
    {
      "system" : "email",
      "value" : "eswatinihie@moh.gov.sz"
    }]
  }],
  "description" : "Eswatini Episode of Care Type",
  "content" : "complete",
  "count" : 6,
  "concept" : [{
    "code" : "tbds",
    "display" : "TB DS"
  },
  {
    "code" : "tbdr",
    "display" : "TB DR"
  },
  {
    "code" : "anc",
    "display" : "ANC"
  },
  {
    "code" : "fp",
    "display" : "Family Planning"
  },
  {
    "code" : "art",
    "display" : "ART"
  },
  {
    "code" : "prep",
    "display" : "PrEP"
  }]
}