<?xml version="1.0" encoding="UTF-8"?>

<CodeSystem xmlns="http://hl7.org/fhir">
  <id value="SzCauseOfDeathSequenceOfConditionsCS"/>
  <text>
    <status value="generated"/><div xmlns="http://www.w3.org/1999/xhtml"><p class="res-header-id"><b>Generated Narrative: CodeSystem SzCauseOfDeathSequenceOfConditionsCS</b></p><a name="SzCauseOfDeathSequenceOfConditionsCS"> </a><a name="hcSzCauseOfDeathSequenceOfConditionsCS"> </a><p>This  code system <code>http://172.209.216.154:3447/fhir/CodeSystem/SzCauseOfDeathSequenceOfConditionsCS</code> defines the following codes:</p><table class="codes"><tr><td style="white-space:nowrap"><b>Code</b></td><td><b>Display</b></td></tr><tr><td style="white-space:nowrap">intermediate<a name="SzCauseOfDeathSequenceOfConditionsCS-intermediate"> </a></td><td>Intermediate</td></tr><tr><td style="white-space:nowrap">intermediateI<a name="SzCauseOfDeathSequenceOfConditionsCS-intermediateI"> </a></td><td>Intermediate I</td></tr><tr><td style="white-space:nowrap">intermediateII<a name="SzCauseOfDeathSequenceOfConditionsCS-intermediateII"> </a></td><td>Intermediate II</td></tr><tr><td style="white-space:nowrap">underlying<a name="SzCauseOfDeathSequenceOfConditionsCS-underlying"> </a></td><td>Underlying</td></tr></table></div>
  </text>
  <url value="http://172.209.216.154:3447/fhir/CodeSystem/SzCauseOfDeathSequenceOfConditionsCS"/>
  <version value="0.1.0"/>
  <name value="SzCauseOfDeathSequenceOfConditionsCS"/>
  <title value="Eswatini Cause of Death sequence of conditions"/>
  <status value="draft"/>
  <date value="2025-09-19T08:18:44+00:00"/>
  <publisher value="Ministry of Health Eswatini"/>
  <contact>
    <name value="Ministry of Health Eswatini"/>
    <telecom>
      <system value="url"/>
      <value value="https://172.209.216.154:3447"/>
    </telecom>
    <telecom>
      <system value="email"/>
      <value value="eswatinihie@moh.gov.sz"/>
    </telecom>
  </contact>
  <description value="Eswatini Cause of Death sequence of conditions"/>
  <content value="complete"/>
  <count value="4"/>
  <concept>
    <code value="intermediate"/>
    <display value="Intermediate"/>
  </concept>
  <concept>
    <code value="intermediateI"/>
    <display value="Intermediate I"/>
  </concept>
  <concept>
    <code value="intermediateII"/>
    <display value="Intermediate II"/>
  </concept>
  <concept>
    <code value="underlying"/>
    <display value="Underlying"/>
  </concept>
</CodeSystem>