{
  "resourceType" : "CodeSystem",
  "id" : "SzTestCodeCS",
  "text" : {
    "status" : "generated",
    "div" : "<div xmlns=\"http://www.w3.org/1999/xhtml\"><p class=\"res-header-id\"><b>Generated Narrative: CodeSystem SzTestCodeCS</b></p><a name=\"SzTestCodeCS\"> </a><a name=\"hcSzTestCodeCS\"> </a><p>This  code system <code>http://172.209.216.154:3447/fhir/CodeSystem/SzTestCodeCS</code> defines the following codes:</p><table class=\"codes\"><tr><td style=\"white-space:nowrap\"><b>Code</b></td><td><b>Display</b></td></tr><tr><td style=\"white-space:nowrap\">CD4<a name=\"SzTestCodeCS-CD4\"> </a></td><td>CD4 Test</td></tr><tr><td style=\"white-space:nowrap\">AST<a name=\"SzTestCodeCS-AST\"> </a></td><td>AST (Aspartate Transaminase)</td></tr><tr><td style=\"white-space:nowrap\">CREA<a name=\"SzTestCodeCS-CREA\"> </a></td><td>Creatinine </td></tr><tr><td style=\"white-space:nowrap\">HB<a name=\"SzTestCodeCS-HB\"> </a></td><td>Haemoglobin</td></tr><tr><td style=\"white-space:nowrap\">LFT<a name=\"SzTestCodeCS-LFT\"> </a></td><td>Liver Function Tests - Profile</td></tr><tr><td style=\"white-space:nowrap\">HIVVL<a name=\"SzTestCodeCS-HIVVL\"> </a></td><td>HIV Viral Load (Plasma)</td></tr><tr><td style=\"white-space:nowrap\">ICUP<a name=\"SzTestCodeCS-ICUP\"> </a></td><td>ICU-  Profile</td></tr><tr><td style=\"white-space:nowrap\">GGT<a name=\"SzTestCodeCS-GGT\"> </a></td><td>Gamma-Glutamyl Transferase GGT</td></tr><tr><td style=\"white-space:nowrap\">KFT<a name=\"SzTestCodeCS-KFT\"> </a></td><td>Kidney Function Test - Profile</td></tr><tr><td style=\"white-space:nowrap\">CARDE<a name=\"SzTestCodeCS-CARDE\"> </a></td><td>Cardiac Enzymes</td></tr><tr><td style=\"white-space:nowrap\">ART<a name=\"SzTestCodeCS-ART\"> </a></td><td>ART Baseline - Profile</td></tr><tr><td style=\"white-space:nowrap\">ELECT<a name=\"SzTestCodeCS-ELECT\"> </a></td><td>Electrolytes - Profile</td></tr><tr><td style=\"white-space:nowrap\">GLUCF<a name=\"SzTestCodeCS-GLUCF\"> </a></td><td>Glucose (Fasting)</td></tr><tr><td style=\"white-space:nowrap\">GLUCR<a name=\"SzTestCodeCS-GLUCR\"> </a></td><td>Glucose (Random)</td></tr><tr><td style=\"white-space:nowrap\">GTT<a name=\"SzTestCodeCS-GTT\"> </a></td><td>Glucose Tolerance Test</td></tr><tr><td style=\"white-space:nowrap\">CL<a name=\"SzTestCodeCS-CL\"> </a></td><td>S-Chloride</td></tr><tr><td style=\"white-space:nowrap\">K<a name=\"SzTestCodeCS-K\"> </a></td><td>S-Potassium</td></tr><tr><td style=\"white-space:nowrap\">NA<a name=\"SzTestCodeCS-NA\"> </a></td><td>S-Sodium</td></tr><tr><td style=\"white-space:nowrap\">CO2<a name=\"SzTestCodeCS-CO2\"> </a></td><td>S-Carbon Dioxide</td></tr><tr><td style=\"white-space:nowrap\">UA<a name=\"SzTestCodeCS-UA\"> </a></td><td>Uric Acid</td></tr><tr><td style=\"white-space:nowrap\">CREAC<a name=\"SzTestCodeCS-CREAC\"> </a></td><td>Creatinine Clearance</td></tr><tr><td style=\"white-space:nowrap\">TBIL<a name=\"SzTestCodeCS-TBIL\"> </a></td><td>Total Bilirubin</td></tr><tr><td style=\"white-space:nowrap\">BILI<a name=\"SzTestCodeCS-BILI\"> </a></td><td>Total and Direct Bilirubin</td></tr><tr><td style=\"white-space:nowrap\">ALP<a name=\"SzTestCodeCS-ALP\"> </a></td><td>Alkaline Phosphatase</td></tr><tr><td style=\"white-space:nowrap\">ALT<a name=\"SzTestCodeCS-ALT\"> </a></td><td>ALT (Alanine Aminotransferase)</td></tr><tr><td style=\"white-space:nowrap\">ALB<a name=\"SzTestCodeCS-ALB\"> </a></td><td>Albumin</td></tr><tr><td style=\"white-space:nowrap\">TPROT<a name=\"SzTestCodeCS-TPROT\"> </a></td><td>Total Protein</td></tr><tr><td style=\"white-space:nowrap\">CK<a name=\"SzTestCodeCS-CK\"> </a></td><td>Creatine Kinase (CK)</td></tr><tr><td style=\"white-space:nowrap\">CKMB<a name=\"SzTestCodeCS-CKMB\"> </a></td><td>Creatine Kinase (MB-Frac)</td></tr><tr><td style=\"white-space:nowrap\">MYOG<a name=\"SzTestCodeCS-MYOG\"> </a></td><td>Myoglobin</td></tr><tr><td style=\"white-space:nowrap\">TROPI<a name=\"SzTestCodeCS-TROPI\"> </a></td><td>S-Troponin I</td></tr><tr><td style=\"white-space:nowrap\">MAG<a name=\"SzTestCodeCS-MAG\"> </a></td><td>S-Magnesium</td></tr><tr><td style=\"white-space:nowrap\">PO4<a name=\"SzTestCodeCS-PO4\"> </a></td><td>Phosphate</td></tr><tr><td style=\"white-space:nowrap\">CAL<a name=\"SzTestCodeCS-CAL\"> </a></td><td>S-Calcium</td></tr><tr><td style=\"white-space:nowrap\">LDH<a name=\"SzTestCodeCS-LDH\"> </a></td><td>Lactate Dehydrogenase (LD)</td></tr><tr><td style=\"white-space:nowrap\">TRIG<a name=\"SzTestCodeCS-TRIG\"> </a></td><td>Triglyceride</td></tr><tr><td style=\"white-space:nowrap\">LDL<a name=\"SzTestCodeCS-LDL\"> </a></td><td>LDL - Cholesterol</td></tr><tr><td style=\"white-space:nowrap\">HDL<a name=\"SzTestCodeCS-HDL\"> </a></td><td>HDL - Cholesterol</td></tr><tr><td style=\"white-space:nowrap\">CHOL<a name=\"SzTestCodeCS-CHOL\"> </a></td><td>Total Cholesterol</td></tr><tr><td style=\"white-space:nowrap\">AMY<a name=\"SzTestCodeCS-AMY\"> </a></td><td>Serum Amylase</td></tr><tr><td style=\"white-space:nowrap\">LACT<a name=\"SzTestCodeCS-LACT\"> </a></td><td>Lactate</td></tr><tr><td style=\"white-space:nowrap\">CRP<a name=\"SzTestCodeCS-CRP\"> </a></td><td>C-Reactive Protein (CRP)</td></tr><tr><td style=\"white-space:nowrap\">LIPAS<a name=\"SzTestCodeCS-LIPAS\"> </a></td><td>Lipase (Serum)</td></tr><tr><td style=\"white-space:nowrap\">HBA1C<a name=\"SzTestCodeCS-HBA1C\"> </a></td><td>Glycated Haemoglobin (HbA1C)</td></tr><tr><td style=\"white-space:nowrap\">M-TP<a name=\"SzTestCodeCS-M-TP\"> </a></td><td>Micro Total Protein</td></tr><tr><td style=\"white-space:nowrap\">FBC<a name=\"SzTestCodeCS-FBC\"> </a></td><td>FBC (Full Blood Count)</td></tr><tr><td style=\"white-space:nowrap\">DIFF<a name=\"SzTestCodeCS-DIFF\"> </a></td><td>Differential Count</td></tr><tr><td style=\"white-space:nowrap\">ESR<a name=\"SzTestCodeCS-ESR\"> </a></td><td>ESR (Westergren)</td></tr><tr><td style=\"white-space:nowrap\">RET<a name=\"SzTestCodeCS-RET\"> </a></td><td>Reticulocyte Studies</td></tr><tr><td style=\"white-space:nowrap\">COOMB<a name=\"SzTestCodeCS-COOMB\"> </a></td><td>Coombs Test</td></tr><tr><td style=\"white-space:nowrap\">SICKL<a name=\"SzTestCodeCS-SICKL\"> </a></td><td>Sickle Cells Screen</td></tr><tr><td style=\"white-space:nowrap\">MAL<a name=\"SzTestCodeCS-MAL\"> </a></td><td>Malaria</td></tr><tr><td style=\"white-space:nowrap\">MALPC<a name=\"SzTestCodeCS-MALPC\"> </a></td><td>Malaria: PCR</td></tr><tr><td style=\"white-space:nowrap\">MALS<a name=\"SzTestCodeCS-MALS\"> </a></td><td>Malaria Smear: Parasitemia</td></tr><tr><td style=\"white-space:nowrap\">PT<a name=\"SzTestCodeCS-PT\"> </a></td><td>Prothrombin Time(INR/PI)</td></tr><tr><td style=\"white-space:nowrap\">APTT<a name=\"SzTestCodeCS-APTT\"> </a></td><td>Partial Thromboplastin Time</td></tr><tr><td style=\"white-space:nowrap\">PI<a name=\"SzTestCodeCS-PI\"> </a></td><td>Prothrombin Time (INR/PI)</td></tr><tr><td style=\"white-space:nowrap\">BTIME<a name=\"SzTestCodeCS-BTIME\"> </a></td><td>Bleeding Time</td></tr><tr><td style=\"white-space:nowrap\">DDIME<a name=\"SzTestCodeCS-DDIME\"> </a></td><td>D-Dimer</td></tr><tr><td style=\"white-space:nowrap\">TFT<a name=\"SzTestCodeCS-TFT\"> </a></td><td>Thyroid Function Tests </td></tr><tr><td style=\"white-space:nowrap\">T3<a name=\"SzTestCodeCS-T3\"> </a></td><td>Free Tri-iodothyronine (FT3)</td></tr><tr><td style=\"white-space:nowrap\">T4<a name=\"SzTestCodeCS-T4\"> </a></td><td>Free Thyroxine (T4)</td></tr><tr><td style=\"white-space:nowrap\">TSH<a name=\"SzTestCodeCS-TSH\"> </a></td><td>Thyroid Stimulating Hormone</td></tr><tr><td style=\"white-space:nowrap\">LH<a name=\"SzTestCodeCS-LH\"> </a></td><td>Luteinising Hormone</td></tr><tr><td style=\"white-space:nowrap\">FSH<a name=\"SzTestCodeCS-FSH\"> </a></td><td>Follicle Stimulating Hormone</td></tr><tr><td style=\"white-space:nowrap\">E2<a name=\"SzTestCodeCS-E2\"> </a></td><td>17 b Oestradial (E2)</td></tr><tr><td style=\"white-space:nowrap\">PROG<a name=\"SzTestCodeCS-PROG\"> </a></td><td>Progesterone</td></tr><tr><td style=\"white-space:nowrap\">PRL<a name=\"SzTestCodeCS-PRL\"> </a></td><td>Prolactin</td></tr><tr><td style=\"white-space:nowrap\">TESTO<a name=\"SzTestCodeCS-TESTO\"> </a></td><td>Testosterone</td></tr><tr><td style=\"white-space:nowrap\">CORT<a name=\"SzTestCodeCS-CORT\"> </a></td><td>Cortisol</td></tr><tr><td style=\"white-space:nowrap\">PTH<a name=\"SzTestCodeCS-PTH\"> </a></td><td>Parathyroid Hormone</td></tr><tr><td style=\"white-space:nowrap\">HCGSU<a name=\"SzTestCodeCS-HCGSU\"> </a></td><td>Qualitative  -HCG (Urine)</td></tr><tr><td style=\"white-space:nowrap\">HCGSB<a name=\"SzTestCodeCS-HCGSB\"> </a></td><td>Qualitative \u00a0-HCG</td></tr><tr><td style=\"white-space:nowrap\">ABORH<a name=\"SzTestCodeCS-ABORH\"> </a></td><td>ABO + Rh Group</td></tr><tr><td style=\"white-space:nowrap\">RPR<a name=\"SzTestCodeCS-RPR\"> </a></td><td>Syphilis RPR</td></tr><tr><td style=\"white-space:nowrap\">TPHA<a name=\"SzTestCodeCS-TPHA\"> </a></td><td>TPHA</td></tr><tr><td style=\"white-space:nowrap\">PSSA<a name=\"SzTestCodeCS-PSSA\"> </a></td><td>ANTIBIOTIC SENS: PSA</td></tr><tr><td style=\"white-space:nowrap\">BHCG<a name=\"SzTestCodeCS-BHCG\"> </a></td><td>Beta-HCG (Pregnancy Test)</td></tr><tr><td style=\"white-space:nowrap\">AFP<a name=\"SzTestCodeCS-AFP\"> </a></td><td>Alfa Feto Protein</td></tr><tr><td style=\"white-space:nowrap\">CA153<a name=\"SzTestCodeCS-CA153\"> </a></td><td>CA15-3</td></tr><tr><td style=\"white-space:nowrap\">CA125<a name=\"SzTestCodeCS-CA125\"> </a></td><td>CA125</td></tr><tr><td style=\"white-space:nowrap\">CEA<a name=\"SzTestCodeCS-CEA\"> </a></td><td>Carcino-embryonic Antigen</td></tr><tr><td style=\"white-space:nowrap\">CA199<a name=\"SzTestCodeCS-CA199\"> </a></td><td>CA19-9</td></tr><tr><td style=\"white-space:nowrap\">GRAM<a name=\"SzTestCodeCS-GRAM\"> </a></td><td>MICROBIOLOGY : GRAM STAIN</td></tr><tr><td style=\"white-space:nowrap\">MCSF<a name=\"SzTestCodeCS-MCSF\"> </a></td><td>MICROBIOLOGY : CSF</td></tr><tr><td style=\"white-space:nowrap\">CSF<a name=\"SzTestCodeCS-CSF\"> </a></td><td>CSF Chem Profile</td></tr><tr><td style=\"white-space:nowrap\">CRINK<a name=\"SzTestCodeCS-CRINK\"> </a></td><td>India Ink Stain</td></tr><tr><td style=\"white-space:nowrap\">SEMEN<a name=\"SzTestCodeCS-SEMEN\"> </a></td><td>Semen Analysis</td></tr><tr><td style=\"white-space:nowrap\">HIVR<a name=\"SzTestCodeCS-HIVR\"> </a></td><td>HIV Rapid Test</td></tr><tr><td style=\"white-space:nowrap\">HIVE<a name=\"SzTestCodeCS-HIVE\"> </a></td><td>HIV ELISA</td></tr><tr><td style=\"white-space:nowrap\">HIPOC<a name=\"SzTestCodeCS-HIPOC\"> </a></td><td>Point of Care DNA PCR</td></tr><tr><td style=\"white-space:nowrap\">LCRAG<a name=\"SzTestCodeCS-LCRAG\"> </a></td><td>LFA Cryptococal Antigen</td></tr><tr><td style=\"white-space:nowrap\">TOXO<a name=\"SzTestCodeCS-TOXO\"> </a></td><td>Toxoplasmosis Test</td></tr><tr><td style=\"white-space:nowrap\">HELIP<a name=\"SzTestCodeCS-HELIP\"> </a></td><td>MICROBIOLOGY : H.pylori</td></tr><tr><td style=\"white-space:nowrap\">HEAG<a name=\"SzTestCodeCS-HEAG\"> </a></td><td>Hepatitis A IgG</td></tr><tr><td style=\"white-space:nowrap\">HBCAB<a name=\"SzTestCodeCS-HBCAB\"> </a></td><td>Hepatitis B Core Antibodies</td></tr><tr><td style=\"white-space:nowrap\">HEPC<a name=\"SzTestCodeCS-HEPC\"> </a></td><td>Hepatitis C Antibodies</td></tr><tr><td style=\"white-space:nowrap\">QCRPR<a name=\"SzTestCodeCS-QCRPR\"> </a></td><td>QC RPR</td></tr><tr><td style=\"white-space:nowrap\">WIDAL<a name=\"SzTestCodeCS-WIDAL\"> </a></td><td>Widal</td></tr><tr><td style=\"white-space:nowrap\">RF<a name=\"SzTestCodeCS-RF\"> </a></td><td>Rheumatoid Factor</td></tr><tr><td style=\"white-space:nowrap\">ASOT<a name=\"SzTestCodeCS-ASOT\"> </a></td><td>Anti-Streptolysin O Test</td></tr><tr><td style=\"white-space:nowrap\">XMAT<a name=\"SzTestCodeCS-XMAT\"> </a></td><td>Cross Match</td></tr><tr><td style=\"white-space:nowrap\">HLAX<a name=\"SzTestCodeCS-HLAX\"> </a></td><td>Grouping/Crossmatch</td></tr><tr><td style=\"white-space:nowrap\">ANISC<a name=\"SzTestCodeCS-ANISC\"> </a></td><td>Antibody Screening (^Bbloodban</td></tr><tr><td style=\"white-space:nowrap\">DCT<a name=\"SzTestCodeCS-DCT\"> </a></td><td>Direct Coombs Test</td></tr><tr><td style=\"white-space:nowrap\">ICT<a name=\"SzTestCodeCS-ICT\"> </a></td><td>Indirect Coomb's Test</td></tr><tr><td style=\"white-space:nowrap\">IGGS<a name=\"SzTestCodeCS-IGGS\"> </a></td><td>IMMUNOGLOBULINS</td></tr><tr><td style=\"white-space:nowrap\">ZN1<a name=\"SzTestCodeCS-ZN1\"> </a></td><td>Smear Microscopy 1</td></tr><tr><td style=\"white-space:nowrap\">CUBFL<a name=\"SzTestCodeCS-CUBFL\"> </a></td><td>Culture : Body Fuilds</td></tr><tr><td style=\"white-space:nowrap\">HIVGE<a name=\"SzTestCodeCS-HIVGE\"> </a></td><td>HIV GENE XPERT</td></tr><tr><td style=\"white-space:nowrap\">TROPT<a name=\"SzTestCodeCS-TROPT\"> </a></td><td>Troponin-T</td></tr><tr><td style=\"white-space:nowrap\">UCHEM<a name=\"SzTestCodeCS-UCHEM\"> </a></td><td>Biochemistry : Urine (Dipstick)</td></tr><tr><td style=\"white-space:nowrap\">CRAG<a name=\"SzTestCodeCS-CRAG\"> </a></td><td>CRAG (CSF)</td></tr><tr><td style=\"white-space:nowrap\">CRGLF<a name=\"SzTestCodeCS-CRGLF\"> </a></td><td>CRAG (LFA)  Blood</td></tr><tr><td style=\"white-space:nowrap\">TBLAM<a name=\"SzTestCodeCS-TBLAM\"> </a></td><td>TB LAM Ag TEST</td></tr><tr><td style=\"white-space:nowrap\">17OPH<a name=\"SzTestCodeCS-17OPH\"> </a></td><td>17 Hydroxyprogesterone</td></tr><tr><td style=\"white-space:nowrap\">A1ATR<a name=\"SzTestCodeCS-A1ATR\"> </a></td><td>Alpha-1-antitrypsin</td></tr><tr><td style=\"white-space:nowrap\">ACA<a name=\"SzTestCodeCS-ACA\"> </a></td><td>Anti-Centromere Antibodies</td></tr><tr><td style=\"white-space:nowrap\">ACE<a name=\"SzTestCodeCS-ACE\"> </a></td><td>Angiotensin Converting Enzyme</td></tr><tr><td style=\"white-space:nowrap\">ACERA<a name=\"SzTestCodeCS-ACERA\"> </a></td><td>Acetylcholine Receptor Ab's</td></tr><tr><td style=\"white-space:nowrap\">ACLA<a name=\"SzTestCodeCS-ACLA\"> </a></td><td>Anti-Cardiolipin Antibodies</td></tr><tr><td style=\"white-space:nowrap\">ACOLA<a name=\"SzTestCodeCS-ACOLA\"> </a></td><td>Anti-Collagen Antibodies</td></tr><tr><td style=\"white-space:nowrap\">ACTH<a name=\"SzTestCodeCS-ACTH\"> </a></td><td>Adrenocorticotrophic Hormone</td></tr><tr><td style=\"white-space:nowrap\">ADENO<a name=\"SzTestCodeCS-ADENO\"> </a></td><td>ADENO</td></tr><tr><td style=\"white-space:nowrap\">ADNA<a name=\"SzTestCodeCS-ADNA\"> </a></td><td>Anti-Double Stranded DNA</td></tr><tr><td style=\"white-space:nowrap\">ALDOS<a name=\"SzTestCodeCS-ALDOS\"> </a></td><td>Aldosterone</td></tr><tr><td style=\"white-space:nowrap\">AMITA<a name=\"SzTestCodeCS-AMITA\"> </a></td><td>Anti-Mitochondrial Antibodies</td></tr><tr><td style=\"white-space:nowrap\">AMYU<a name=\"SzTestCodeCS-AMYU\"> </a></td><td>Urine Amylase</td></tr><tr><td style=\"white-space:nowrap\">ANA<a name=\"SzTestCodeCS-ANA\"> </a></td><td>Anti-Nuclear Antibodies</td></tr><tr><td style=\"white-space:nowrap\">ANCA<a name=\"SzTestCodeCS-ANCA\"> </a></td><td>Anti-Neutrophil Cytoplasmic Ab</td></tr><tr><td style=\"white-space:nowrap\">ANDRO<a name=\"SzTestCodeCS-ANDRO\"> </a></td><td>Androstenedione</td></tr><tr><td style=\"white-space:nowrap\">ANTBG<a name=\"SzTestCodeCS-ANTBG\"> </a></td><td>Blood Group + Rh</td></tr><tr><td style=\"white-space:nowrap\">ANTE<a name=\"SzTestCodeCS-ANTE\"> </a></td><td>Antenatal Screening</td></tr><tr><td style=\"white-space:nowrap\">AUR1<a name=\"SzTestCodeCS-AUR1\"> </a></td><td>TB Auramine Specimen 1</td></tr><tr><td style=\"white-space:nowrap\">AUR2<a name=\"SzTestCodeCS-AUR2\"> </a></td><td>TB Auramine Specimen 2</td></tr><tr><td style=\"white-space:nowrap\">AUR3<a name=\"SzTestCodeCS-AUR3\"> </a></td><td>TB Auramine Specimen 3</td></tr><tr><td style=\"white-space:nowrap\">AUR4<a name=\"SzTestCodeCS-AUR4\"> </a></td><td>TB Auramine Specimen 4</td></tr><tr><td style=\"white-space:nowrap\">BFCC<a name=\"SzTestCodeCS-BFCC\"> </a></td><td>Cell Count : Body Fluid</td></tr><tr><td style=\"white-space:nowrap\">BG<a name=\"SzTestCodeCS-BG\"> </a></td><td>Blood Group + Rh</td></tr><tr><td style=\"white-space:nowrap\">BGAS<a name=\"SzTestCodeCS-BGAS\"> </a></td><td>Blood Gases</td></tr><tr><td style=\"white-space:nowrap\">BGRP<a name=\"SzTestCodeCS-BGRP\"> </a></td><td>Blood grouping</td></tr><tr><td style=\"white-space:nowrap\">BHCG2<a name=\"SzTestCodeCS-BHCG2\"> </a></td><td>HCG TOTAL BETA 2</td></tr><tr><td style=\"white-space:nowrap\">BM<a name=\"SzTestCodeCS-BM\"> </a></td><td>Bone Marrow Report</td></tr><tr><td style=\"white-space:nowrap\">BNP<a name=\"SzTestCodeCS-BNP\"> </a></td><td>B-Type Natriuretic Peptide</td></tr><tr><td style=\"white-space:nowrap\">BPARA<a name=\"SzTestCodeCS-BPARA\"> </a></td><td>Blood Parasite Investigation</td></tr><tr><td style=\"white-space:nowrap\">BPARM<a name=\"SzTestCodeCS-BPARM\"> </a></td><td>Blood Parasites</td></tr><tr><td style=\"white-space:nowrap\">C/UP<a name=\"SzTestCodeCS-C.47UP\"> </a></td><td>Cutup</td></tr><tr><td style=\"white-space:nowrap\">C1EST<a name=\"SzTestCodeCS-C1EST\"> </a></td><td>C1 Esterase Inhibitor Assay</td></tr><tr><td style=\"white-space:nowrap\">CA724<a name=\"SzTestCodeCS-CA724\"> </a></td><td>CA 72-4</td></tr><tr><td style=\"white-space:nowrap\">CAERU<a name=\"SzTestCodeCS-CAERU\"> </a></td><td>Caeruloplasmin</td></tr><tr><td style=\"white-space:nowrap\">CALCI<a name=\"SzTestCodeCS-CALCI\"> </a></td><td>Calcitonin</td></tr><tr><td style=\"white-space:nowrap\">CALCT<a name=\"SzTestCodeCS-CALCT\"> </a></td><td>1.25 Dihydroxy Vitamin D</td></tr><tr><td style=\"white-space:nowrap\">CARB<a name=\"SzTestCodeCS-CARB\"> </a></td><td>S-Carbamazepine</td></tr><tr><td style=\"white-space:nowrap\">CATS<a name=\"SzTestCodeCS-CATS\"> </a></td><td>U-Catecholamines</td></tr><tr><td style=\"white-space:nowrap\">CHLAM<a name=\"SzTestCodeCS-CHLAM\"> </a></td><td>Antibody test for Chlamydia</td></tr><tr><td style=\"white-space:nowrap\">CMP<a name=\"SzTestCodeCS-CMP\"> </a></td><td>Calcium,Magnesium,PO4</td></tr><tr><td style=\"white-space:nowrap\">CMV<a name=\"SzTestCodeCS-CMV\"> </a></td><td>CYTOMEGALOVIRUS</td></tr><tr><td style=\"white-space:nowrap\">CPEPT<a name=\"SzTestCodeCS-CPEPT\"> </a></td><td>C-Peptide</td></tr><tr><td style=\"white-space:nowrap\">CPROT<a name=\"SzTestCodeCS-CPROT\"> </a></td><td>CSF PROTEIN</td></tr><tr><td style=\"white-space:nowrap\">CRPS<a name=\"SzTestCodeCS-CRPS\"> </a></td><td>CRP Serology</td></tr><tr><td style=\"white-space:nowrap\">CSFA<a name=\"SzTestCodeCS-CSFA\"> </a></td><td>CSF Analysis</td></tr><tr><td style=\"white-space:nowrap\">CSFAG<a name=\"SzTestCodeCS-CSFAG\"> </a></td><td>BACTERIAL ANTIGEN TESTS</td></tr><tr><td style=\"white-space:nowrap\">CSFC<a name=\"SzTestCodeCS-CSFC\"> </a></td><td>Cell Count : CSF</td></tr><tr><td style=\"white-space:nowrap\">CUCSF<a name=\"SzTestCodeCS-CUCSF\"> </a></td><td>CULTURE : CSF</td></tr><tr><td style=\"white-space:nowrap\">CULFU<a name=\"SzTestCodeCS-CULFU\"> </a></td><td>MYCOLOGY</td></tr><tr><td style=\"white-space:nowrap\">CULMY<a name=\"SzTestCodeCS-CULMY\"> </a></td><td>Mycology Culture</td></tr><tr><td style=\"white-space:nowrap\">CULPU<a name=\"SzTestCodeCS-CULPU\"> </a></td><td>Culture : PUS</td></tr><tr><td style=\"white-space:nowrap\">CULSP<a name=\"SzTestCodeCS-CULSP\"> </a></td><td>Culture : Sputum</td></tr><tr><td style=\"white-space:nowrap\">CUTUP<a name=\"SzTestCodeCS-CUTUP\"> </a></td><td>Histo Cut Up (Dummy)</td></tr><tr><td style=\"white-space:nowrap\">CYTCO<a name=\"SzTestCodeCS-CYTCO\"> </a></td><td>Gynaecological Detail</td></tr><tr><td style=\"white-space:nowrap\">DBILI<a name=\"SzTestCodeCS-DBILI\"> </a></td><td>Conjugated Bilirubin (Direct)</td></tr><tr><td style=\"white-space:nowrap\">DBSGE<a name=\"SzTestCodeCS-DBSGE\"> </a></td><td>Dry Blood Spot Gene Xpert</td></tr><tr><td style=\"white-space:nowrap\">DCRT<a name=\"SzTestCodeCS-DCRT\"> </a></td><td>1:20 Diluted CRT</td></tr><tr><td style=\"white-space:nowrap\">DIFFM<a name=\"SzTestCodeCS-DIFFM\"> </a></td><td>Differential Count</td></tr><tr><td style=\"white-space:nowrap\">DIFFF<a name=\"SzTestCodeCS-DIFFF\"> </a></td><td>Diff Micro</td></tr><tr><td style=\"white-space:nowrap\">DRUGR<a name=\"SzTestCodeCS-DRUGR\"> </a></td><td>Drug Resistance Testing</td></tr><tr><td style=\"white-space:nowrap\">DRUGS<a name=\"SzTestCodeCS-DRUGS\"> </a></td><td>DRUG SCREEN</td></tr><tr><td style=\"white-space:nowrap\">E2M<a name=\"SzTestCodeCS-E2M\"> </a></td><td>Oestradiol</td></tr><tr><td style=\"white-space:nowrap\">EQAM1<a name=\"SzTestCodeCS-EQAM1\"> </a></td><td>Microbiology EQA</td></tr><tr><td style=\"white-space:nowrap\">FDP<a name=\"SzTestCodeCS-FDP\"> </a></td><td>Fibrinogen Deg. Products (FDP)</td></tr><tr><td style=\"white-space:nowrap\">FE<a name=\"SzTestCodeCS-FE\"> </a></td><td>S-Iron</td></tr><tr><td style=\"white-space:nowrap\">FERR<a name=\"SzTestCodeCS-FERR\"> </a></td><td>Ferritin</td></tr><tr><td style=\"white-space:nowrap\">FERRX<a name=\"SzTestCodeCS-FERRX\"> </a></td><td>S-Ferritin</td></tr><tr><td style=\"white-space:nowrap\">FGLU<a name=\"SzTestCodeCS-FGLU\"> </a></td><td>Fluid-Glucose</td></tr><tr><td style=\"white-space:nowrap\">FNA<a name=\"SzTestCodeCS-FNA\"> </a></td><td>Fine Needle Biopsy</td></tr><tr><td style=\"white-space:nowrap\">FPROT<a name=\"SzTestCodeCS-FPROT\"> </a></td><td>F-Total Protein</td></tr><tr><td style=\"white-space:nowrap\">GLOB<a name=\"SzTestCodeCS-GLOB\"> </a></td><td>Globulin</td></tr><tr><td style=\"white-space:nowrap\">GLUC<a name=\"SzTestCodeCS-GLUC\"> </a></td><td>Glucose</td></tr><tr><td style=\"white-space:nowrap\">GLUCS<a name=\"SzTestCodeCS-GLUCS\"> </a></td><td>Glucose Strip</td></tr><tr><td style=\"white-space:nowrap\">GNBST<a name=\"SzTestCodeCS-GNBST\"> </a></td><td>GNB Sensitivity Testing</td></tr><tr><td style=\"white-space:nowrap\">GPCST<a name=\"SzTestCodeCS-GPCST\"> </a></td><td>GPC Sensitivity testing</td></tr><tr><td style=\"white-space:nowrap\">GROUP<a name=\"SzTestCodeCS-GROUP\"> </a></td><td>Blood Group Serology</td></tr><tr><td style=\"white-space:nowrap\">GTT2<a name=\"SzTestCodeCS-GTT2\"> </a></td><td>GTT - 2 hourly</td></tr><tr><td style=\"white-space:nowrap\">GTT4<a name=\"SzTestCodeCS-GTT4\"> </a></td><td>GTT Prolonged</td></tr><tr><td style=\"white-space:nowrap\">GYN<a name=\"SzTestCodeCS-GYN\"> </a></td><td>Gynaecological Cytology</td></tr><tr><td style=\"white-space:nowrap\">GYNAE<a name=\"SzTestCodeCS-GYNAE\"> </a></td><td>MICROSCOPIC EXAMINATION</td></tr><tr><td style=\"white-space:nowrap\">HBELE<a name=\"SzTestCodeCS-HBELE\"> </a></td><td>Haemoglobin Electrophoresis</td></tr><tr><td style=\"white-space:nowrap\">HBSAB<a name=\"SzTestCodeCS-HBSAB\"> </a></td><td>Hepatitis B Surface Antibody</td></tr><tr><td style=\"white-space:nowrap\">HBSAG<a name=\"SzTestCodeCS-HBSAG\"> </a></td><td>Hepatitis B Surface Antigen</td></tr><tr><td style=\"white-space:nowrap\">HELIC<a name=\"SzTestCodeCS-HELIC\"> </a></td><td>Helicobacter pylori Antibodies</td></tr><tr><td style=\"white-space:nowrap\">HEPAG<a name=\"SzTestCodeCS-HEPAG\"> </a></td><td>Hepatitis A (IgG)(Immunity)</td></tr><tr><td style=\"white-space:nowrap\">HEPAM<a name=\"SzTestCodeCS-HEPAM\"> </a></td><td>Hepatitis A IgM</td></tr><tr><td style=\"white-space:nowrap\">HEPD<a name=\"SzTestCodeCS-HEPD\"> </a></td><td>HEPATITIS D INVESTIGATION</td></tr><tr><td style=\"white-space:nowrap\">HEPE<a name=\"SzTestCodeCS-HEPE\"> </a></td><td>HEPATITIS E INVESTIGATION</td></tr><tr><td style=\"white-space:nowrap\">HERP<a name=\"SzTestCodeCS-HERP\"> </a></td><td>Herpes simplex virus</td></tr><tr><td style=\"white-space:nowrap\">HGH<a name=\"SzTestCodeCS-HGH\"> </a></td><td>Human Growth Hormone</td></tr><tr><td style=\"white-space:nowrap\">HI2DF<a name=\"SzTestCodeCS-HI2DF\"> </a></td><td>HIV Viral Load (DBS)</td></tr><tr><td style=\"white-space:nowrap\">HISIN<a name=\"SzTestCodeCS-HISIN\"> </a></td><td>CLINICAL HISTORY</td></tr><tr><td style=\"white-space:nowrap\">HISSU<a name=\"SzTestCodeCS-HISSU\"> </a></td><td>Supplementary Report</td></tr><tr><td style=\"white-space:nowrap\">HISTO<a name=\"SzTestCodeCS-HISTO\"> </a></td><td>MACROSCOPIC EXAMINATION</td></tr><tr><td style=\"white-space:nowrap\">HISTX<a name=\"SzTestCodeCS-HISTX\"> </a></td><td>Histo Extended text</td></tr><tr><td style=\"white-space:nowrap\">HIV48<a name=\"SzTestCodeCS-HIV48\"> </a></td><td>CD4 + CD8*</td></tr><tr><td style=\"white-space:nowrap\">HIVA<a name=\"SzTestCodeCS-HIVA\"> </a></td><td>HIV ASANTE</td></tr><tr><td style=\"white-space:nowrap\">HIVC<a name=\"SzTestCodeCS-HIVC\"> </a></td><td>HIV Ag/Ab Combo</td></tr><tr><td style=\"white-space:nowrap\">HIVCW<a name=\"SzTestCodeCS-HIVCW\"> </a></td><td>Child Welfare Number</td></tr><tr><td style=\"white-space:nowrap\">HIVLD<a name=\"SzTestCodeCS-HIVLD\"> </a></td><td>HIV Viral Load*</td></tr><tr><td style=\"white-space:nowrap\">HIVPC<a name=\"SzTestCodeCS-HIVPC\"> </a></td><td>HIV DNA PCR</td></tr><tr><td style=\"white-space:nowrap\">HIVP<a name=\"SzTestCodeCS-HIVP\"> </a></td><td>HIV RAPID TEST</td></tr><tr><td style=\"white-space:nowrap\">HIVST<a name=\"SzTestCodeCS-HIVST\"> </a></td><td>HIV EID Information</td></tr><tr><td style=\"white-space:nowrap\">HIVWB<a name=\"SzTestCodeCS-HIVWB\"> </a></td><td>HIV DNA PCR : Whole Blood</td></tr><tr><td style=\"white-space:nowrap\">HSAGR<a name=\"SzTestCodeCS-HSAGR\"> </a></td><td>HepB surface antigen Rapid</td></tr><tr><td style=\"white-space:nowrap\">HSV<a name=\"SzTestCodeCS-HSV\"> </a></td><td>Herpes simplex Virus</td></tr><tr><td style=\"white-space:nowrap\">HVART<a name=\"SzTestCodeCS-HVART\"> </a></td><td>ART Number</td></tr><tr><td style=\"white-space:nowrap\">HYS<a name=\"SzTestCodeCS-HYS\"> </a></td><td>Homocysteine</td></tr><tr><td style=\"white-space:nowrap\">ICD10<a name=\"SzTestCodeCS-ICD10\"> </a></td><td>ICD10</td></tr><tr><td style=\"white-space:nowrap\">IGE<a name=\"SzTestCodeCS-IGE\"> </a></td><td>Total IgE</td></tr><tr><td style=\"white-space:nowrap\">INR<a name=\"SzTestCodeCS-INR\"> </a></td><td>INR</td></tr><tr><td style=\"white-space:nowrap\">IRONX<a name=\"SzTestCodeCS-IRONX\"> </a></td><td>S-IRON STUDIES</td></tr><tr><td style=\"white-space:nowrap\">LALB<a name=\"SzTestCodeCS-LALB\"> </a></td><td>ALBUMIN</td></tr><tr><td style=\"white-space:nowrap\">LCHOL<a name=\"SzTestCodeCS-LCHOL\"> </a></td><td>S-Cholesterol</td></tr><tr><td style=\"white-space:nowrap\">LCOT<a name=\"SzTestCodeCS-LCOT\"> </a></td><td>Cotinine ELISA</td></tr><tr><td style=\"white-space:nowrap\">LCREA<a name=\"SzTestCodeCS-LCREA\"> </a></td><td>Creatinine</td></tr><tr><td style=\"white-space:nowrap\">LESR<a name=\"SzTestCodeCS-LESR\"> </a></td><td>ESR (Westergren)</td></tr><tr><td style=\"white-space:nowrap\">LFBC<a name=\"SzTestCodeCS-LFBC\"> </a></td><td>Full Blood Count</td></tr><tr><td style=\"white-space:nowrap\">LGGT<a name=\"SzTestCodeCS-LGGT\"> </a></td><td>Gamma Glutamyl Transferase</td></tr><tr><td style=\"white-space:nowrap\">LGLPF<a name=\"SzTestCodeCS-LGLPF\"> </a></td><td>P-Glucose (Fasting)</td></tr><tr><td style=\"white-space:nowrap\">LGLPR<a name=\"SzTestCodeCS-LGLPR\"> </a></td><td>P-Glucose (Random)</td></tr><tr><td style=\"white-space:nowrap\">LGLUF<a name=\"SzTestCodeCS-LGLUF\"> </a></td><td>S-Glucose (Fasting)</td></tr><tr><td style=\"white-space:nowrap\">LGLUR<a name=\"SzTestCodeCS-LGLUR\"> </a></td><td>S-Glucose (Random)</td></tr><tr><td style=\"white-space:nowrap\">LHBA1<a name=\"SzTestCodeCS-LHBA1\"> </a></td><td>HbA1C</td></tr><tr><td style=\"white-space:nowrap\">LHDL<a name=\"SzTestCodeCS-LHDL\"> </a></td><td>HDL Cholesterol</td></tr><tr><td style=\"white-space:nowrap\">LI<a name=\"SzTestCodeCS-LI\"> </a></td><td>S-Lithium</td></tr><tr><td style=\"white-space:nowrap\">LIPO<a name=\"SzTestCodeCS-LIPO\"> </a></td><td>Lipogram</td></tr><tr><td style=\"white-space:nowrap\">LRF<a name=\"SzTestCodeCS-LRF\"> </a></td><td>Rheumatoid factor</td></tr><tr><td style=\"white-space:nowrap\">LUPUS<a name=\"SzTestCodeCS-LUPUS\"> </a></td><td>Lupus anticoagulant</td></tr><tr><td style=\"white-space:nowrap\">LUR<a name=\"SzTestCodeCS-LUR\"> </a></td><td>Urea</td></tr><tr><td style=\"white-space:nowrap\">MALB<a name=\"SzTestCodeCS-MALB\"> </a></td><td>Micro-albumin</td></tr><tr><td style=\"white-space:nowrap\">MBCAT<a name=\"SzTestCodeCS-MBCAT\"> </a></td><td>Microbiology: Catheter Tip</td></tr><tr><td style=\"white-space:nowrap\">MBCLT<a name=\"SzTestCodeCS-MBCLT\"> </a></td><td>Microbiology: Catheter Line Ti</td></tr><tr><td style=\"white-space:nowrap\">MBFAM<a name=\"SzTestCodeCS-MBFAM\"> </a></td><td>MICROBIOLOGY:AMNIOTIC FLUID</td></tr><tr><td style=\"white-space:nowrap\">MBFAS<a name=\"SzTestCodeCS-MBFAS\"> </a></td><td>MICROBIOLOGY : ASCITIC FLUID</td></tr><tr><td style=\"white-space:nowrap\">MBFCA<a name=\"SzTestCodeCS-MBFCA\"> </a></td><td>MICROBIOLOGY:PERICARDIAL FLUID</td></tr><tr><td style=\"white-space:nowrap\">MBFL<a name=\"SzTestCodeCS-MBFL\"> </a></td><td>Microbiology:Body Fluid</td></tr><tr><td style=\"white-space:nowrap\">MBFLU<a name=\"SzTestCodeCS-MBFLU\"> </a></td><td>Microbiology:Body Fluid</td></tr><tr><td style=\"white-space:nowrap\">MBFPE<a name=\"SzTestCodeCS-MBFPE\"> </a></td><td>MICROBIOLOGY:PERITONEAL FLUID</td></tr><tr><td style=\"white-space:nowrap\">MBFPL<a name=\"SzTestCodeCS-MBFPL\"> </a></td><td>MICROBIOLOGY:PLEURAL FLUID</td></tr><tr><td style=\"white-space:nowrap\">MBFSY<a name=\"SzTestCodeCS-MBFSY\"> </a></td><td>MICROBIOLOGY:SYNOVIAL FLUID</td></tr><tr><td style=\"white-space:nowrap\">MBTRA<a name=\"SzTestCodeCS-MBTRA\"> </a></td><td>Microbiology: Tracheal Tip</td></tr><tr><td style=\"white-space:nowrap\">MBUCT<a name=\"SzTestCodeCS-MBUCT\"> </a></td><td>Microbiology: Urinary Catheter</td></tr><tr><td style=\"white-space:nowrap\">MBUMC<a name=\"SzTestCodeCS-MBUMC\"> </a></td><td>Microbiology:Umbilical Cathete</td></tr><tr><td style=\"white-space:nowrap\">MCES<a name=\"SzTestCodeCS-MCES\"> </a></td><td>MICROBIOLOGY : CERVICAL SWAB</td></tr><tr><td style=\"white-space:nowrap\">MEAS<a name=\"SzTestCodeCS-MEAS\"> </a></td><td>MICROBIOLOGY : EAR SWAB</td></tr><tr><td style=\"white-space:nowrap\">MENDC<a name=\"SzTestCodeCS-MENDC\"> </a></td><td>MICROBIOLOGY:ENDOCERVICAL SWAB</td></tr><tr><td style=\"white-space:nowrap\">MEYE<a name=\"SzTestCodeCS-MEYE\"> </a></td><td>MICROBIOLOGY : EYE SWAB</td></tr><tr><td style=\"white-space:nowrap\">MGAS<a name=\"SzTestCodeCS-MGAS\"> </a></td><td>MICROBIOLOGY : GASTRIC ASP</td></tr><tr><td style=\"white-space:nowrap\">MICBC<a name=\"SzTestCodeCS-MICBC\"> </a></td><td>MICROBIOLOGY: BLOOD CULTURE</td></tr><tr><td style=\"white-space:nowrap\">MICFL<a name=\"SzTestCodeCS-MICFL\"> </a></td><td>MICROBIOLOGY : FLUID</td></tr><tr><td style=\"white-space:nowrap\">MICNS<a name=\"SzTestCodeCS-MICNS\"> </a></td><td>MICROBIOLOGY : NASAL SWAB</td></tr><tr><td style=\"white-space:nowrap\">MICSA<a name=\"SzTestCodeCS-MICSA\"> </a></td><td>Microscopy - Sexual Assault</td></tr><tr><td style=\"white-space:nowrap\">MICTS<a name=\"SzTestCodeCS-MICTS\"> </a></td><td>MICROBIOLOGY : THROAT SWAB</td></tr><tr><td style=\"white-space:nowrap\">MICU<a name=\"SzTestCodeCS-MICU\"> </a></td><td>MICROBIOLOGY: URINE</td></tr><tr><td style=\"white-space:nowrap\">MONO<a name=\"SzTestCodeCS-MONO\"> </a></td><td>Epstein Barr Ser-Mono Test</td></tr><tr><td style=\"white-space:nowrap\">MPEN<a name=\"SzTestCodeCS-MPEN\"> </a></td><td>MICROBIOLOGY : PENILE SWAB</td></tr><tr><td style=\"white-space:nowrap\">MPT64<a name=\"SzTestCodeCS-MPT64\"> </a></td><td>MPT64 Rapid</td></tr><tr><td style=\"white-space:nowrap\">MPUS<a name=\"SzTestCodeCS-MPUS\"> </a></td><td>MICROBIOLOGY : PUS</td></tr><tr><td style=\"white-space:nowrap\">MRCSW<a name=\"SzTestCodeCS-MRCSW\"> </a></td><td>MICROBIOLOGY : RECTAL SWAB</td></tr><tr><td style=\"white-space:nowrap\">MSPUT<a name=\"SzTestCodeCS-MSPUT\"> </a></td><td>MICROBIOLOGY : SPUTUM</td></tr><tr><td style=\"white-space:nowrap\">MSTRS<a name=\"SzTestCodeCS-MSTRS\"> </a></td><td>MICROBIOLOGY : STOOL CULTURE</td></tr><tr><td style=\"white-space:nowrap\">MTISS<a name=\"SzTestCodeCS-MTISS\"> </a></td><td>MICROBIOLOGY : TISSUE</td></tr><tr><td style=\"white-space:nowrap\">MUMPS<a name=\"SzTestCodeCS-MUMPS\"> </a></td><td>Mumps Serology (ELISA)</td></tr><tr><td style=\"white-space:nowrap\">MUPS<a name=\"SzTestCodeCS-MUPS\"> </a></td><td>MICROBIOLOGY : URETHRAL SWAB</td></tr><tr><td style=\"white-space:nowrap\">MWUS<a name=\"SzTestCodeCS-MWUS\"> </a></td><td>MICROBILOLOGY: Wound Swab</td></tr><tr><td style=\"white-space:nowrap\">MYGT<a name=\"SzTestCodeCS-MYGT\"> </a></td><td>Germ Tube Test</td></tr><tr><td style=\"white-space:nowrap\">MYMIC<a name=\"SzTestCodeCS-MYMIC\"> </a></td><td>Microscopy for Fungi</td></tr><tr><td style=\"white-space:nowrap\">MYOB<a name=\"SzTestCodeCS-MYOB\"> </a></td><td>Myogloblin (Serum)</td></tr><tr><td style=\"white-space:nowrap\">NGYN<a name=\"SzTestCodeCS-NGYN\"> </a></td><td>Non-Gynaecological Cytology</td></tr><tr><td style=\"white-space:nowrap\">MFOB<a name=\"SzTestCodeCS-MFOB\"> </a></td><td>Faecal Occult Blood</td></tr><tr><td style=\"white-space:nowrap\">PARA<a name=\"SzTestCodeCS-PARA\"> </a></td><td>Parasitology:Urine</td></tr><tr><td style=\"white-space:nowrap\">PBILI<a name=\"SzTestCodeCS-PBILI\"> </a></td><td>Neonatal Bilirubin</td></tr><tr><td style=\"white-space:nowrap\">PBS<a name=\"SzTestCodeCS-PBS\"> </a></td><td>Peripheral Blood Smear</td></tr><tr><td style=\"white-space:nowrap\">PCRAP<a name=\"SzTestCodeCS-PCRAP\"> </a></td><td>Factor V Leiden Mutation</td></tr><tr><td style=\"white-space:nowrap\">PCTR<a name=\"SzTestCodeCS-PCTR\"> </a></td><td>Procalcitonin</td></tr><tr><td style=\"white-space:nowrap\">PHENB<a name=\"SzTestCodeCS-PHENB\"> </a></td><td>Phenobarbitone</td></tr><tr><td style=\"white-space:nowrap\">PHENY<a name=\"SzTestCodeCS-PHENY\"> </a></td><td>S-Phenytoin</td></tr><tr><td style=\"white-space:nowrap\">PHVS<a name=\"SzTestCodeCS-PHVS\"> </a></td><td>PARASITOLOGY: VAGINAL SWAB</td></tr><tr><td style=\"white-space:nowrap\">PLAT<a name=\"SzTestCodeCS-PLAT\"> </a></td><td>Platelets</td></tr><tr><td style=\"white-space:nowrap\">PM<a name=\"SzTestCodeCS-PM\"> </a></td><td>Post-Mortem Examination</td></tr><tr><td style=\"white-space:nowrap\">POLIO<a name=\"SzTestCodeCS-POLIO\"> </a></td><td>Polio Neutralisation Serology</td></tr><tr><td style=\"white-space:nowrap\">POSTM<a name=\"SzTestCodeCS-POSTM\"> </a></td><td>POST MORTEM REPORT</td></tr><tr><td style=\"white-space:nowrap\">POSTX<a name=\"SzTestCodeCS-POSTX\"> </a></td><td>Postmorten Supplement</td></tr><tr><td style=\"white-space:nowrap\">PRD<a name=\"SzTestCodeCS-PRD\"> </a></td><td>Pregnandiol</td></tr><tr><td style=\"white-space:nowrap\">PROT<a name=\"SzTestCodeCS-PROT\"> </a></td><td>Total Protein &amp; Albumin</td></tr><tr><td style=\"white-space:nowrap\">PRT24<a name=\"SzTestCodeCS-PRT24\"> </a></td><td>Urine Protein (24 hr)</td></tr><tr><td style=\"white-space:nowrap\">PSA<a name=\"SzTestCodeCS-PSA\"> </a></td><td>Prostate Specific Antigen</td></tr><tr><td style=\"white-space:nowrap\">PTT<a name=\"SzTestCodeCS-PTT\"> </a></td><td>Part Thromboplastin Time (PTT)</td></tr><tr><td style=\"white-space:nowrap\">RA<a name=\"SzTestCodeCS-RA\"> </a></td><td>RA Latex Test</td></tr><tr><td style=\"white-space:nowrap\">RAPI2<a name=\"SzTestCodeCS-RAPI2\"> </a></td><td>HIV Rapid Repeat</td></tr><tr><td style=\"white-space:nowrap\">RCCHE<a name=\"SzTestCodeCS-RCCHE\"> </a></td><td>Cholinesterase</td></tr><tr><td style=\"white-space:nowrap\">RH<a name=\"SzTestCodeCS-RH\"> </a></td><td>RHESUS FACTOR</td></tr><tr><td style=\"white-space:nowrap\">ROTA<a name=\"SzTestCodeCS-ROTA\"> </a></td><td>Rotavirus Antigen EIA Test</td></tr><tr><td style=\"white-space:nowrap\">ROTPC<a name=\"SzTestCodeCS-ROTPC\"> </a></td><td>Rotavirus: PCR</td></tr><tr><td style=\"white-space:nowrap\">RUB<a name=\"SzTestCodeCS-RUB\"> </a></td><td>Rubella Serology</td></tr><tr><td style=\"white-space:nowrap\">SADA<a name=\"SzTestCodeCS-SADA\"> </a></td><td>Adenosine Deaminase</td></tr><tr><td style=\"white-space:nowrap\">SCREA<a name=\"SzTestCodeCS-SCREA\"> </a></td><td>Creatinine Clearance</td></tr><tr><td style=\"white-space:nowrap\">SEICU<a name=\"SzTestCodeCS-SEICU\"> </a></td><td>SENS ICU</td></tr><tr><td style=\"white-space:nowrap\">SENFA<a name=\"SzTestCodeCS-SENFA\"> </a></td><td>ANTIBIOTIC SUSCEPTIBILITY</td></tr><tr><td style=\"white-space:nowrap\">SENGN<a name=\"SzTestCodeCS-SENGN\"> </a></td><td>ANTIBIOTIC SENS: GN</td></tr><tr><td style=\"white-space:nowrap\">SENGP<a name=\"SzTestCodeCS-SENGP\"> </a></td><td>ANTIBIOTIC SENS: GP</td></tr><tr><td style=\"white-space:nowrap\">SENSA<a name=\"SzTestCodeCS-SENSA\"> </a></td><td>ANTIBIOTIC SENS: STOOL</td></tr><tr><td style=\"white-space:nowrap\">SENST<a name=\"SzTestCodeCS-SENST\"> </a></td><td>ANTIBIOTIC SENS: STOOL</td></tr><tr><td style=\"white-space:nowrap\">SENSU<a name=\"SzTestCodeCS-SENSU\"> </a></td><td>ANTIBIOTIC SENS: URINE</td></tr><tr><td style=\"white-space:nowrap\">SHBG<a name=\"SzTestCodeCS-SHBG\"> </a></td><td>Sex Hormone Binding Globulin</td></tr><tr><td style=\"white-space:nowrap\">STDM<a name=\"SzTestCodeCS-STDM\"> </a></td><td>Direct Microscopy : Stool</td></tr><tr><td style=\"white-space:nowrap\">STOOL<a name=\"SzTestCodeCS-STOOL\"> </a></td><td>Stool Microscopy</td></tr><tr><td style=\"white-space:nowrap\">TBA1<a name=\"SzTestCodeCS-TBA1\"> </a></td><td>TB Microscopy Auramine 1</td></tr><tr><td style=\"white-space:nowrap\">TBA2<a name=\"SzTestCodeCS-TBA2\"> </a></td><td>TB Microscopy Auramine 2</td></tr><tr><td style=\"white-space:nowrap\">TBA3<a name=\"SzTestCodeCS-TBA3\"> </a></td><td>TB Microscopy Specimen 3</td></tr><tr><td style=\"white-space:nowrap\">TBBA<a name=\"SzTestCodeCS-TBBA\"> </a></td><td>TB Blood Agar (TB Nat Ref)</td></tr><tr><td style=\"white-space:nowrap\">TBCL<a name=\"SzTestCodeCS-TBCL\"> </a></td><td>TB Culture</td></tr><tr><td style=\"white-space:nowrap\">TBCL1<a name=\"SzTestCodeCS-TBCL1\"> </a></td><td>TB Culture 1</td></tr><tr><td style=\"white-space:nowrap\">TBCL2<a name=\"SzTestCodeCS-TBCL2\"> </a></td><td>TB Culture 2</td></tr><tr><td style=\"white-space:nowrap\">TBCL3<a name=\"SzTestCodeCS-TBCL3\"> </a></td><td>TB Culture 3</td></tr><tr><td style=\"white-space:nowrap\">TBCON<a name=\"SzTestCodeCS-TBCON\"> </a></td><td>TB Control</td></tr><tr><td style=\"white-space:nowrap\">TBEQA<a name=\"SzTestCodeCS-TBEQA\"> </a></td><td>TB EQA</td></tr><tr><td style=\"white-space:nowrap\">TBGEN<a name=\"SzTestCodeCS-TBGEN\"> </a></td><td>TB Genexpert</td></tr><tr><td style=\"white-space:nowrap\">TBHCG<a name=\"SzTestCodeCS-TBHCG\"> </a></td><td>S-HCG Total Beta</td></tr><tr><td style=\"white-space:nowrap\">TBILI<a name=\"SzTestCodeCS-TBILI\"> </a></td><td>S-Total Bilirubin</td></tr><tr><td style=\"white-space:nowrap\">TBINF<a name=\"SzTestCodeCS-TBINF\"> </a></td><td>TB Diagnosis Information</td></tr><tr><td style=\"white-space:nowrap\">TBLP1<a name=\"SzTestCodeCS-TBLP1\"> </a></td><td>TB Line Probe SP1</td></tr><tr><td style=\"white-space:nowrap\">TBLP2<a name=\"SzTestCodeCS-TBLP2\"> </a></td><td>TB Line Probe SP2</td></tr><tr><td style=\"white-space:nowrap\">TBLP3<a name=\"SzTestCodeCS-TBLP3\"> </a></td><td>TB Line Probe SP3</td></tr><tr><td style=\"white-space:nowrap\">TBLP<a name=\"SzTestCodeCS-TBLP\"> </a></td><td>TB First Line -Line  Probe Assay</td></tr><tr><td style=\"white-space:nowrap\">TBLPS<a name=\"SzTestCodeCS-TBLPS\"> </a></td><td>TB Second Line -Line  Probe Assay</td></tr><tr><td style=\"white-space:nowrap\">TBLSF<a name=\"SzTestCodeCS-TBLSF\"> </a></td><td>2nd Line Probe Assay Final</td></tr><tr><td style=\"white-space:nowrap\">TBPC1<a name=\"SzTestCodeCS-TBPC1\"> </a></td><td>TB PCR Specimen 1</td></tr><tr><td style=\"white-space:nowrap\">TBPC2<a name=\"SzTestCodeCS-TBPC2\"> </a></td><td>TB PCR Specimen 2</td></tr><tr><td style=\"white-space:nowrap\">TBPC3<a name=\"SzTestCodeCS-TBPC3\"> </a></td><td>TB PCR Specimen 3</td></tr><tr><td style=\"white-space:nowrap\">TBRAP<a name=\"SzTestCodeCS-TBRAP\"> </a></td><td>TB Capilia Rapid Test</td></tr><tr><td style=\"white-space:nowrap\">TBRP1<a name=\"SzTestCodeCS-TBRP1\"> </a></td><td>TB Capilia Rapid ID Test SP1</td></tr><tr><td style=\"white-space:nowrap\">TBRP2<a name=\"SzTestCodeCS-TBRP2\"> </a></td><td>TB Capilia Rapid ID Test SP2</td></tr><tr><td style=\"white-space:nowrap\">TBRP3<a name=\"SzTestCodeCS-TBRP3\"> </a></td><td>TB Capilia Rapid ID Test SP3</td></tr><tr><td style=\"white-space:nowrap\">TBSF1<a name=\"SzTestCodeCS-TBSF1\"> </a></td><td>TB First Line Sens 1</td></tr><tr><td style=\"white-space:nowrap\">TBSF2<a name=\"SzTestCodeCS-TBSF2\"> </a></td><td>TB First Line Sens 2</td></tr><tr><td style=\"white-space:nowrap\">TBSF3<a name=\"SzTestCodeCS-TBSF3\"> </a></td><td>TB First Line Sens 3</td></tr><tr><td style=\"white-space:nowrap\">TBSFF<a name=\"SzTestCodeCS-TBSFF\"> </a></td><td>TB First Line Sens Final</td></tr><tr><td style=\"white-space:nowrap\">TBSS<a name=\"SzTestCodeCS-TBSS\"> </a></td><td>TB Second Line DST</td></tr><tr><td style=\"white-space:nowrap\">TBSS2<a name=\"SzTestCodeCS-TBSS2\"> </a></td><td>TB Seconde Line Sens 2</td></tr><tr><td style=\"white-space:nowrap\">TBSS3<a name=\"SzTestCodeCS-TBSS3\"> </a></td><td>TB Seconde Line Sens 3</td></tr><tr><td style=\"white-space:nowrap\">TBSSF<a name=\"SzTestCodeCS-TBSSF\"> </a></td><td>TB Second Line Final</td></tr><tr><td style=\"white-space:nowrap\">TBZ<a name=\"SzTestCodeCS-TBZ\"> </a></td><td>TBZN TB National Ref Lab</td></tr><tr><td style=\"white-space:nowrap\">TBZ1<a name=\"SzTestCodeCS-TBZ1\"> </a></td><td>TB Direct Microscopy Spec. 1</td></tr><tr><td style=\"white-space:nowrap\">TBZ2<a name=\"SzTestCodeCS-TBZ2\"> </a></td><td>TB Direct Microscopy Spec. 2</td></tr><tr><td style=\"white-space:nowrap\">TBZ3<a name=\"SzTestCodeCS-TBZ3\"> </a></td><td>TB Direct Microscopy Spec. 3</td></tr><tr><td style=\"white-space:nowrap\">TBZN<a name=\"SzTestCodeCS-TBZN\"> </a></td><td>TB Smear Microscopy</td></tr><tr><td style=\"white-space:nowrap\">TBZN1<a name=\"SzTestCodeCS-TBZN1\"> </a></td><td>TBZN SP1</td></tr><tr><td style=\"white-space:nowrap\">TBZN2<a name=\"SzTestCodeCS-TBZN2\"> </a></td><td>TBZN SP2</td></tr><tr><td style=\"white-space:nowrap\">TBZN3<a name=\"SzTestCodeCS-TBZN3\"> </a></td><td>TBZN SP3</td></tr><tr><td style=\"white-space:nowrap\">THCGB<a name=\"SzTestCodeCS-THCGB\"> </a></td><td>S-TOTAL HCG Beta</td></tr><tr><td style=\"white-space:nowrap\">TT3<a name=\"SzTestCodeCS-TT3\"> </a></td><td>Total Tri-iodothyronine (TT3)</td></tr><tr><td style=\"white-space:nowrap\">TTA<a name=\"SzTestCodeCS-TTA\"> </a></td><td>Tetanus Serology</td></tr><tr><td style=\"white-space:nowrap\">LURIC<a name=\"SzTestCodeCS-LURIC\"> </a></td><td>Uric Acid</td></tr><tr><td style=\"white-space:nowrap\">UBHCG<a name=\"SzTestCodeCS-UBHCG\"> </a></td><td>Urine Beta-HCG (Preg Test)</td></tr><tr><td style=\"white-space:nowrap\">UBJP<a name=\"SzTestCodeCS-UBJP\"> </a></td><td>Urine Bence Jones Protein</td></tr><tr><td style=\"white-space:nowrap\">UCREA<a name=\"SzTestCodeCS-UCREA\"> </a></td><td>Creatine Clearance</td></tr><tr><td style=\"white-space:nowrap\">UCUL<a name=\"SzTestCodeCS-UCUL\"> </a></td><td>CULTURE : Urine</td></tr><tr><td style=\"white-space:nowrap\">UE<a name=\"SzTestCodeCS-UE\"> </a></td><td>Urea &amp; electrolytes</td></tr><tr><td style=\"white-space:nowrap\">UECA<a name=\"SzTestCodeCS-UECA\"> </a></td><td>Urea, Electrolytes &amp; Creatinin</td></tr><tr><td style=\"white-space:nowrap\">UECA+<a name=\"SzTestCodeCS-UECA.43\"> </a></td><td>Urea, Elec, Creat &amp; eGFR</td></tr><tr><td style=\"white-space:nowrap\">UMAC<a name=\"SzTestCodeCS-UMAC\"> </a></td><td>MACROSCOPY : Urine</td></tr><tr><td style=\"white-space:nowrap\">UMIC<a name=\"SzTestCodeCS-UMIC\"> </a></td><td>MICROSCOPY : Urine</td></tr><tr><td style=\"white-space:nowrap\">UPREG<a name=\"SzTestCodeCS-UPREG\"> </a></td><td>Urine Pregnancy Test</td></tr><tr><td style=\"white-space:nowrap\">UPROT<a name=\"SzTestCodeCS-UPROT\"> </a></td><td>Total Protein (Urine)</td></tr><tr><td style=\"white-space:nowrap\">UREA<a name=\"SzTestCodeCS-UREA\"> </a></td><td>Urea</td></tr><tr><td style=\"white-space:nowrap\">VALPR<a name=\"SzTestCodeCS-VALPR\"> </a></td><td>S-Valproate</td></tr><tr><td style=\"white-space:nowrap\">VDRL<a name=\"SzTestCodeCS-VDRL\"> </a></td><td>VDRL</td></tr><tr><td style=\"white-space:nowrap\">VLPOC<a name=\"SzTestCodeCS-VLPOC\"> </a></td><td>HIV VIRAL LOAD (POC)</td></tr><tr><td style=\"white-space:nowrap\">VMAC<a name=\"SzTestCodeCS-VMAC\"> </a></td><td>Vanillylmandelic Acid</td></tr><tr><td style=\"white-space:nowrap\">VZV<a name=\"SzTestCodeCS-VZV\"> </a></td><td>VARICELLA-ZOSTER SEROLOGY</td></tr><tr><td style=\"white-space:nowrap\">WBCP<a name=\"SzTestCodeCS-WBCP\"> </a></td><td>White Cell Count + Platelets</td></tr><tr><td style=\"white-space:nowrap\">WCC<a name=\"SzTestCodeCS-WCC\"> </a></td><td>White Cell Count</td></tr><tr><td style=\"white-space:nowrap\">WF<a name=\"SzTestCodeCS-WF\"> </a></td><td>WEIL FELIX</td></tr><tr><td style=\"white-space:nowrap\">YELLO<a name=\"SzTestCodeCS-YELLO\"> </a></td><td>Yellow Fever</td></tr><tr><td style=\"white-space:nowrap\">ZN<a name=\"SzTestCodeCS-ZN\"> </a></td><td>TBZN</td></tr><tr><td style=\"white-space:nowrap\">ZN2<a name=\"SzTestCodeCS-ZN2\"> </a></td><td>Smear Microscopy 2</td></tr><tr><td style=\"white-space:nowrap\">ZN3<a name=\"SzTestCodeCS-ZN3\"> </a></td><td>TBZN Specimen 3</td></tr><tr><td style=\"white-space:nowrap\">TBSF<a name=\"SzTestCodeCS-TBSF\"> </a></td><td>TB First Line DST</td></tr><tr><td style=\"white-space:nowrap\">QHCG<a name=\"SzTestCodeCS-QHCG\"> </a></td><td>Quantitative Beta-HCG (Blood)</td></tr><tr><td style=\"white-space:nowrap\">CVID<a name=\"SzTestCodeCS-CVID\"> </a></td><td>PCR SARS-CoV-2</td></tr><tr><td style=\"white-space:nowrap\">CVRP<a name=\"SzTestCodeCS-CVRP\"> </a></td><td>COVID-19 Ag Rapid Test</td></tr><tr><td style=\"white-space:nowrap\">MEASL<a name=\"SzTestCodeCS-MEASL\"> </a></td><td>Measles</td></tr></table></div>"
  },
  "url" : "http://172.209.216.154:3447/fhir/CodeSystem/SzTestCodeCS",
  "version" : "0.1.0",
  "name" : "EswatiniTestCodes",
  "title" : "Code System: Eswatini Local Test Codes",
  "status" : "active",
  "experimental" : false,
  "date" : "2025-09-08T12:30:01+00:00",
  "publisher" : "Ministry of Health Eswatini",
  "contact" : [{
    "name" : "Ministry of Health Eswatini",
    "telecom" : [{
      "system" : "url",
      "value" : "https://172.209.216.154:3447"
    },
    {
      "system" : "email",
      "value" : "eswatinihie@moh.gov.sz"
    }]
  }],
  "description" : "Data element that contains alternate test codes used by the Laboratory Information System to identify laboratory tests.",
  "content" : "complete",
  "count" : 400,
  "concept" : [{
    "code" : "CD4",
    "display" : "CD4 Test"
  },
  {
    "code" : "AST",
    "display" : "AST (Aspartate Transaminase)"
  },
  {
    "code" : "CREA",
    "display" : "Creatinine "
  },
  {
    "code" : "HB",
    "display" : "Haemoglobin"
  },
  {
    "code" : "LFT",
    "display" : "Liver Function Tests - Profile"
  },
  {
    "code" : "HIVVL",
    "display" : "HIV Viral Load (Plasma)"
  },
  {
    "code" : "ICUP",
    "display" : "ICU-  Profile"
  },
  {
    "code" : "GGT",
    "display" : "Gamma-Glutamyl Transferase GGT"
  },
  {
    "code" : "KFT",
    "display" : "Kidney Function Test - Profile"
  },
  {
    "code" : "CARDE",
    "display" : "Cardiac Enzymes"
  },
  {
    "code" : "ART",
    "display" : "ART Baseline - Profile"
  },
  {
    "code" : "ELECT",
    "display" : "Electrolytes - Profile"
  },
  {
    "code" : "GLUCF",
    "display" : "Glucose (Fasting)"
  },
  {
    "code" : "GLUCR",
    "display" : "Glucose (Random)"
  },
  {
    "code" : "GTT",
    "display" : "Glucose Tolerance Test"
  },
  {
    "code" : "CL",
    "display" : "S-Chloride"
  },
  {
    "code" : "K",
    "display" : "S-Potassium"
  },
  {
    "code" : "NA",
    "display" : "S-Sodium"
  },
  {
    "code" : "CO2",
    "display" : "S-Carbon Dioxide"
  },
  {
    "code" : "UA",
    "display" : "Uric Acid"
  },
  {
    "code" : "CREAC",
    "display" : "Creatinine Clearance"
  },
  {
    "code" : "TBIL",
    "display" : "Total Bilirubin"
  },
  {
    "code" : "BILI",
    "display" : "Total and Direct Bilirubin"
  },
  {
    "code" : "ALP",
    "display" : "Alkaline Phosphatase"
  },
  {
    "code" : "ALT",
    "display" : "ALT (Alanine Aminotransferase)"
  },
  {
    "code" : "ALB",
    "display" : "Albumin"
  },
  {
    "code" : "TPROT",
    "display" : "Total Protein"
  },
  {
    "code" : "CK",
    "display" : "Creatine Kinase (CK)"
  },
  {
    "code" : "CKMB",
    "display" : "Creatine Kinase (MB-Frac)"
  },
  {
    "code" : "MYOG",
    "display" : "Myoglobin"
  },
  {
    "code" : "TROPI",
    "display" : "S-Troponin I"
  },
  {
    "code" : "MAG",
    "display" : "S-Magnesium"
  },
  {
    "code" : "PO4",
    "display" : "Phosphate"
  },
  {
    "code" : "CAL",
    "display" : "S-Calcium"
  },
  {
    "code" : "LDH",
    "display" : "Lactate Dehydrogenase (LD)"
  },
  {
    "code" : "TRIG",
    "display" : "Triglyceride"
  },
  {
    "code" : "LDL",
    "display" : "LDL - Cholesterol"
  },
  {
    "code" : "HDL",
    "display" : "HDL - Cholesterol"
  },
  {
    "code" : "CHOL",
    "display" : "Total Cholesterol"
  },
  {
    "code" : "AMY",
    "display" : "Serum Amylase"
  },
  {
    "code" : "LACT",
    "display" : "Lactate"
  },
  {
    "code" : "CRP",
    "display" : "C-Reactive Protein (CRP)"
  },
  {
    "code" : "LIPAS",
    "display" : "Lipase (Serum)"
  },
  {
    "code" : "HBA1C",
    "display" : "Glycated Haemoglobin (HbA1C)"
  },
  {
    "code" : "M-TP",
    "display" : "Micro Total Protein"
  },
  {
    "code" : "FBC",
    "display" : "FBC (Full Blood Count)"
  },
  {
    "code" : "DIFF",
    "display" : "Differential Count"
  },
  {
    "code" : "ESR",
    "display" : "ESR (Westergren)"
  },
  {
    "code" : "RET",
    "display" : "Reticulocyte Studies"
  },
  {
    "code" : "COOMB",
    "display" : "Coombs Test"
  },
  {
    "code" : "SICKL",
    "display" : "Sickle Cells Screen"
  },
  {
    "code" : "MAL",
    "display" : "Malaria"
  },
  {
    "code" : "MALPC",
    "display" : "Malaria: PCR"
  },
  {
    "code" : "MALS",
    "display" : "Malaria Smear: Parasitemia"
  },
  {
    "code" : "PT",
    "display" : "Prothrombin Time(INR/PI)"
  },
  {
    "code" : "APTT",
    "display" : "Partial Thromboplastin Time"
  },
  {
    "code" : "PI",
    "display" : "Prothrombin Time (INR/PI)"
  },
  {
    "code" : "BTIME",
    "display" : "Bleeding Time"
  },
  {
    "code" : "DDIME",
    "display" : "D-Dimer"
  },
  {
    "code" : "TFT",
    "display" : "Thyroid Function Tests "
  },
  {
    "code" : "T3",
    "display" : "Free Tri-iodothyronine (FT3)"
  },
  {
    "code" : "T4",
    "display" : "Free Thyroxine (T4)"
  },
  {
    "code" : "TSH",
    "display" : "Thyroid Stimulating Hormone"
  },
  {
    "code" : "LH",
    "display" : "Luteinising Hormone"
  },
  {
    "code" : "FSH",
    "display" : "Follicle Stimulating Hormone"
  },
  {
    "code" : "E2",
    "display" : "17 b Oestradial (E2)"
  },
  {
    "code" : "PROG",
    "display" : "Progesterone"
  },
  {
    "code" : "PRL",
    "display" : "Prolactin"
  },
  {
    "code" : "TESTO",
    "display" : "Testosterone"
  },
  {
    "code" : "CORT",
    "display" : "Cortisol"
  },
  {
    "code" : "PTH",
    "display" : "Parathyroid Hormone"
  },
  {
    "code" : "HCGSU",
    "display" : "Qualitative  -HCG (Urine)"
  },
  {
    "code" : "HCGSB",
    "display" : "Qualitative \u00a0-HCG"
  },
  {
    "code" : "ABORH",
    "display" : "ABO + Rh Group"
  },
  {
    "code" : "RPR",
    "display" : "Syphilis RPR"
  },
  {
    "code" : "TPHA",
    "display" : "TPHA"
  },
  {
    "code" : "PSSA",
    "display" : "ANTIBIOTIC SENS: PSA"
  },
  {
    "code" : "BHCG",
    "display" : "Beta-HCG (Pregnancy Test)"
  },
  {
    "code" : "AFP",
    "display" : "Alfa Feto Protein"
  },
  {
    "code" : "CA153",
    "display" : "CA15-3"
  },
  {
    "code" : "CA125",
    "display" : "CA125"
  },
  {
    "code" : "CEA",
    "display" : "Carcino-embryonic Antigen"
  },
  {
    "code" : "CA199",
    "display" : "CA19-9"
  },
  {
    "code" : "GRAM",
    "display" : "MICROBIOLOGY : GRAM STAIN"
  },
  {
    "code" : "MCSF",
    "display" : "MICROBIOLOGY : CSF"
  },
  {
    "code" : "CSF",
    "display" : "CSF Chem Profile"
  },
  {
    "code" : "CRINK",
    "display" : "India Ink Stain"
  },
  {
    "code" : "SEMEN",
    "display" : "Semen Analysis"
  },
  {
    "code" : "HIVR",
    "display" : "HIV Rapid Test"
  },
  {
    "code" : "HIVE",
    "display" : "HIV ELISA"
  },
  {
    "code" : "HIPOC",
    "display" : "Point of Care DNA PCR"
  },
  {
    "code" : "LCRAG",
    "display" : "LFA Cryptococal Antigen"
  },
  {
    "code" : "TOXO",
    "display" : "Toxoplasmosis Test"
  },
  {
    "code" : "HELIP",
    "display" : "MICROBIOLOGY : H.pylori"
  },
  {
    "code" : "HEAG",
    "display" : "Hepatitis A IgG"
  },
  {
    "code" : "HBCAB",
    "display" : "Hepatitis B Core Antibodies"
  },
  {
    "code" : "HEPC",
    "display" : "Hepatitis C Antibodies"
  },
  {
    "code" : "QCRPR",
    "display" : "QC RPR"
  },
  {
    "code" : "WIDAL",
    "display" : "Widal"
  },
  {
    "code" : "RF",
    "display" : "Rheumatoid Factor"
  },
  {
    "code" : "ASOT",
    "display" : "Anti-Streptolysin O Test"
  },
  {
    "code" : "XMAT",
    "display" : "Cross Match"
  },
  {
    "code" : "HLAX",
    "display" : "Grouping/Crossmatch"
  },
  {
    "code" : "ANISC",
    "display" : "Antibody Screening (^Bbloodban"
  },
  {
    "code" : "DCT",
    "display" : "Direct Coombs Test"
  },
  {
    "code" : "ICT",
    "display" : "Indirect Coomb's Test"
  },
  {
    "code" : "IGGS",
    "display" : "IMMUNOGLOBULINS"
  },
  {
    "code" : "ZN1",
    "display" : "Smear Microscopy 1"
  },
  {
    "code" : "CUBFL",
    "display" : "Culture : Body Fuilds"
  },
  {
    "code" : "HIVGE",
    "display" : "HIV GENE XPERT"
  },
  {
    "code" : "TROPT",
    "display" : "Troponin-T"
  },
  {
    "code" : "UCHEM",
    "display" : "Biochemistry : Urine (Dipstick)"
  },
  {
    "code" : "CRAG",
    "display" : "CRAG (CSF)"
  },
  {
    "code" : "CRGLF",
    "display" : "CRAG (LFA)  Blood"
  },
  {
    "code" : "TBLAM",
    "display" : "TB LAM Ag TEST"
  },
  {
    "code" : "17OPH",
    "display" : "17 Hydroxyprogesterone"
  },
  {
    "code" : "A1ATR",
    "display" : "Alpha-1-antitrypsin"
  },
  {
    "code" : "ACA",
    "display" : "Anti-Centromere Antibodies"
  },
  {
    "code" : "ACE",
    "display" : "Angiotensin Converting Enzyme"
  },
  {
    "code" : "ACERA",
    "display" : "Acetylcholine Receptor Ab's"
  },
  {
    "code" : "ACLA",
    "display" : "Anti-Cardiolipin Antibodies"
  },
  {
    "code" : "ACOLA",
    "display" : "Anti-Collagen Antibodies"
  },
  {
    "code" : "ACTH",
    "display" : "Adrenocorticotrophic Hormone"
  },
  {
    "code" : "ADENO",
    "display" : "ADENO"
  },
  {
    "code" : "ADNA",
    "display" : "Anti-Double Stranded DNA"
  },
  {
    "code" : "ALDOS",
    "display" : "Aldosterone"
  },
  {
    "code" : "AMITA",
    "display" : "Anti-Mitochondrial Antibodies"
  },
  {
    "code" : "AMYU",
    "display" : "Urine Amylase"
  },
  {
    "code" : "ANA",
    "display" : "Anti-Nuclear Antibodies"
  },
  {
    "code" : "ANCA",
    "display" : "Anti-Neutrophil Cytoplasmic Ab"
  },
  {
    "code" : "ANDRO",
    "display" : "Androstenedione"
  },
  {
    "code" : "ANTBG",
    "display" : "Blood Group + Rh"
  },
  {
    "code" : "ANTE",
    "display" : "Antenatal Screening"
  },
  {
    "code" : "AUR1",
    "display" : "TB Auramine Specimen 1"
  },
  {
    "code" : "AUR2",
    "display" : "TB Auramine Specimen 2"
  },
  {
    "code" : "AUR3",
    "display" : "TB Auramine Specimen 3"
  },
  {
    "code" : "AUR4",
    "display" : "TB Auramine Specimen 4"
  },
  {
    "code" : "BFCC",
    "display" : "Cell Count : Body Fluid"
  },
  {
    "code" : "BG",
    "display" : "Blood Group + Rh"
  },
  {
    "code" : "BGAS",
    "display" : "Blood Gases"
  },
  {
    "code" : "BGRP",
    "display" : "Blood grouping"
  },
  {
    "code" : "BHCG2",
    "display" : "HCG TOTAL BETA 2"
  },
  {
    "code" : "BM",
    "display" : "Bone Marrow Report"
  },
  {
    "code" : "BNP",
    "display" : "B-Type Natriuretic Peptide"
  },
  {
    "code" : "BPARA",
    "display" : "Blood Parasite Investigation"
  },
  {
    "code" : "BPARM",
    "display" : "Blood Parasites"
  },
  {
    "code" : "C/UP",
    "display" : "Cutup"
  },
  {
    "code" : "C1EST",
    "display" : "C1 Esterase Inhibitor Assay"
  },
  {
    "code" : "CA724",
    "display" : "CA 72-4"
  },
  {
    "code" : "CAERU",
    "display" : "Caeruloplasmin"
  },
  {
    "code" : "CALCI",
    "display" : "Calcitonin"
  },
  {
    "code" : "CALCT",
    "display" : "1.25 Dihydroxy Vitamin D"
  },
  {
    "code" : "CARB",
    "display" : "S-Carbamazepine"
  },
  {
    "code" : "CATS",
    "display" : "U-Catecholamines"
  },
  {
    "code" : "CHLAM",
    "display" : "Antibody test for Chlamydia"
  },
  {
    "code" : "CMP",
    "display" : "Calcium,Magnesium,PO4"
  },
  {
    "code" : "CMV",
    "display" : "CYTOMEGALOVIRUS"
  },
  {
    "code" : "CPEPT",
    "display" : "C-Peptide"
  },
  {
    "code" : "CPROT",
    "display" : "CSF PROTEIN"
  },
  {
    "code" : "CRPS",
    "display" : "CRP Serology"
  },
  {
    "code" : "CSFA",
    "display" : "CSF Analysis"
  },
  {
    "code" : "CSFAG",
    "display" : "BACTERIAL ANTIGEN TESTS"
  },
  {
    "code" : "CSFC",
    "display" : "Cell Count : CSF"
  },
  {
    "code" : "CUCSF",
    "display" : "CULTURE : CSF"
  },
  {
    "code" : "CULFU",
    "display" : "MYCOLOGY"
  },
  {
    "code" : "CULMY",
    "display" : "Mycology Culture"
  },
  {
    "code" : "CULPU",
    "display" : "Culture : PUS"
  },
  {
    "code" : "CULSP",
    "display" : "Culture : Sputum"
  },
  {
    "code" : "CUTUP",
    "display" : "Histo Cut Up (Dummy)"
  },
  {
    "code" : "CYTCO",
    "display" : "Gynaecological Detail"
  },
  {
    "code" : "DBILI",
    "display" : "Conjugated Bilirubin (Direct)"
  },
  {
    "code" : "DBSGE",
    "display" : "Dry Blood Spot Gene Xpert"
  },
  {
    "code" : "DCRT",
    "display" : "1:20 Diluted CRT"
  },
  {
    "code" : "DIFFM",
    "display" : "Differential Count"
  },
  {
    "code" : "DIFFF",
    "display" : "Diff Micro"
  },
  {
    "code" : "DRUGR",
    "display" : "Drug Resistance Testing"
  },
  {
    "code" : "DRUGS",
    "display" : "DRUG SCREEN"
  },
  {
    "code" : "E2M",
    "display" : "Oestradiol"
  },
  {
    "code" : "EQAM1",
    "display" : "Microbiology EQA"
  },
  {
    "code" : "FDP",
    "display" : "Fibrinogen Deg. Products (FDP)"
  },
  {
    "code" : "FE",
    "display" : "S-Iron"
  },
  {
    "code" : "FERR",
    "display" : "Ferritin"
  },
  {
    "code" : "FERRX",
    "display" : "S-Ferritin"
  },
  {
    "code" : "FGLU",
    "display" : "Fluid-Glucose"
  },
  {
    "code" : "FNA",
    "display" : "Fine Needle Biopsy"
  },
  {
    "code" : "FPROT",
    "display" : "F-Total Protein"
  },
  {
    "code" : "GLOB",
    "display" : "Globulin"
  },
  {
    "code" : "GLUC",
    "display" : "Glucose"
  },
  {
    "code" : "GLUCS",
    "display" : "Glucose Strip"
  },
  {
    "code" : "GNBST",
    "display" : "GNB Sensitivity Testing"
  },
  {
    "code" : "GPCST",
    "display" : "GPC Sensitivity testing"
  },
  {
    "code" : "GROUP",
    "display" : "Blood Group Serology"
  },
  {
    "code" : "GTT2",
    "display" : "GTT - 2 hourly"
  },
  {
    "code" : "GTT4",
    "display" : "GTT Prolonged"
  },
  {
    "code" : "GYN",
    "display" : "Gynaecological Cytology"
  },
  {
    "code" : "GYNAE",
    "display" : "MICROSCOPIC EXAMINATION"
  },
  {
    "code" : "HBELE",
    "display" : "Haemoglobin Electrophoresis"
  },
  {
    "code" : "HBSAB",
    "display" : "Hepatitis B Surface Antibody"
  },
  {
    "code" : "HBSAG",
    "display" : "Hepatitis B Surface Antigen"
  },
  {
    "code" : "HELIC",
    "display" : "Helicobacter pylori Antibodies"
  },
  {
    "code" : "HEPAG",
    "display" : "Hepatitis A (IgG)(Immunity)"
  },
  {
    "code" : "HEPAM",
    "display" : "Hepatitis A IgM"
  },
  {
    "code" : "HEPD",
    "display" : "HEPATITIS D INVESTIGATION"
  },
  {
    "code" : "HEPE",
    "display" : "HEPATITIS E INVESTIGATION"
  },
  {
    "code" : "HERP",
    "display" : "Herpes simplex virus"
  },
  {
    "code" : "HGH",
    "display" : "Human Growth Hormone"
  },
  {
    "code" : "HI2DF",
    "display" : "HIV Viral Load (DBS)"
  },
  {
    "code" : "HISIN",
    "display" : "CLINICAL HISTORY"
  },
  {
    "code" : "HISSU",
    "display" : "Supplementary Report"
  },
  {
    "code" : "HISTO",
    "display" : "MACROSCOPIC EXAMINATION"
  },
  {
    "code" : "HISTX",
    "display" : "Histo Extended text"
  },
  {
    "code" : "HIV48",
    "display" : "CD4 + CD8*"
  },
  {
    "code" : "HIVA",
    "display" : "HIV ASANTE"
  },
  {
    "code" : "HIVC",
    "display" : "HIV Ag/Ab Combo"
  },
  {
    "code" : "HIVCW",
    "display" : "Child Welfare Number"
  },
  {
    "code" : "HIVLD",
    "display" : "HIV Viral Load*"
  },
  {
    "code" : "HIVPC",
    "display" : "HIV DNA PCR"
  },
  {
    "code" : "HIVP",
    "display" : "HIV RAPID TEST"
  },
  {
    "code" : "HIVST",
    "display" : "HIV EID Information"
  },
  {
    "code" : "HIVWB",
    "display" : "HIV DNA PCR : Whole Blood"
  },
  {
    "code" : "HSAGR",
    "display" : "HepB surface antigen Rapid"
  },
  {
    "code" : "HSV",
    "display" : "Herpes simplex Virus"
  },
  {
    "code" : "HVART",
    "display" : "ART Number"
  },
  {
    "code" : "HYS",
    "display" : "Homocysteine"
  },
  {
    "code" : "ICD10",
    "display" : "ICD10"
  },
  {
    "code" : "IGE",
    "display" : "Total IgE"
  },
  {
    "code" : "INR",
    "display" : "INR"
  },
  {
    "code" : "IRONX",
    "display" : "S-IRON STUDIES"
  },
  {
    "code" : "LALB",
    "display" : "ALBUMIN"
  },
  {
    "code" : "LCHOL",
    "display" : "S-Cholesterol"
  },
  {
    "code" : "LCOT",
    "display" : "Cotinine ELISA"
  },
  {
    "code" : "LCREA",
    "display" : "Creatinine"
  },
  {
    "code" : "LESR",
    "display" : "ESR (Westergren)"
  },
  {
    "code" : "LFBC",
    "display" : "Full Blood Count"
  },
  {
    "code" : "LGGT",
    "display" : "Gamma Glutamyl Transferase"
  },
  {
    "code" : "LGLPF",
    "display" : "P-Glucose (Fasting)"
  },
  {
    "code" : "LGLPR",
    "display" : "P-Glucose (Random)"
  },
  {
    "code" : "LGLUF",
    "display" : "S-Glucose (Fasting)"
  },
  {
    "code" : "LGLUR",
    "display" : "S-Glucose (Random)"
  },
  {
    "code" : "LHBA1",
    "display" : "HbA1C"
  },
  {
    "code" : "LHDL",
    "display" : "HDL Cholesterol"
  },
  {
    "code" : "LI",
    "display" : "S-Lithium"
  },
  {
    "code" : "LIPO",
    "display" : "Lipogram"
  },
  {
    "code" : "LRF",
    "display" : "Rheumatoid factor"
  },
  {
    "code" : "LUPUS",
    "display" : "Lupus anticoagulant"
  },
  {
    "code" : "LUR",
    "display" : "Urea"
  },
  {
    "code" : "MALB",
    "display" : "Micro-albumin"
  },
  {
    "code" : "MBCAT",
    "display" : "Microbiology: Catheter Tip"
  },
  {
    "code" : "MBCLT",
    "display" : "Microbiology: Catheter Line Ti"
  },
  {
    "code" : "MBFAM",
    "display" : "MICROBIOLOGY:AMNIOTIC FLUID"
  },
  {
    "code" : "MBFAS",
    "display" : "MICROBIOLOGY : ASCITIC FLUID"
  },
  {
    "code" : "MBFCA",
    "display" : "MICROBIOLOGY:PERICARDIAL FLUID"
  },
  {
    "code" : "MBFL",
    "display" : "Microbiology:Body Fluid"
  },
  {
    "code" : "MBFLU",
    "display" : "Microbiology:Body Fluid"
  },
  {
    "code" : "MBFPE",
    "display" : "MICROBIOLOGY:PERITONEAL FLUID"
  },
  {
    "code" : "MBFPL",
    "display" : "MICROBIOLOGY:PLEURAL FLUID"
  },
  {
    "code" : "MBFSY",
    "display" : "MICROBIOLOGY:SYNOVIAL FLUID"
  },
  {
    "code" : "MBTRA",
    "display" : "Microbiology: Tracheal Tip"
  },
  {
    "code" : "MBUCT",
    "display" : "Microbiology: Urinary Catheter"
  },
  {
    "code" : "MBUMC",
    "display" : "Microbiology:Umbilical Cathete"
  },
  {
    "code" : "MCES",
    "display" : "MICROBIOLOGY : CERVICAL SWAB"
  },
  {
    "code" : "MEAS",
    "display" : "MICROBIOLOGY : EAR SWAB"
  },
  {
    "code" : "MENDC",
    "display" : "MICROBIOLOGY:ENDOCERVICAL SWAB"
  },
  {
    "code" : "MEYE",
    "display" : "MICROBIOLOGY : EYE SWAB"
  },
  {
    "code" : "MGAS",
    "display" : "MICROBIOLOGY : GASTRIC ASP"
  },
  {
    "code" : "MICBC",
    "display" : "MICROBIOLOGY: BLOOD CULTURE"
  },
  {
    "code" : "MICFL",
    "display" : "MICROBIOLOGY : FLUID"
  },
  {
    "code" : "MICNS",
    "display" : "MICROBIOLOGY : NASAL SWAB"
  },
  {
    "code" : "MICSA",
    "display" : "Microscopy - Sexual Assault"
  },
  {
    "code" : "MICTS",
    "display" : "MICROBIOLOGY : THROAT SWAB"
  },
  {
    "code" : "MICU",
    "display" : "MICROBIOLOGY: URINE"
  },
  {
    "code" : "MONO",
    "display" : "Epstein Barr Ser-Mono Test"
  },
  {
    "code" : "MPEN",
    "display" : "MICROBIOLOGY : PENILE SWAB"
  },
  {
    "code" : "MPT64",
    "display" : "MPT64 Rapid"
  },
  {
    "code" : "MPUS",
    "display" : "MICROBIOLOGY : PUS"
  },
  {
    "code" : "MRCSW",
    "display" : "MICROBIOLOGY : RECTAL SWAB"
  },
  {
    "code" : "MSPUT",
    "display" : "MICROBIOLOGY : SPUTUM"
  },
  {
    "code" : "MSTRS",
    "display" : "MICROBIOLOGY : STOOL CULTURE"
  },
  {
    "code" : "MTISS",
    "display" : "MICROBIOLOGY : TISSUE"
  },
  {
    "code" : "MUMPS",
    "display" : "Mumps Serology (ELISA)"
  },
  {
    "code" : "MUPS",
    "display" : "MICROBIOLOGY : URETHRAL SWAB"
  },
  {
    "code" : "MWUS",
    "display" : "MICROBILOLOGY: Wound Swab"
  },
  {
    "code" : "MYGT",
    "display" : "Germ Tube Test"
  },
  {
    "code" : "MYMIC",
    "display" : "Microscopy for Fungi"
  },
  {
    "code" : "MYOB",
    "display" : "Myogloblin (Serum)"
  },
  {
    "code" : "NGYN",
    "display" : "Non-Gynaecological Cytology"
  },
  {
    "code" : "MFOB",
    "display" : "Faecal Occult Blood"
  },
  {
    "code" : "PARA",
    "display" : "Parasitology:Urine"
  },
  {
    "code" : "PBILI",
    "display" : "Neonatal Bilirubin"
  },
  {
    "code" : "PBS",
    "display" : "Peripheral Blood Smear"
  },
  {
    "code" : "PCRAP",
    "display" : "Factor V Leiden Mutation"
  },
  {
    "code" : "PCTR",
    "display" : "Procalcitonin"
  },
  {
    "code" : "PHENB",
    "display" : "Phenobarbitone"
  },
  {
    "code" : "PHENY",
    "display" : "S-Phenytoin"
  },
  {
    "code" : "PHVS",
    "display" : "PARASITOLOGY: VAGINAL SWAB"
  },
  {
    "code" : "PLAT",
    "display" : "Platelets"
  },
  {
    "code" : "PM",
    "display" : "Post-Mortem Examination"
  },
  {
    "code" : "POLIO",
    "display" : "Polio Neutralisation Serology"
  },
  {
    "code" : "POSTM",
    "display" : "POST MORTEM REPORT"
  },
  {
    "code" : "POSTX",
    "display" : "Postmorten Supplement"
  },
  {
    "code" : "PRD",
    "display" : "Pregnandiol"
  },
  {
    "code" : "PROT",
    "display" : "Total Protein & Albumin"
  },
  {
    "code" : "PRT24",
    "display" : "Urine Protein (24 hr)"
  },
  {
    "code" : "PSA",
    "display" : "Prostate Specific Antigen"
  },
  {
    "code" : "PTT",
    "display" : "Part Thromboplastin Time (PTT)"
  },
  {
    "code" : "RA",
    "display" : "RA Latex Test"
  },
  {
    "code" : "RAPI2",
    "display" : "HIV Rapid Repeat"
  },
  {
    "code" : "RCCHE",
    "display" : "Cholinesterase"
  },
  {
    "code" : "RH",
    "display" : "RHESUS FACTOR"
  },
  {
    "code" : "ROTA",
    "display" : "Rotavirus Antigen EIA Test"
  },
  {
    "code" : "ROTPC",
    "display" : "Rotavirus: PCR"
  },
  {
    "code" : "RUB",
    "display" : "Rubella Serology"
  },
  {
    "code" : "SADA",
    "display" : "Adenosine Deaminase"
  },
  {
    "code" : "SCREA",
    "display" : "Creatinine Clearance"
  },
  {
    "code" : "SEICU",
    "display" : "SENS ICU"
  },
  {
    "code" : "SENFA",
    "display" : "ANTIBIOTIC SUSCEPTIBILITY"
  },
  {
    "code" : "SENGN",
    "display" : "ANTIBIOTIC SENS: GN"
  },
  {
    "code" : "SENGP",
    "display" : "ANTIBIOTIC SENS: GP"
  },
  {
    "code" : "SENSA",
    "display" : "ANTIBIOTIC SENS: STOOL"
  },
  {
    "code" : "SENST",
    "display" : "ANTIBIOTIC SENS: STOOL"
  },
  {
    "code" : "SENSU",
    "display" : "ANTIBIOTIC SENS: URINE"
  },
  {
    "code" : "SHBG",
    "display" : "Sex Hormone Binding Globulin"
  },
  {
    "code" : "STDM",
    "display" : "Direct Microscopy : Stool"
  },
  {
    "code" : "STOOL",
    "display" : "Stool Microscopy"
  },
  {
    "code" : "TBA1",
    "display" : "TB Microscopy Auramine 1"
  },
  {
    "code" : "TBA2",
    "display" : "TB Microscopy Auramine 2"
  },
  {
    "code" : "TBA3",
    "display" : "TB Microscopy Specimen 3"
  },
  {
    "code" : "TBBA",
    "display" : "TB Blood Agar (TB Nat Ref)"
  },
  {
    "code" : "TBCL",
    "display" : "TB Culture"
  },
  {
    "code" : "TBCL1",
    "display" : "TB Culture 1"
  },
  {
    "code" : "TBCL2",
    "display" : "TB Culture 2"
  },
  {
    "code" : "TBCL3",
    "display" : "TB Culture 3"
  },
  {
    "code" : "TBCON",
    "display" : "TB Control"
  },
  {
    "code" : "TBEQA",
    "display" : "TB EQA"
  },
  {
    "code" : "TBGEN",
    "display" : "TB Genexpert"
  },
  {
    "code" : "TBHCG",
    "display" : "S-HCG Total Beta"
  },
  {
    "code" : "TBILI",
    "display" : "S-Total Bilirubin"
  },
  {
    "code" : "TBINF",
    "display" : "TB Diagnosis Information"
  },
  {
    "code" : "TBLP1",
    "display" : "TB Line Probe SP1"
  },
  {
    "code" : "TBLP2",
    "display" : "TB Line Probe SP2"
  },
  {
    "code" : "TBLP3",
    "display" : "TB Line Probe SP3"
  },
  {
    "code" : "TBLP",
    "display" : "TB First Line -Line  Probe Assay"
  },
  {
    "code" : "TBLPS",
    "display" : "TB Second Line -Line  Probe Assay"
  },
  {
    "code" : "TBLSF",
    "display" : "2nd Line Probe Assay Final"
  },
  {
    "code" : "TBPC1",
    "display" : "TB PCR Specimen 1"
  },
  {
    "code" : "TBPC2",
    "display" : "TB PCR Specimen 2"
  },
  {
    "code" : "TBPC3",
    "display" : "TB PCR Specimen 3"
  },
  {
    "code" : "TBRAP",
    "display" : "TB Capilia Rapid Test"
  },
  {
    "code" : "TBRP1",
    "display" : "TB Capilia Rapid ID Test SP1"
  },
  {
    "code" : "TBRP2",
    "display" : "TB Capilia Rapid ID Test SP2"
  },
  {
    "code" : "TBRP3",
    "display" : "TB Capilia Rapid ID Test SP3"
  },
  {
    "code" : "TBSF1",
    "display" : "TB First Line Sens 1"
  },
  {
    "code" : "TBSF2",
    "display" : "TB First Line Sens 2"
  },
  {
    "code" : "TBSF3",
    "display" : "TB First Line Sens 3"
  },
  {
    "code" : "TBSFF",
    "display" : "TB First Line Sens Final"
  },
  {
    "code" : "TBSS",
    "display" : "TB Second Line DST"
  },
  {
    "code" : "TBSS2",
    "display" : "TB Seconde Line Sens 2"
  },
  {
    "code" : "TBSS3",
    "display" : "TB Seconde Line Sens 3"
  },
  {
    "code" : "TBSSF",
    "display" : "TB Second Line Final"
  },
  {
    "code" : "TBZ",
    "display" : "TBZN TB National Ref Lab"
  },
  {
    "code" : "TBZ1",
    "display" : "TB Direct Microscopy Spec. 1"
  },
  {
    "code" : "TBZ2",
    "display" : "TB Direct Microscopy Spec. 2"
  },
  {
    "code" : "TBZ3",
    "display" : "TB Direct Microscopy Spec. 3"
  },
  {
    "code" : "TBZN",
    "display" : "TB Smear Microscopy"
  },
  {
    "code" : "TBZN1",
    "display" : "TBZN SP1"
  },
  {
    "code" : "TBZN2",
    "display" : "TBZN SP2"
  },
  {
    "code" : "TBZN3",
    "display" : "TBZN SP3"
  },
  {
    "code" : "THCGB",
    "display" : "S-TOTAL HCG Beta"
  },
  {
    "code" : "TT3",
    "display" : "Total Tri-iodothyronine (TT3)"
  },
  {
    "code" : "TTA",
    "display" : "Tetanus Serology"
  },
  {
    "code" : "LURIC",
    "display" : "Uric Acid"
  },
  {
    "code" : "UBHCG",
    "display" : "Urine Beta-HCG (Preg Test)"
  },
  {
    "code" : "UBJP",
    "display" : "Urine Bence Jones Protein"
  },
  {
    "code" : "UCREA",
    "display" : "Creatine Clearance"
  },
  {
    "code" : "UCUL",
    "display" : "CULTURE : Urine"
  },
  {
    "code" : "UE",
    "display" : "Urea & electrolytes"
  },
  {
    "code" : "UECA",
    "display" : "Urea, Electrolytes & Creatinin"
  },
  {
    "code" : "UECA+",
    "display" : "Urea, Elec, Creat & eGFR"
  },
  {
    "code" : "UMAC",
    "display" : "MACROSCOPY : Urine"
  },
  {
    "code" : "UMIC",
    "display" : "MICROSCOPY : Urine"
  },
  {
    "code" : "UPREG",
    "display" : "Urine Pregnancy Test"
  },
  {
    "code" : "UPROT",
    "display" : "Total Protein (Urine)"
  },
  {
    "code" : "UREA",
    "display" : "Urea"
  },
  {
    "code" : "VALPR",
    "display" : "S-Valproate"
  },
  {
    "code" : "VDRL",
    "display" : "VDRL"
  },
  {
    "code" : "VLPOC",
    "display" : "HIV VIRAL LOAD (POC)"
  },
  {
    "code" : "VMAC",
    "display" : "Vanillylmandelic Acid"
  },
  {
    "code" : "VZV",
    "display" : "VARICELLA-ZOSTER SEROLOGY"
  },
  {
    "code" : "WBCP",
    "display" : "White Cell Count + Platelets"
  },
  {
    "code" : "WCC",
    "display" : "White Cell Count"
  },
  {
    "code" : "WF",
    "display" : "WEIL FELIX"
  },
  {
    "code" : "YELLO",
    "display" : "Yellow Fever"
  },
  {
    "code" : "ZN",
    "display" : "TBZN"
  },
  {
    "code" : "ZN2",
    "display" : "Smear Microscopy 2"
  },
  {
    "code" : "ZN3",
    "display" : "TBZN Specimen 3"
  },
  {
    "code" : "TBSF",
    "display" : "TB First Line DST"
  },
  {
    "code" : "QHCG",
    "display" : "Quantitative Beta-HCG (Blood)"
  },
  {
    "code" : "CVID",
    "display" : "PCR SARS-CoV-2"
  },
  {
    "code" : "CVRP",
    "display" : "COVID-19 Ag Rapid Test"
  },
  {
    "code" : "MEASL",
    "display" : "Measles"
  }]
}