{
  "resourceType" : "MedicationRequest",
  "id" : "SampleSzMalariaMedicationRequest",
  "meta" : {
    "profile" : ["http://172.209.216.154:3447/fhir/StructureDefinition/SzMedicationRequest"]
  },
  "text" : {
    "status" : "generated",
    "div" : "<div xmlns=\"http://www.w3.org/1999/xhtml\"><p class=\"res-header-id\"><b>Generated Narrative: MedicationRequest SampleSzMalariaMedicationRequest</b></p><a name=\"SampleSzMalariaMedicationRequest\"> </a><a name=\"hcSampleSzMalariaMedicationRequest\"> </a><div style=\"display: inline-block; background-color: #d9e0e7; padding: 6px; margin: 4px; border: 1px solid #8da1b4; border-radius: 5px; line-height: 60%\"><p style=\"margin-bottom: 0px\"/><p style=\"margin-bottom: 0px\">Profile: <a href=\"StructureDefinition-SzMedicationRequest.html\">Eswatini Medication Request Profile</a></p></div><p><b>status</b>: Active</p><p><b>intent</b>: Order</p><p><b>medication</b>: <span title=\"Codes:{http://172.209.216.154:3447/fhir/CodeSystem/SzProductCodeCS 102492}\">Paracetamol Tablets 500g (Coloured Green) 100 TABS</span></p><p><b>subject</b>: <a href=\"Patient-SampleSzMalariaPatient.html\">Jacob Samuel Gule  Male, DoB: 1990-01-01 ( Medical Record Number: M002111111-11\u00a0(use:\u00a0usual,\u00a0))</a></p><p><b>encounter</b>: <a href=\"Encounter-SampleSzMalariaEncounter.html\">Encounter: status = finished; class = Out Patient Department (Code System: Encounter Classification#OPD); period = 2023-10-01 10:00:00+0000 --&gt; (ongoing); reasonCode = Antiretrovial Therapy</a></p><p><b>authoredOn</b>: 2024-11-25 10:00:00+0000</p><p><b>requester</b>: <a href=\"Practitioner-SampleSzPractitioner.html\">Practitioner Thabile Celiwe Dlamini </a></p><blockquote><p><b>dosageInstruction</b></p><p><b>text</b>: Take one tablet by mouth 3 times a day before food</p><p><b>timing</b>: 3 per 1 day</p><h3>DoseAndRates</h3><table class=\"grid\"><tr><td style=\"display: none\">-</td><td><b>Dose[x]</b></td></tr><tr><td style=\"display: none\">*</td><td>1 tablet</td></tr></table></blockquote></div>"
  },
  "status" : "active",
  "intent" : "order",
  "medicationCodeableConcept" : {
    "coding" : [{
      "system" : "http://172.209.216.154:3447/fhir/CodeSystem/SzProductCodeCS",
      "code" : "102492",
      "display" : "Paracetamol Tablets 500g (Coloured Green) 100 TABS"
    }],
    "text" : "Paracetamol Tablets 500g (Coloured Green) 100 TABS"
  },
  "subject" : {
    "reference" : "Patient/SampleSzMalariaPatient"
  },
  "encounter" : {
    "reference" : "Encounter/SampleSzMalariaEncounter"
  },
  "authoredOn" : "2024-11-25T10:00:00Z",
  "requester" : {
    "reference" : "Practitioner/SampleSzPractitioner"
  },
  "dosageInstruction" : [{
    "text" : "Take one tablet by mouth 3 times a day before food",
    "timing" : {
      "repeat" : {
        "frequency" : 3,
        "period" : 1,
        "periodUnit" : "d"
      }
    },
    "doseAndRate" : [{
      "doseQuantity" : {
        "value" : 1,
        "unit" : "tablet"
      }
    }]
  }]
}