<?xml version="1.0" encoding="UTF-8"?>

<Medication xmlns="http://hl7.org/fhir">
  <id value="SampleSzMedication"/>
  <meta>
    <profile value="http://172.209.216.154:3447/fhir/StructureDefinition/SzMedication"/>
  </meta>
  <text>
    <status value="generated"/><div xmlns="http://www.w3.org/1999/xhtml"><p class="res-header-id"><b>Generated Narrative: Medication SampleSzMedication</b></p><a name="SampleSzMedication"> </a><a name="hcSampleSzMedication"> </a><div style="display: inline-block; background-color: #d9e0e7; padding: 6px; margin: 4px; border: 1px solid #8da1b4; border-radius: 5px; line-height: 60%"><p style="margin-bottom: 0px"/><p style="margin-bottom: 0px">Profile: <a href="StructureDefinition-SzMedication.html">Eswatini Medication Profile</a></p></div><p><b>code</b>: <span title="Codes:{http://localhost:3447/fhir/CodeSystem/SzProductCodeCS 102492}">Paracetamol Tablets 500g (Coloured Green) 100 TABS</span></p><p><b>status</b>: Active</p><p><b>form</b>: <span title="Codes:{http://snomed.info/sct 385055001}">Tablet</span></p></div>
  </text>
  <code>
    <coding>
      <system value="http://localhost:3447/fhir/CodeSystem/SzProductCodeCS"/>
      <code value="102492"/>
      <display value="Paracetamol Tablets 500g (Coloured Green) 100 TABS"/>
    </coding>
    <text value="Paracetamol Tablets 500g (Coloured Green) 100 TABS"/>
  </code>
  <status value="active"/>
  <form>
    <coding>
      <system value="http://snomed.info/sct"/>
      <code value="385055001"/>
      <display value="Tablet"/>
    </coding>
    <text value="Tablet"/>
  </form>
</Medication>