{
  "resourceType" : "NamingSystem",
  "id" : "NamingSystemCmis",
  "text" : {
    "status" : "generated",
    "div" : "<div xmlns=\"http://www.w3.org/1999/xhtml\"><p class=\"res-header-id\"><b>Generated Narrative: NamingSystem NamingSystemCmis</b></p><a name=\"NamingSystemCmis\"> </a><a name=\"hcNamingSystemCmis\"> </a><h3>Summary</h3><table class=\"grid\"><tr><td>Defining URL</td><td>http://172.209.216.154:3447/fhir/NamingSystem/NamingSystemCmis</td></tr><tr><td>Version</td><td>0.1.0</td></tr><tr><td>Name</td><td>Client Management Information System</td></tr><tr><td>Status</td><td>active</td></tr><tr><td>Definition</td><td><div><p>Client Management Information System Electronic Medical Record</p>\n</div></td></tr><tr><td>Publisher</td><td>Ministry of Health Eswatini</td></tr></table><h3>Identifiers</h3><table class=\"grid\"><tr><td><b>Type</b></td><td><b>Value</b></td><td><b>Preferred</b></td></tr><tr><td>URI</td><td>urn:health:cmis</td><td>true</td></tr></table></div>"
  },
  "extension" : [{
    "url" : "http://hl7.org/fhir/5.0/StructureDefinition/extension-NamingSystem.url",
    "valueUri" : "http://172.209.216.154:3447/fhir/NamingSystem/NamingSystemCmis"
  },
  {
    "url" : "http://hl7.org/fhir/5.0/StructureDefinition/extension-NamingSystem.version",
    "valueString" : "0.1.0"
  }],
  "name" : "Client Management Information System",
  "status" : "active",
  "kind" : "identifier",
  "date" : "2024-12-17",
  "publisher" : "Ministry of Health Eswatini",
  "contact" : [{
    "name" : "Ministry of Health Eswatini",
    "telecom" : [{
      "system" : "url",
      "value" : "https://172.209.216.154:3447"
    },
    {
      "system" : "email",
      "value" : "eswatinihie@moh.gov.sz"
    }]
  }],
  "responsible" : "Ministry of Health",
  "description" : "Client Management Information System Electronic Medical Record",
  "usage" : "official",
  "uniqueId" : [{
    "type" : "uri",
    "value" : "urn:health:cmis",
    "preferred" : true
  }]
}