<?xml version="1.0" encoding="UTF-8"?>

<Observation xmlns="http://hl7.org/fhir">
  <id value="SampleSzLabResult1"/>
  <meta>
    <profile value="http://172.209.216.154:3447/fhir/StructureDefinition/SzLabResult"/>
  </meta>
  <text>
    <status value="extensions"/><div xmlns="http://www.w3.org/1999/xhtml"><p class="res-header-id"><b>Generated Narrative: Observation SampleSzLabResult1</b></p><a name="SampleSzLabResult1"> </a><a name="hcSampleSzLabResult1"> </a><div style="display: inline-block; background-color: #d9e0e7; padding: 6px; margin: 4px; border: 1px solid #8da1b4; border-radius: 5px; line-height: 60%"><p style="margin-bottom: 0px"/><p style="margin-bottom: 0px">Profile: <a href="StructureDefinition-SzLabResult.html">Eswatini Lab Result Profile</a></p></div><p><b>Extention: Eswatini Lab Result Authorizer</b>: <a href="Practitioner-SampleSzPractitioner.html">Practitioner Thabile Celiwe Dlamini </a></p><p><b>Extention: Eswatini Testing Laboratory</b>: <a href="Location-SampleSzLabLocation.html">Location Mbabane Central Laboratory</a></p><p><b>status</b>: Final</p><p><b>code</b>: <span title="Codes:{http://172.209.216.154:3447/fhir/CodeSystem/SzTestParameterCodeCS PSCD}">HIV Viral Load</span></p><p><b>subject</b>: <a href="Patient-SampleSzPatient.html">Celucolo Celani Sacolo  Male, DoB: 2000-01-01 ( Medical Record Number: Client Management Information System#M001010101-1 (use: usual, ))</a></p><p><b>encounter</b>: <a href="Encounter-SampleSzEncounter.html">Encounter: status = finished; class = Out Patient Department (Code System: Encounter Classification#OPD); reasonCode = Antiretrovial Therapy</a></p><p><b>performer</b>: <a href="Practitioner-SampleSzPractitioner.html">Practitioner Thabile Celiwe Dlamini </a></p><p><b>value</b>: 16.5 Copies/ml</p><p><b>interpretation</b>: <span title="Codes:{http://terminology.hl7.org/CodeSystem/v3-ObservationInterpretation L}">Low</span></p><p><b>specimen</b>: <a href="Specimen-SampleSzSpecimen.html">Specimen: status = available; type = Blood</a></p></div>
  </text>
  <extension url="http://172.209.216.154:3447/fhir/StructureDefinition/SzAuthorizerExtension">
    <valueReference>
      <reference value="Practitioner/SampleSzPractitioner"/>
    </valueReference>
  </extension>
  <extension url="http://172.209.216.154:3447/fhir/StructureDefinition/SzTestingLabExtension">
    <valueReference>
      <reference value="Location/SampleSzLabLocation"/>
    </valueReference>
  </extension>
  <status value="final"/>
  <code>
    <coding>
      <system value="http://172.209.216.154:3447/fhir/CodeSystem/SzTestParameterCodeCS"/>
      <code value="PSCD"/>
      <display value="HIV Viral Load"/>
    </coding>
    <text value="HIV Viral Load"/>
  </code>
  <subject>
    <reference value="Patient/SampleSzPatient"/>
  </subject>
  <encounter>
    <reference value="Encounter/SampleSzEncounter"/>
  </encounter>
  <performer>
    <reference value="Practitioner/SampleSzPractitioner"/>
  </performer>
  <valueQuantity>
    <value value="16.5"/>
    <unit value="Copies/ml"/>
  </valueQuantity>
  <interpretation>
    <coding>
      <system value="http://terminology.hl7.org/CodeSystem/v3-ObservationInterpretation"/>
      <code value="L"/>
      <display value="Low"/>
    </coding>
    <text value="Low"/>
  </interpretation>
  <specimen>
    <reference value="Specimen/SampleSzSpecimen"/>
  </specimen>
</Observation>