<?xml version="1.0" encoding="UTF-8"?>

<Patient xmlns="http://hl7.org/fhir">
  <id value="SampleSzPatient"/>
  <meta>
    <profile value="http://172.209.216.154:3447/fhir/StructureDefinition/SzPatient"/>
  </meta>
  <text>
    <status value="generated"/><div xmlns="http://www.w3.org/1999/xhtml"><p class="res-header-id"><b>Generated Narrative: Patient SampleSzPatient</b></p><a name="SampleSzPatient"> </a><a name="hcSampleSzPatient"> </a><div style="display: inline-block; background-color: #d9e0e7; padding: 6px; margin: 4px; border: 1px solid #8da1b4; border-radius: 5px; line-height: 60%"><p style="margin-bottom: 0px"/><p style="margin-bottom: 0px">Profile: <a href="StructureDefinition-SzPatient.html">Eswatini Patient Profile</a></p></div><p style="border: 1px #661aff solid; background-color: #e6e6ff; padding: 10px;">Celucolo Celani Sacolo  Male, DoB: 2000-01-01 ( Medical Record Number: Client Management Information System#M001010101-1 (use: usual, ))</p><hr/><table class="grid"><tr><td style="background-color: #f3f5da" title="Other Id (see the one above)">Other Id:</td><td colspan="3">Personal ID Number/2001010000001 (use: official, )</td></tr><tr><td style="background-color: #f3f5da" title="Ways to contact the Patient">Contact Detail</td><td colspan="3"><ul><li>ph: 7600 0000</li><li>123 Somhlolo Rd Mbabane 0000 SZ </li></ul></td></tr><tr><td style="background-color: #f3f5da" title="The nationality of the patient."><a href="http://hl7.org/fhir/extensions/5.2.0/StructureDefinition-patient-nationality.html">Patient Nationality</a></td><td colspan="3"><span title="Codes:{urn:iso:std:iso:3166 SWZ}">Eswatini</span></td></tr></table></div>
  </text>
  <extension url="http://hl7.org/fhir/StructureDefinition/patient-nationality">
    <valueCodeableConcept>
      <coding>
        <system value="urn:iso:std:iso:3166"/>
        <code value="SWZ"/>
        <display value="Eswatini"/>
      </coding>
    </valueCodeableConcept>
  </extension>
  <extension url="http://192.168.10.200:3447/fhir/StructureDefinition/SzInkhundlaExtension">
    <valueCodeableConcept>
      <coding>
        <system value="http://192.168.10.200:3447/fhir/CodeSystem/SzTinkhundlaCS"/>
        <code value="DVOKODVWENI"/>
        <display value="Dvokodvweni"/>
      </coding>
      <text value="Dvokodvweni"/>
    </valueCodeableConcept>
  </extension>
  <extension url="http://192.168.10.200:3447/fhir/StructureDefinition/SzChiefdomExtension">
    <valueCodeableConcept>
      <coding>
        <system value="http://192.168.10.200:3447/fhir/CodeSystem/SzChiefdomCS"/>
        <code value="Kwaluseni"/>
        <display value="Kwaluseni"/>
      </coding>
      <text value="Kwaluseni"/>
    </valueCodeableConcept>
  </extension>
  <identifier>
    <use value="usual"/>
    <type>
      <coding>
        <system value="http://192.168.10.200:3447/fhir/CodeSystem/SzPersonIdentificationsCS"/>
        <code value="MR"/>
        <display value="Medical Record Number"/>
      </coding>
    </type>
    <system value="urn:health:cmis"/>
    <value value="M001010101-1"/>
  </identifier>
  <identifier>
    <use value="official"/>
    <type>
      <coding>
        <system value="http://192.168.10.200:3447/fhir/CodeSystem/SzPersonIdentificationsCS"/>
        <code value="PI"/>
        <display value="Personal ID Number"/>
      </coding>
    </type>
    <system value="urn:homeaffairs:population-register"/>
    <value value="2001010000001"/>
  </identifier>
  <name>
    <family value="Sacolo"/>
    <given value="Celucolo"/>
    <given value="Celani"/>
  </name>
  <telecom>
    <system value="phone"/>
    <value value="7600 0000"/>
  </telecom>
  <gender value="male"/>
  <birthDate value="2000-01-01"/>
  <address>
    <line value="123 Somhlolo Rd"/>
    <city value="Mbabane"/>
    <postalCode value="0000"/>
    <country value="SZ"/>
  </address>
</Patient>