{
  "resourceType" : "Patient",
  "id" : "SampleSzMalariaPatient",
  "meta" : {
    "profile" : ["http://172.209.216.154:3447/fhir/StructureDefinition/SzPatient"]
  },
  "text" : {
    "status" : "generated",
    "div" : "<div xmlns=\"http://www.w3.org/1999/xhtml\"><p class=\"res-header-id\"><b>Generated Narrative: Patient SampleSzMalariaPatient</b></p><a name=\"SampleSzMalariaPatient\"> </a><a name=\"hcSampleSzMalariaPatient\"> </a><div style=\"display: inline-block; background-color: #d9e0e7; padding: 6px; margin: 4px; border: 1px solid #8da1b4; border-radius: 5px; line-height: 60%\"><p style=\"margin-bottom: 0px\"/><p style=\"margin-bottom: 0px\">Profile: <a href=\"StructureDefinition-SzPatient.html\">Eswatini Patient Profile</a></p></div><p style=\"border: 1px #661aff solid; background-color: #e6e6ff; padding: 10px;\">Jacob Samuel Gule  Male, DoB: 1990-01-01 ( Medical Record Number: M002111111-11\u00a0(use:\u00a0usual,\u00a0))</p><hr/><table class=\"grid\"><tr><td style=\"background-color: #f3f5da\" title=\"Other Id (see the one above)\">Other Id:</td><td colspan=\"3\">Personal ID Number/1999001000000\u00a0(use:\u00a0official,\u00a0)</td></tr><tr><td style=\"background-color: #f3f5da\" title=\"The nationality of the patient.\">Patient Nationality:</td><td colspan=\"3\"><ul><li>code: <span title=\"Codes:{urn:iso:std:iso:3166 SWZ}\">Eswatini</span></li><li>period: 1981-01-20 --&gt; (ongoing)</li></ul></td></tr><tr><td style=\"background-color: #f3f5da\" title=\"Base StructureDefinition for code type: A string which has at least one character and no leading or trailing whitespace and where there is no whitespace other than single spaces in the contents\"><a href=\"http://hl7.org/fhir/R4/datatypes.html#code\"/></td><td colspan=\"3\"><ul><li><span title=\"Codes:{http://localhost:3447/fhir/CodeSystem/SzTinkhundlaCS DVOKODVWENI}\">Dvokodvweni</span></li><li><span title=\"Codes:{http://localhost:3447/fhir/CodeSystem/SzChiefdomCS Kwaluseni}\">Kwaluseni</span></li></ul></td></tr></table></div>"
  },
  "extension" : [{
    "extension" : [{
      "url" : "code",
      "valueCodeableConcept" : {
        "coding" : [{
          "system" : "urn:iso:std:iso:3166",
          "code" : "SWZ",
          "display" : "Eswatini"
        }]
      }
    },
    {
      "url" : "period",
      "valuePeriod" : {
        "start" : "1981-01-20"
      }
    }],
    "url" : "http://hl7.org/fhir/StructureDefinition/patient-nationality"
  },
  {
    "url" : "code",
    "valueCodeableConcept" : {
      "coding" : [{
        "system" : "http://localhost:3447/fhir/CodeSystem/SzTinkhundlaCS",
        "code" : "DVOKODVWENI",
        "display" : "Dvokodvweni"
      }],
      "text" : "Dvokodvweni"
    }
  },
  {
    "url" : "code",
    "valueCodeableConcept" : {
      "coding" : [{
        "system" : "http://localhost:3447/fhir/CodeSystem/SzChiefdomCS",
        "code" : "Kwaluseni",
        "display" : "Kwaluseni"
      }],
      "text" : "Kwaluseni"
    }
  }],
  "identifier" : [{
    "use" : "usual",
    "type" : {
      "coding" : [{
        "system" : "http://192.168.10.200:3447/fhir/CodeSystem/SzPersonIdentificationsCS",
        "code" : "MR",
        "display" : "Medical Record Number"
      }]
    },
    "system" : "http://mfl.sys/m001",
    "value" : "M002111111-11"
  },
  {
    "use" : "official",
    "type" : {
      "coding" : [{
        "system" : "http://192.168.10.200:3447/fhir/CodeSystem/SzPersonIdentificationsCS",
        "code" : "PI",
        "display" : "Personal ID Number"
      }]
    },
    "system" : "http://homeaffairs.sys",
    "value" : "1999001000000"
  }],
  "name" : [{
    "family" : "Gule",
    "given" : ["Jacob",
    "Samuel"]
  }],
  "gender" : "male",
  "birthDate" : "1990-01-01",
  "_birthDate" : {
    "extension" : [{
      "url" : "http://hl7.org/fhir/StructureDefinition/patient-birthTime",
      "valueDateTime" : "2000-01-01T14:35:45-05:00"
    }]
  }
}