<?xml version="1.0" encoding="UTF-8"?>

<Specimen xmlns="http://hl7.org/fhir">
  <id value="SampleSzMalariaSpecimen"/>
  <meta>
    <profile value="http://172.209.216.154:3447/fhir/StructureDefinition/SzLabSpecimen"/>
  </meta>
  <text>
    <status value="generated"/><div xmlns="http://www.w3.org/1999/xhtml"><p class="res-header-id"><b>Generated Narrative: Specimen SampleSzMalariaSpecimen</b></p><a name="SampleSzMalariaSpecimen"> </a><a name="hcSampleSzMalariaSpecimen"> </a><div style="display: inline-block; background-color: #d9e0e7; padding: 6px; margin: 4px; border: 1px solid #8da1b4; border-radius: 5px; line-height: 60%"><p style="margin-bottom: 0px"/><p style="margin-bottom: 0px">Profile: <a href="StructureDefinition-SzLabSpecimen.html">Eswatini Specimen Profile</a></p></div><p><b>status</b>: Available</p><p><b>type</b>: <span title="Codes:{http://terminology.hl7.org/CodeSystem/v2-0487 BLD}">Blood</span></p><p><b>subject</b>: <a href="Patient-SampleSzMalariaPatient.html">Jacob Samuel Gule  Male, DoB: 1990-01-01 ( Medical Record Number: M002111111-11 (use: usual, ))</a></p><h3>Collections</h3><table class="grid"><tr><td style="display: none">-</td><td><b>Collector</b></td><td><b>Collected[x]</b></td></tr><tr><td style="display: none">*</td><td><a href="Practitioner-SampleSzPractitioner.html">Practitioner Thabile Celiwe Dlamini </a></td><td>2024-11-26 10:00:00+0000</td></tr></table></div>
  </text>
  <status value="available"/>
  <type>
    <coding>
      <system value="http://terminology.hl7.org/CodeSystem/v2-0487"/>
      <code value="BLD"/>
      <display value="Blood"/>
    </coding>
    <text value="Blood"/>
  </type>
  <subject>
    <reference value="Patient/SampleSzMalariaPatient"/>
  </subject>
  <collection>
    <collector>
      <reference value="Practitioner/SampleSzPractitioner"/>
    </collector>
    <collectedDateTime value="2024-11-26T10:00:00Z"/>
  </collection>
</Specimen>