{
  "package": "hl7.fhir.sd.hie",
  "version": "0.1.0",
  "fhirVersion": "4.0.1",
  "extensions": [
    {
      "url": "http://172.209.216.154:3447/fhir/StructureDefinition/SzAuthorizerExtension",
      "title": "Extention: Eswatini Lab Result Authorizer",
      "types": [
        "Reference"
      ]
    },
    {
      "url": "http://172.209.216.154:3447/fhir/StructureDefinition/SzChiefdomExtension",
      "title": "Extention: Eswatini Chiefdom",
      "types": [
        "CodeableConcept"
      ]
    },
    {
      "url": "http://172.209.216.154:3447/fhir/StructureDefinition/SzInkhundlaExtension",
      "title": "Extention: Eswatini Inkhundla",
      "types": [
        "CodeableConcept"
      ]
    },
    {
      "url": "http://172.209.216.154:3447/fhir/StructureDefinition/SzLocationCodeExtension",
      "title": "Extention: Eswatini Location Code",
      "types": [
        "string"
      ]
    },
    {
      "url": "http://172.209.216.154:3447/fhir/StructureDefinition/SzReferralRecipientExtension",
      "title": "Extention: Eswatini Referral Recipient",
      "types": [
        "base64Binary",
        "boolean",
        "canonical",
        "code",
        "date",
        "dateTime",
        "decimal",
        "id",
        "instant",
        "integer",
        "markdown",
        "oid",
        "positiveInt",
        "string",
        "time",
        "unsignedInt",
        "uri",
        "url",
        "uuid",
        "Address",
        "Age",
        "Annotation",
        "Attachment",
        "CodeableConcept",
        "Coding",
        "ContactPoint",
        "Count",
        "Distance",
        "Duration",
        "HumanName",
        "Identifier",
        "Money",
        "Period",
        "Quantity",
        "Range",
        "Ratio",
        "Reference",
        "SampledData",
        "Signature",
        "Timing",
        "ContactDetail",
        "Contributor",
        "DataRequirement",
        "Expression",
        "ParameterDefinition",
        "RelatedArtifact",
        "TriggerDefinition",
        "UsageContext",
        "Dosage",
        "Meta",
        "Reference"
      ]
    },
    {
      "url": "http://172.209.216.154:3447/fhir/StructureDefinition/SzTestingLabExtension",
      "title": "Extention: Eswatini Testing Laboratory",
      "types": [
        "Reference"
      ]
    }
  ],
  "profiles": {
    "Appointment": [
      {
        "url": "http://172.209.216.154:3447/fhir/StructureDefinition/SzAppointment",
        "title": "Eswatini Appointment Profile"
      }
    ],
    "Observation": [
      {
        "url": "http://172.209.216.154:3447/fhir/StructureDefinition/SzVitalSigns",
        "title": "Eswatini Vital Signs Profile"
      }
    ],
    "Condition": [
      {
        "url": "http://172.209.216.154:3447/fhir/StructureDefinition/SzCondition",
        "title": "Eswatini Condition Profile"
      }
    ],
    "Encounter": [
      {
        "url": "http://172.209.216.154:3447/fhir/StructureDefinition/SzEncounter",
        "title": "Eswatini Encounter Profile"
      }
    ],
    "EpisodeOfCare": [
      {
        "url": "http://172.209.216.154:3447/fhir/StructureDefinition/SzEpisodeOfCare",
        "title": "Eswatini Episode of Care"
      }
    ],
    "Specimen": [
      {
        "url": "http://172.209.216.154:3447/fhir/StructureDefinition/SzLabSpecimen",
        "title": "Eswatini Specimen Profile"
      }
    ],
    "DiagnosticReport": [
      {
        "url": "http://172.209.216.154:3447/fhir/StructureDefinition/SzLabTest",
        "title": "Eswatini Lab Test Profile"
      }
    ],
    "Location": [
      {
        "url": "http://172.209.216.154:3447/fhir/StructureDefinition/SzLocation",
        "title": "Eswatini Location Profile"
      }
    ],
    "Medication": [
      {
        "url": "http://172.209.216.154:3447/fhir/StructureDefinition/SzMedication",
        "title": "Eswatini Medication Profile"
      }
    ],
    "MedicationDispense": [
      {
        "url": "http://172.209.216.154:3447/fhir/StructureDefinition/SzMedicationDispense",
        "title": "Eswatini Medication Dispense Profile"
      }
    ],
    "MedicationRequest": [
      {
        "url": "http://172.209.216.154:3447/fhir/StructureDefinition/SzMedicationRequest",
        "title": "Eswatini Medication Request Profile"
      }
    ],
    "Organization": [
      {
        "url": "http://172.209.216.154:3447/fhir/StructureDefinition/SzOrganization",
        "title": "Eswatini Organization Profile"
      }
    ],
    "Patient": [
      {
        "url": "http://172.209.216.154:3447/fhir/StructureDefinition/SzPatient",
        "title": "Eswatini Patient Profile"
      }
    ],
    "Practitioner": [
      {
        "url": "http://172.209.216.154:3447/fhir/StructureDefinition/SzPractitioner",
        "title": "Eswatini Practitioner Profile"
      }
    ],
    "Procedure": [
      {
        "url": "http://172.209.216.154:3447/fhir/StructureDefinition/SzProcedure",
        "title": "Eswatini Procedure Profile"
      }
    ],
    "ServiceRequest": [
      {
        "url": "http://172.209.216.154:3447/fhir/StructureDefinition/SzReferral",
        "title": "Eswatini Referral Profile"
      }
    ]
  },
  "usage": {
    "http://172.209.216.154:3447/fhir/StructureDefinition/SzAuthorizerExtension": [
      "Observation"
    ],
    "http://172.209.216.154:3447/fhir/StructureDefinition/SzChiefdomExtension": [
      "Bundle.entry.resource",
      "Patient"
    ],
    "http://172.209.216.154:3447/fhir/StructureDefinition/SzInkhundlaExtension": [
      "Bundle.entry.resource",
      "Patient"
    ],
    "http://172.209.216.154:3447/fhir/StructureDefinition/SzReferralRecipientExtension": [
      "ServiceRequest"
    ],
    "http://172.209.216.154:3447/fhir/StructureDefinition/SzTestingLabExtension": [
      "Observation"
    ],
    "http://hl7.org/fhir/5.0/StructureDefinition/extension-NamingSystem.url": [
      "NamingSystem"
    ],
    "http://hl7.org/fhir/5.0/StructureDefinition/extension-NamingSystem.version": [
      "NamingSystem"
    ],
    "http://hl7.org/fhir/StructureDefinition/elementdefinition-bestpractice": [
      "StructureDefinition.snapshot.element.constraint"
    ],
    "http://hl7.org/fhir/StructureDefinition/elementdefinition-bestpractice-explanation": [
      "StructureDefinition.snapshot.element.constraint"
    ],
    "http://hl7.org/fhir/StructureDefinition/elementdefinition-bindingName": [
      "StructureDefinition.snapshot.element.binding"
    ],
    "http://hl7.org/fhir/StructureDefinition/elementdefinition-maxValueSet": [
      "StructureDefinition.snapshot.element.binding"
    ],
    "http://hl7.org/fhir/StructureDefinition/elementdefinition-translatable": [
      "StructureDefinition.snapshot.element"
    ],
    "http://hl7.org/fhir/StructureDefinition/patient-birthTime": [
      "Bundle.entry.resource.birthDate",
      "Patient.birthDate"
    ],
    "http://hl7.org/fhir/StructureDefinition/patient-nationality": [
      "Bundle.entry.resource",
      "Patient"
    ],
    "http://hl7.org/fhir/StructureDefinition/regex": [
      "StructureDefinition.snapshot.element.type"
    ],
    "http://hl7.org/fhir/StructureDefinition/structuredefinition-display-hint": [
      "StructureDefinition.snapshot.element"
    ],
    "http://hl7.org/fhir/StructureDefinition/structuredefinition-fhir-type": [
      "StructureDefinition.snapshot.element.type"
    ],
    "http://hl7.org/fhir/StructureDefinition/structuredefinition-hierarchy": [
      "StructureDefinition.snapshot.element.type"
    ],
    "http://hl7.org/fhir/tools/StructureDefinition/ig-internal-dependency": [
      "ImplementationGuide.definition"
    ],
    "http://hl7.org/fhir/tools/StructureDefinition/ig-page-name": [
      "ImplementationGuide.definition.page",
      "ImplementationGuide.definition.page.page"
    ],
    "http://hl7.org/fhir/tools/StructureDefinition/ig-parameter": [
      "ImplementationGuide.definition"
    ],
    "http://hl7.org/fhir/tools/StructureDefinition/implementationguide-dependency-comment": [
      "ImplementationGuide.dependsOn"
    ],
    "http://hl7.org/fhir/tools/StructureDefinition/resource-information": [
      "ImplementationGuide.definition.resource"
    ],
    "http://hl7.org/fhir/tools/StructureDefinition/snapshot-base-version": [
      "StructureDefinition.snapshot"
    ]
  }
}