{
  "codeSystems" : [
    {
      "url" : "http://172.209.216.154:3447/fhir/ValueSet/CIE10VS",
      "version" : "0.1.0",
      "status" : "active",
      "name" : "CIE10VS",
      "title" : "Value Set: ICD10",
      "description" : "CIE10 code values",
      "systems" : ["http://hl7.org/fhir/sid/icd-10"]
    },
    {
      "url" : "http://172.209.216.154:3447/fhir/ValueSet/PersonIdentifiersVS",
      "version" : "0.1.0",
      "status" : "draft",
      "name" : "PersonIdentifiersVS",
      "title" : "Value Set: Person Identifier",
      "description" : "Eswatini Person Identifiers",
      "systems" : [
        "http://172.209.216.154:3447/fhir/CodeSystem/SzPersonIdentificationsCS"
      ]
    },
    {
      "url" : "http://172.209.216.154:3447/fhir/ValueSet/SzChiefdomVS",
      "version" : "0.1.0",
      "status" : "draft",
      "name" : "SzChiefdomVS",
      "title" : "Value Set: Chiefdoms Value Set",
      "description" : "Value set for ESwatini chiefdoms",
      "systems" : ["http://172.209.216.154:3447/fhir/CodeSystem/SzChiefdomCS"]
    },
    {
      "url" : "http://172.209.216.154:3447/fhir/ValueSet/SzClinicalObservationCodesVS",
      "version" : "0.1.0",
      "status" : "active",
      "name" : "EswatiniClinicalObservationCodes",
      "title" : "Value Set: Clinical Observation Codes Value Set",
      "description" : "Includes standard and custom codes that can be used with the Clinical Observation Profile",
      "systems" : [
        "http://loinc.org",
        "http://172.209.216.154:3447/fhir/CodeSystem/SzClinicalObservationCodesCS",
        "http://snomed.info/sct"
      ]
    },
    {
      "url" : "http://172.209.216.154:3447/fhir/ValueSet/SzEncounterClassificationVS",
      "version" : "0.1.0",
      "status" : "active",
      "name" : "EswatiniEncounterClassification",
      "title" : "Value Set: Encounter Classification",
      "description" : "Eswatini Encounter Classification Codes",
      "systems" : [
        "http://terminology.hl7.org/CodeSystem/v3-ActCode",
        "http://172.209.216.154:3447/fhir/CodeSystem/SzEncounterClassificationCS"
      ]
    },
    {
      "url" : "http://172.209.216.154:3447/fhir/ValueSet/SzEpisodeOfCareTypeVS",
      "version" : "0.1.0",
      "status" : "draft",
      "name" : "SzEpisodeOfCareTypeVS",
      "title" : "Eswatini Episode of Care Valueset",
      "description" : "Eswatini Episode of Care Valueset",
      "systems" : [
        "http://terminology.hl7.org/CodeSystem/episodeofcare-type",
        "http://172.209.216.154:3447/fhir/CodeSystem/SzEpisodeOfCareTypeCS"
      ]
    },
    {
      "url" : "http://172.209.216.154:3447/fhir/ValueSet/SzFacilityServicePointVS",
      "version" : "0.1.0",
      "status" : "draft",
      "name" : "SzFacilityServicePointVS",
      "title" : "Value set: Eswatini Facility Service Points",
      "description" : "Value set for Facility Service Points",
      "systems" : [
        "http://172.209.216.154:3447/fhir/CodeSystem/SzFacilityServicePointCS"
      ]
    },
    {
      "url" : "http://172.209.216.154:3447/fhir/ValueSet/SzMalariaEncounterCodesVS",
      "version" : "0.1.0",
      "status" : "draft",
      "name" : "SzMalariaEncounterCodesVS",
      "title" : "Eswatini Malaria Encounter Codes",
      "description" : "Eswatini Malaria Encounter Codes",
      "systems" : [
        "http://172.209.216.154:3447/fhir/CodeSystem/SzMalariaEncounterCodesCS"
      ]
    },
    {
      "url" : "http://172.209.216.154:3447/fhir/ValueSet/SzProductCodeVS",
      "version" : "0.1.0",
      "status" : "draft",
      "name" : "SzProductCodeVS",
      "title" : "Value Set: Product Code Value Set",
      "description" : "Value set for ESwatini Product Codes",
      "systems" : [
        "http://172.209.216.154:3447/fhir/CodeSystem/SzProductCodeCS"
      ]
    },
    {
      "url" : "http://172.209.216.154:3447/fhir/ValueSet/SzReaonsForReferralVS",
      "version" : "0.1.0",
      "status" : "active",
      "name" : "SzReaonsForReferralVS",
      "title" : "Value Set: Reasons for Referral",
      "description" : "Eswatini Reasons for Referral",
      "systems" : [
        "http://172.209.216.154:3447/fhir/CodeSystem/SzReasonsForReferralCS"
      ]
    },
    {
      "url" : "http://172.209.216.154:3447/fhir/ValueSet/SzReferralIntentVS",
      "version" : "0.1.0",
      "status" : "active",
      "name" : "SzReferralIntentVS",
      "title" : "Value Set: Referral Intent",
      "description" : "Eswatini Referral Intent",
      "systems" : [
        "http://172.209.216.154:3447/fhir/CodeSystem/SzReferralIntentCS",
        "http://hl7.org/fhir/request-intent"
      ]
    },
    {
      "url" : "http://172.209.216.154:3447/fhir/ValueSet/SzReferralTypeVS",
      "version" : "0.1.0",
      "status" : "active",
      "name" : "SzReferralTypeVS",
      "title" : "Value Set: Referral Type",
      "description" : "Eswatini Referral Types",
      "systems" : [
        "http://172.209.216.154:3447/fhir/CodeSystem/SzReferralTypeCS"
      ]
    },
    {
      "url" : "http://172.209.216.154:3447/fhir/ValueSet/SzServiceRequestCategoryVS",
      "version" : "0.1.0",
      "status" : "active",
      "name" : "SzServiceRequestCategoryVS",
      "title" : "Value Set: Service Request",
      "description" : "Eswatini Service Request",
      "systems" : [
        "http://172.209.216.154:3447/fhir/CodeSystem/SzServiceRequestCategoryCS"
      ]
    },
    {
      "url" : "http://172.209.216.154:3447/fhir/ValueSet/SzTestCodeVS",
      "version" : "0.1.0",
      "status" : "active",
      "name" : "SzTestCodeVS",
      "title" : "Value Set: Local Test Codes",
      "description" : "Eswatini Local Test Codes",
      "systems" : ["http://172.209.216.154:3447/fhir/CodeSystem/SzTestCodeCS"]
    },
    {
      "url" : "http://172.209.216.154:3447/fhir/ValueSet/SzTestParameterCodeVS",
      "version" : "0.1.0",
      "status" : "draft",
      "name" : "SzTestParameterCodeVS",
      "title" : "Value Set: Eswatini Local Test Parameter Codes",
      "description" : "",
      "systems" : [
        "http://172.209.216.154:3447/fhir/CodeSystem/SzTestParameterCodeCS"
      ]
    },
    {
      "url" : "http://172.209.216.154:3447/fhir/ValueSet/SzTinkhundlaVS",
      "version" : "0.1.0",
      "status" : "draft",
      "name" : "SzTinkhundlaVS",
      "title" : "Value Set: Tinkhundla",
      "description" : "Value set for Eswatini Tinkhundla",
      "systems" : ["http://172.209.216.154:3447/fhir/CodeSystem/SzTinkhundlaCS"]
    }
  ]
}
