{
  "resourceType" : "ValueSet",
  "id" : "SzTestCodeVS",
  "text" : {
    "status" : "generated",
    "div" : "<div xmlns=\"http://www.w3.org/1999/xhtml\"><p class=\"res-header-id\"><b>Generated Narrative: ValueSet SzTestCodeVS</b></p><a name=\"SzTestCodeVS\"> </a><a name=\"hcSzTestCodeVS\"> </a><ul><li>Include all codes defined in <a href=\"CodeSystem-SzTestCodeCS.html\"><code>http://172.209.216.154:3447/fhir/CodeSystem/SzTestCodeCS</code></a></li></ul></div>"
  },
  "url" : "http://172.209.216.154:3447/fhir/ValueSet/SzTestCodeVS",
  "version" : "0.1.0",
  "name" : "SzTestCodeVS",
  "title" : "Value Set: Local Test Codes",
  "status" : "active",
  "experimental" : false,
  "date" : "2025-07-16T14:06:30+00:00",
  "publisher" : "Ministry of Health Eswatini",
  "contact" : [{
    "name" : "Ministry of Health Eswatini",
    "telecom" : [{
      "system" : "url",
      "value" : "https://172.209.216.154:3447"
    },
    {
      "system" : "email",
      "value" : "eswatinihie@moh.gov.sz"
    }]
  }],
  "description" : "Eswatini Local Test Codes",
  "compose" : {
    "include" : [{
      "system" : "http://172.209.216.154:3447/fhir/CodeSystem/SzTestCodeCS"
    }]
  }
}