{
  "codeSystems" : [
    {
      "url" : "http://192.168.10.200:3447/fhir/ValueSet/CIE10VS",
      "version" : "0.1.0",
      "status" : "active",
      "name" : "CIE10VS",
      "title" : "Value Set: ICD10",
      "description" : "CIE10 code values",
      "systems" : ["http://hl7.org/fhir/sid/icd-10"]
    },
    {
      "url" : "http://192.168.10.200:3447/fhir/ValueSet/PersonIdentifiersVS",
      "version" : "0.1.0",
      "status" : "draft",
      "name" : "PersonIdentifiersVS",
      "title" : "Value Set: Person Identifier",
      "description" : "Eswatini Person Identifiers",
      "systems" : [
        "http://192.168.10.200:3447/fhir/CodeSystem/SzPersonIdentificationsCS"
      ]
    },
    {
      "url" : "http://192.168.10.200:3447/fhir/ValueSet/SzChiefdomVS",
      "version" : "0.1.0",
      "status" : "draft",
      "name" : "SzChiefdomVS",
      "title" : "Value Set: Chiefdoms Value Set",
      "description" : "Value set for ESwatini chiefdoms",
      "systems" : ["http://192.168.10.200:3447/fhir/CodeSystem/SzChiefdomCS"]
    },
    {
      "url" : "http://192.168.10.200:3447/fhir/ValueSet/SzEncounterClassificationVS",
      "version" : "0.1.0",
      "status" : "active",
      "name" : "EswatiniEncounterClassification",
      "title" : "Value Set: Encounter Classification",
      "description" : "Eswatini Encounter Classification Codes",
      "systems" : [
        "http://192.168.10.200:3447/fhir/CodeSystem/SzEncounterClassificationCS"
      ]
    },
    {
      "url" : "http://192.168.10.200:3447/fhir/ValueSet/SzProductCodeVS",
      "version" : "0.1.0",
      "status" : "draft",
      "name" : "SzProductCodeVS",
      "title" : "Value Set: Product Code Value Set",
      "description" : "Value set for ESwatini Product Codes",
      "systems" : ["http://192.168.10.200:3447/fhir/CodeSystem/SzProductCodeCS"]
    },
    {
      "url" : "http://192.168.10.200:3447/fhir/ValueSet/SzServicePointVS",
      "version" : "0.1.0",
      "status" : "draft",
      "name" : "SzServicePointVS",
      "title" : "Value set: Eswatini Service Points",
      "description" : "Value set for Eswatini service points",
      "systems" : [
        "http://192.168.10.200:3447/fhir/CodeSystem/SzServicePointCS"
      ]
    },
    {
      "url" : "http://192.168.10.200:3447/fhir/ValueSet/SzTestCodeVS",
      "version" : "0.1.0",
      "status" : "active",
      "name" : "SzTestCodeVS",
      "title" : "Value Set: Local Test Codes",
      "description" : "Eswatini Local Test Codes",
      "systems" : ["http://192.168.10.200:3447/fhir/CodeSystem/SzTestCodeCS"]
    },
    {
      "url" : "http://192.168.10.200:3447/fhir/ValueSet/SzTestParameterCodeVS",
      "version" : "0.1.0",
      "status" : "draft",
      "name" : "SzTestParameterCodeVS",
      "title" : "Value Set: Eswatini Local Test Parameter Codes",
      "description" : null,
      "systems" : [
        "http://192.168.10.200:3447/fhir/CodeSystem/SzTestParameterCodeCS"
      ]
    },
    {
      "url" : "http://192.168.10.200:3447/fhir/ValueSet/SzTinkhundlaVS",
      "version" : "0.1.0",
      "status" : "draft",
      "name" : "SzTinkhundlaVS",
      "title" : "Value Set: Tinkhundla",
      "description" : "Value set for Eswatini Tinkhundla",
      "systems" : ["http://192.168.10.200:3447/fhir/CodeSystem/SzTinkhundlaCS"]
    }
  ]
}
