<?xml version="1.0" encoding="UTF-8"?>

<ValueSet xmlns="http://hl7.org/fhir">
  <id value="SzEncounterClassificationVS"/>
  <text>
    <status value="generated"/><div xmlns="http://www.w3.org/1999/xhtml"><p class="res-header-id"><b>Generated Narrative: ValueSet SzEncounterClassificationVS</b></p><a name="SzEncounterClassificationVS"> </a><a name="hcSzEncounterClassificationVS"> </a><ul><li>Include all codes defined in <a href="CodeSystem-SzEncounterClassificationCS.html"><code>http://172.209.216.154:3447/fhir/CodeSystem/SzEncounterClassificationCS</code></a></li></ul></div>
  </text>
  <url value="http://172.209.216.154:3447/fhir/ValueSet/SzEncounterClassificationVS"/>
  <version value="0.1.0"/>
  <name value="EswatiniEncounterClassification"/>
  <title value="Value Set: Encounter Classification"/>
  <status value="active"/>
  <experimental value="false"/>
  <date value="2025-07-16T14:06:30+00:00"/>
  <publisher value="Ministry of Health Eswatini"/>
  <contact>
    <name value="Ministry of Health Eswatini"/>
    <telecom>
      <system value="url"/>
      <value value="https://172.209.216.154:3447"/>
    </telecom>
    <telecom>
      <system value="email"/>
      <value value="eswatinihie@moh.gov.sz"/>
    </telecom>
  </contact>
  <description value="Eswatini Encounter Classification Codes"/>
  <compose>
    <include>
      <system value="http://172.209.216.154:3447/fhir/CodeSystem/SzEncounterClassificationCS"/>
    </include>
  </compose>
</ValueSet>