{
  "resourceType" : "ValueSet",
  "id" : "SzEpisodeOfCareTypeVS",
  "text" : {
    "status" : "generated",
    "div" : "<div xmlns=\"http://www.w3.org/1999/xhtml\"><p class=\"res-header-id\"><b>Generated Narrative: ValueSet SzEpisodeOfCareTypeVS</b></p><a name=\"SzEpisodeOfCareTypeVS\"> </a><a name=\"hcSzEpisodeOfCareTypeVS\"> </a><p>This value set includes codes based on the following rules:</p><ul><li>Include all codes defined in <a href=\"http://terminology.hl7.org/6.0.2/CodeSystem-episodeofcare-type.html\"><code>http://terminology.hl7.org/CodeSystem/episodeofcare-type</code></a></li><li>Include all codes defined in <a href=\"CodeSystem-SzEpisodeOfCareTypeCS.html\"><code>http://172.209.216.154:3447/fhir/CodeSystem/SzEpisodeOfCareTypeCS</code></a></li></ul></div>"
  },
  "url" : "http://172.209.216.154:3447/fhir/ValueSet/SzEpisodeOfCareTypeVS",
  "version" : "0.1.0",
  "name" : "SzEpisodeOfCareTypeVS",
  "title" : "Eswatini Episode of Care Valueset",
  "status" : "draft",
  "date" : "2025-09-19T08:18:44+00:00",
  "publisher" : "Ministry of Health Eswatini",
  "contact" : [{
    "name" : "Ministry of Health Eswatini",
    "telecom" : [{
      "system" : "url",
      "value" : "https://172.209.216.154:3447"
    },
    {
      "system" : "email",
      "value" : "eswatinihie@moh.gov.sz"
    }]
  }],
  "description" : "Eswatini Episode of Care Valueset",
  "compose" : {
    "include" : [{
      "system" : "http://terminology.hl7.org/CodeSystem/episodeofcare-type"
    },
    {
      "system" : "http://172.209.216.154:3447/fhir/CodeSystem/SzEpisodeOfCareTypeCS"
    }]
  }
}