{
  "codeSystems" : [
    {
      "url" : "http://172.209.216.154:3447/fhir/ValueSet/CIE10VS",
      "version" : "0.1.0",
      "status" : "active",
      "name" : "CIE10VS",
      "title" : "Value Set: ICD10",
      "description" : "CIE10 code values",
      "systems" : ["http://hl7.org/fhir/sid/icd-10"]
    },
    {
      "url" : "http://172.209.216.154:3447/fhir/ValueSet/PersonIdentifiersVS",
      "version" : "0.1.0",
      "status" : "draft",
      "name" : "PersonIdentifiersVS",
      "title" : "Value Set: Person Identifier",
      "description" : "Eswatini Person Identifiers",
      "systems" : [
        "http://172.209.216.154:3447/fhir/CodeSystem/SzPersonIdentificationsCS"
      ],
      "uses" : {
      },
      "StructureDefinition-SzPatient.html" : "Eswatini Patient Profile"
    },
    {
      "url" : "http://172.209.216.154:3447/fhir/ValueSet/SzChiefdomVS",
      "version" : "0.1.0",
      "status" : "draft",
      "name" : "SzChiefdomVS",
      "title" : "Value Set: Chiefdoms Value Set",
      "description" : "Value set for ESwatini chiefdoms",
      "systems" : ["http://172.209.216.154:3447/fhir/CodeSystem/SzChiefdomCS"],
      "uses" : {
      },
      "StructureDefinition-SzChiefdomExtension.html" : "Extention: Eswatini Chiefdom"
    },
    {
      "url" : "http://172.209.216.154:3447/fhir/ValueSet/SzEncounterClassificationVS",
      "version" : "0.1.0",
      "status" : "active",
      "name" : "EswatiniEncounterClassification",
      "title" : "Value Set: Encounter Classification",
      "description" : "Eswatini Encounter Classification Codes",
      "systems" : [
        "http://terminology.hl7.org/CodeSystem/v3-ActCode",
        "http://172.209.216.154:3447/fhir/CodeSystem/SzEncounterClassificationCS"
      ],
      "uses" : {
      },
      "StructureDefinition-SzEncounter.html" : "Eswatini Encounter Profile"
    },
    {
      "url" : "http://172.209.216.154:3447/fhir/ValueSet/SzEncounterReasonVS",
      "version" : "0.1.0",
      "status" : "draft",
      "name" : "SzEncounterReasonVS",
      "title" : "Value set: Eswatini Encounter Reason Codes",
      "description" : "Value set for Eswatini Encounter Reason Codes",
      "systems" : [
        "http://172.209.216.154:3447/fhir/CodeSystem/SzEncounterReasonCS"
      ],
      "uses" : {
      },
      "StructureDefinition-SzEncounter.html" : "Eswatini Encounter Profile"
    },
    {
      "url" : "http://172.209.216.154:3447/fhir/ValueSet/SzProductCodeVS",
      "version" : "0.1.0",
      "status" : "draft",
      "name" : "SzProductCodeVS",
      "title" : "Value Set: Product Code Value Set",
      "description" : "Value set for ESwatini Product Codes",
      "systems" : [
        "http://172.209.216.154:3447/fhir/CodeSystem/SzProductCodeCS"
      ],
      "uses" : {
      },
      "StructureDefinition-SzMedicationRequest.html" : "Eswatini Medication Request Profile",
      "StructureDefinition-SzMedication.html" : "Eswatini Medication Profile"
    },
    {
      "url" : "http://172.209.216.154:3447/fhir/ValueSet/SzReaonsForReferralVS",
      "version" : "0.1.0",
      "status" : "active",
      "name" : "SzReaonsForReferralVS",
      "title" : "Value Set: Reasons for Referral",
      "description" : "Eswatini Reasons for Referral",
      "systems" : [
        "http://172.209.216.154:3447/fhir/CodeSystem/SzReasonsForReferralCS"
      ]
    },
    {
      "url" : "http://172.209.216.154:3447/fhir/ValueSet/SzReferralIntentVS",
      "version" : "0.1.0",
      "status" : "active",
      "name" : "SzReferralIntentVS",
      "title" : "Value Set: Referral Intent",
      "description" : "Eswatini Referral Intent",
      "systems" : [
        "http://172.209.216.154:3447/fhir/CodeSystem/SzReferralIntentCS",
        "http://hl7.org/fhir/request-intent"
      ]
    },
    {
      "url" : "http://172.209.216.154:3447/fhir/ValueSet/SzReferralTypeVS",
      "version" : "0.1.0",
      "status" : "active",
      "name" : "SzReferralTypeVS",
      "title" : "Value Set: Referral Type",
      "description" : "Eswatini Referral Types",
      "systems" : [
        "http://172.209.216.154:3447/fhir/CodeSystem/SzReferralTypeCS"
      ]
    },
    {
      "url" : "http://172.209.216.154:3447/fhir/ValueSet/SzServiceRequestCategoryVS",
      "version" : "0.1.0",
      "status" : "active",
      "name" : "SzServiceRequestCategoryVS",
      "title" : "Value Set: Service Request",
      "description" : "Eswatini Service Request",
      "systems" : [
        "http://172.209.216.154:3447/fhir/CodeSystem/SzServiceRequestCategoryCS"
      ]
    },
    {
      "url" : "http://172.209.216.154:3447/fhir/ValueSet/SzTestCodeVS",
      "version" : "0.1.0",
      "status" : "active",
      "name" : "SzTestCodeVS",
      "title" : "Value Set: Local Test Codes",
      "description" : "Eswatini Local Test Codes",
      "systems" : ["http://172.209.216.154:3447/fhir/CodeSystem/SzTestCodeCS"],
      "uses" : {
      },
      "StructureDefinition-SzLabTest.html" : "Eswatini Lab Test Profile"
    },
    {
      "url" : "http://172.209.216.154:3447/fhir/ValueSet/SzTestParameterCodeVS",
      "version" : "0.1.0",
      "status" : "draft",
      "name" : "SzTestParameterCodeVS",
      "title" : "Value Set: Eswatini Local Test Parameter Codes",
      "description" : "",
      "systems" : [
        "http://172.209.216.154:3447/fhir/CodeSystem/SzTestParameterCodeCS"
      ],
      "uses" : {
      },
      "StructureDefinition-SzLabResult.html" : "Eswatini Lab Result Profile"
    },
    {
      "url" : "http://172.209.216.154:3447/fhir/ValueSet/SzTinkhundlaVS",
      "version" : "0.1.0",
      "status" : "draft",
      "name" : "SzTinkhundlaVS",
      "title" : "Value Set: Tinkhundla",
      "description" : "Value set for Eswatini Tinkhundla",
      "systems" : ["http://172.209.216.154:3447/fhir/CodeSystem/SzTinkhundlaCS"],
      "uses" : {
      },
      "StructureDefinition-SzInkhundlaExtension.html" : "Extention: Eswatini Inkhundla"
    },
    {
      "url" : "http://hl7.org/fhir/ValueSet/observation-vitalsignresult",
      "version" : "4.0.1",
      "status" : "active",
      "name" : "VitalSigns",
      "title" : "Vital Signs",
      "description" : "This value set indicates the allowed vital sign result types.   The LOINC code for Vitals Signs panel (85353-1) is a grouping structure for a set of vital signs and includes related links (with type=has-member) to the Observations in this set (e.g. respiratory rate, heart rate, BP).  The Blood pressure panel (85354-9) is used to group the component observations Systolic blood pressure (8480-6) and Diastolic blood pressure (8462-4).",
      "systems" : ["http://loinc.org"],
      "oids" : ["2.16.840.1.113883.3.88.12.80.62"],
      "sources" : ["2.16.840.1.113883.3.88.12.80.62"],
      "uses" : {
      },
      "StructureDefinition-SzVitalSigns.html" : "Eswatini Vital Signs Profile"
    }
  ]
}
