{"resourceType":"CodeSystem","id":"SzTinkhundlaCS","text":{"status":"generated","div":"<div xmlns=\"http://www.w3.org/1999/xhtml\"><p class=\"res-header-id\"><b>Generated Narrative: CodeSystem SzTinkhundlaCS</b></p><a name=\"SzTinkhundlaCS\"> </a><a name=\"hcSzTinkhundlaCS\"> </a><p>This  code system <code>http://172.209.216.154:3447/fhir/CodeSystem/SzTinkhundlaCS</code> defines the following codes:</p><table class=\"codes\"><tr><td style=\"white-space:nowrap\"><b>Code</b></td><td><b>Display</b></td></tr><tr><td style=\"white-space:nowrap\">-99<a name=\"SzTinkhundlaCS--99\"> </a></td><td>Unspecified</td></tr><tr><td style=\"white-space:nowrap\">2<a name=\"SzTinkhundlaCS-2\"> </a></td><td>HHUKWINI</td></tr><tr><td style=\"white-space:nowrap\">3<a name=\"SzTinkhundlaCS-3\"> </a></td><td>LOBAMBA</td></tr><tr><td style=\"white-space:nowrap\">4<a name=\"SzTinkhundlaCS-4\"> </a></td><td>MADLANGEMPISI</td></tr><tr><td style=\"white-space:nowrap\">5<a name=\"SzTinkhundlaCS-5\"> </a></td><td>MAPHALALENI</td></tr><tr><td style=\"white-space:nowrap\">6<a name=\"SzTinkhundlaCS-6\"> </a></td><td>MAYIWANE</td></tr><tr><td style=\"white-space:nowrap\">7<a name=\"SzTinkhundlaCS-7\"> </a></td><td>MBABANE EAST</td></tr><tr><td style=\"white-space:nowrap\">8<a name=\"SzTinkhundlaCS-8\"> </a></td><td>MBABANE WEST</td></tr><tr><td style=\"white-space:nowrap\">9<a name=\"SzTinkhundlaCS-9\"> </a></td><td>MHLANGATANE</td></tr><tr><td style=\"white-space:nowrap\">10<a name=\"SzTinkhundlaCS-10\"> </a></td><td>NDZINGENI</td></tr><tr><td style=\"white-space:nowrap\">11<a name=\"SzTinkhundlaCS-11\"> </a></td><td>NKHABA</td></tr><tr><td style=\"white-space:nowrap\">12<a name=\"SzTinkhundlaCS-12\"> </a></td><td>NTFONJENI</td></tr><tr><td style=\"white-space:nowrap\">13<a name=\"SzTinkhundlaCS-13\"> </a></td><td>PIGGS PEAK</td></tr><tr><td style=\"white-space:nowrap\">14<a name=\"SzTinkhundlaCS-14\"> </a></td><td>SIPHOCOSINI</td></tr><tr><td style=\"white-space:nowrap\">15<a name=\"SzTinkhundlaCS-15\"> </a></td><td>TIMPHISINI</td></tr><tr><td style=\"white-space:nowrap\">16<a name=\"SzTinkhundlaCS-16\"> </a></td><td>DVOKODVWENI</td></tr><tr><td style=\"white-space:nowrap\">17<a name=\"SzTinkhundlaCS-17\"> </a></td><td>GILGALI</td></tr><tr><td style=\"white-space:nowrap\">18<a name=\"SzTinkhundlaCS-18\"> </a></td><td>LOMAHASHA</td></tr><tr><td style=\"white-space:nowrap\">19<a name=\"SzTinkhundlaCS-19\"> </a></td><td>LUBULI</td></tr><tr><td style=\"white-space:nowrap\">20<a name=\"SzTinkhundlaCS-20\"> </a></td><td>LUGONGOLWENI</td></tr><tr><td style=\"white-space:nowrap\">21<a name=\"SzTinkhundlaCS-21\"> </a></td><td>MATSANJENI NORTH</td></tr><tr><td style=\"white-space:nowrap\">22<a name=\"SzTinkhundlaCS-22\"> </a></td><td>MHLUME</td></tr><tr><td style=\"white-space:nowrap\">23<a name=\"SzTinkhundlaCS-23\"> </a></td><td>MPOLONJENI</td></tr><tr><td style=\"white-space:nowrap\">24<a name=\"SzTinkhundlaCS-24\"> </a></td><td>NKILONGO</td></tr><tr><td style=\"white-space:nowrap\">25<a name=\"SzTinkhundlaCS-25\"> </a></td><td>SIPHOFANENI</td></tr><tr><td style=\"white-space:nowrap\">26<a name=\"SzTinkhundlaCS-26\"> </a></td><td>SITHOBELA</td></tr><tr><td style=\"white-space:nowrap\">27<a name=\"SzTinkhundlaCS-27\"> </a></td><td>KUKHANYENI</td></tr><tr><td style=\"white-space:nowrap\">28<a name=\"SzTinkhundlaCS-28\"> </a></td><td>KWALUSENI</td></tr><tr><td style=\"white-space:nowrap\">29<a name=\"SzTinkhundlaCS-29\"> </a></td><td>LAMGABHI</td></tr><tr><td style=\"white-space:nowrap\">30<a name=\"SzTinkhundlaCS-30\"> </a></td><td>LOBAMBA LOMDZALA</td></tr><tr><td style=\"white-space:nowrap\">31<a name=\"SzTinkhundlaCS-31\"> </a></td><td>LUDZELUDZE</td></tr><tr><td style=\"white-space:nowrap\">32<a name=\"SzTinkhundlaCS-32\"> </a></td><td>MAFUTSENI</td></tr><tr><td style=\"white-space:nowrap\">33<a name=\"SzTinkhundlaCS-33\"> </a></td><td>MAHLANGATSHA</td></tr><tr><td style=\"white-space:nowrap\">34<a name=\"SzTinkhundlaCS-34\"> </a></td><td>MANGCONGCO</td></tr><tr><td style=\"white-space:nowrap\">35<a name=\"SzTinkhundlaCS-35\"> </a></td><td>MANZINI NORTH</td></tr><tr><td style=\"white-space:nowrap\">36<a name=\"SzTinkhundlaCS-36\"> </a></td><td>MANZINI SOUTH</td></tr><tr><td style=\"white-space:nowrap\">37<a name=\"SzTinkhundlaCS-37\"> </a></td><td>MHLAMBANYATSI</td></tr><tr><td style=\"white-space:nowrap\">38<a name=\"SzTinkhundlaCS-38\"> </a></td><td>MKHIWENI</td></tr><tr><td style=\"white-space:nowrap\">39<a name=\"SzTinkhundlaCS-39\"> </a></td><td>MTFONGWANENI</td></tr><tr><td style=\"white-space:nowrap\">40<a name=\"SzTinkhundlaCS-40\"> </a></td><td>NGWEMPISI</td></tr><tr><td style=\"white-space:nowrap\">41<a name=\"SzTinkhundlaCS-41\"> </a></td><td>NHLAMBENI</td></tr><tr><td style=\"white-space:nowrap\">42<a name=\"SzTinkhundlaCS-42\"> </a></td><td>NKOMIYAHLABA</td></tr><tr><td style=\"white-space:nowrap\">43<a name=\"SzTinkhundlaCS-43\"> </a></td><td>NTONDOZI</td></tr><tr><td style=\"white-space:nowrap\">44<a name=\"SzTinkhundlaCS-44\"> </a></td><td>PHONDO</td></tr><tr><td style=\"white-space:nowrap\">45<a name=\"SzTinkhundlaCS-45\"> </a></td><td>GEGE</td></tr><tr><td style=\"white-space:nowrap\">46<a name=\"SzTinkhundlaCS-46\"> </a></td><td>HOSEA</td></tr><tr><td style=\"white-space:nowrap\">47<a name=\"SzTinkhundlaCS-47\"> </a></td><td>KUBUTA</td></tr><tr><td style=\"white-space:nowrap\">48<a name=\"SzTinkhundlaCS-48\"> </a></td><td>KUMETHULA</td></tr><tr><td style=\"white-space:nowrap\">49<a name=\"SzTinkhundlaCS-49\"> </a></td><td>MASEYISINI</td></tr><tr><td style=\"white-space:nowrap\">50<a name=\"SzTinkhundlaCS-50\"> </a></td><td>MATSANJENI SOUTH</td></tr><tr><td style=\"white-space:nowrap\">51<a name=\"SzTinkhundlaCS-51\"> </a></td><td>MTSAMBAMA</td></tr><tr><td style=\"white-space:nowrap\">52<a name=\"SzTinkhundlaCS-52\"> </a></td><td>NGUDZENI</td></tr><tr><td style=\"white-space:nowrap\">53<a name=\"SzTinkhundlaCS-53\"> </a></td><td>NKWENE</td></tr><tr><td style=\"white-space:nowrap\">54<a name=\"SzTinkhundlaCS-54\"> </a></td><td>SANDLENI</td></tr><tr><td style=\"white-space:nowrap\">55<a name=\"SzTinkhundlaCS-55\"> </a></td><td>SHISELWENI I</td></tr><tr><td style=\"white-space:nowrap\">56<a name=\"SzTinkhundlaCS-56\"> </a></td><td>SHISELWENI II</td></tr><tr><td style=\"white-space:nowrap\">57<a name=\"SzTinkhundlaCS-57\"> </a></td><td>SIGWE</td></tr><tr><td style=\"white-space:nowrap\">58<a name=\"SzTinkhundlaCS-58\"> </a></td><td>SOMNTONGO</td></tr><tr><td style=\"white-space:nowrap\">59<a name=\"SzTinkhundlaCS-59\"> </a></td><td>ZOMBODZE EMUVA</td></tr><tr><td style=\"white-space:nowrap\">60<a name=\"SzTinkhundlaCS-60\"> </a></td><td>MOTSHANE</td></tr></table></div>"},"url":"http://172.209.216.154:3447/fhir/CodeSystem/SzTinkhundlaCS","version":"0.1.0","name":"EswatiniTinkhundla","title":"Code System: Eswatini Tinkhundla","status":"active","experimental":false,"date":"2025-09-09T15:13:38+00:00","publisher":"Ministry of Health Eswatini","contact":[{"name":"Ministry of Health Eswatini","telecom":[{"system":"url","value":"https://172.209.216.154:3447"},{"system":"email","value":"eswatinihie@moh.gov.sz"}]}],"description":"Code system for Eswatini Tinkhundla","content":"complete","count":60,"concept":[{"code":"-99","display":"Unspecified","designation":[{"use":{"system":"http://terminology.hl7.org/CodeSystem/designation-usage","code":"display"},"value":"Unspecified"}]},{"code":"2","display":"HHUKWINI","designation":[{"use":{"system":"http://terminology.hl7.org/CodeSystem/designation-usage","code":"display"},"value":"HHUKWINI"}]},{"code":"3","display":"LOBAMBA","designation":[{"use":{"system":"http://terminology.hl7.org/CodeSystem/designation-usage","code":"display"},"value":"LOBAMBA"}]},{"code":"4","display":"MADLANGEMPISI","designation":[{"use":{"system":"http://terminology.hl7.org/CodeSystem/designation-usage","code":"display"},"value":"MADLANGEMPISI"}]},{"code":"5","display":"MAPHALALENI","designation":[{"use":{"system":"http://terminology.hl7.org/CodeSystem/designation-usage","code":"display"},"value":"MAPHALALENI"}]},{"code":"6","display":"MAYIWANE","designation":[{"use":{"system":"http://terminology.hl7.org/CodeSystem/designation-usage","code":"display"},"value":"MAYIWANE"}]},{"code":"7","display":"MBABANE EAST","designation":[{"use":{"system":"http://terminology.hl7.org/CodeSystem/designation-usage","code":"display"},"value":"MBABANE EAST"}]},{"code":"8","display":"MBABANE WEST","designation":[{"use":{"system":"http://terminology.hl7.org/CodeSystem/designation-usage","code":"display"},"value":"MBABANE WEST"}]},{"code":"9","display":"MHLANGATANE","designation":[{"use":{"system":"http://terminology.hl7.org/CodeSystem/designation-usage","code":"display"},"value":"MHLANGATANE"}]},{"code":"10","display":"NDZINGENI","designation":[{"use":{"system":"http://terminology.hl7.org/CodeSystem/designation-usage","code":"display"},"value":"NDZINGENI"}]},{"code":"11","display":"NKHABA","designation":[{"use":{"system":"http://terminology.hl7.org/CodeSystem/designation-usage","code":"display"},"value":"NKHABA"}]},{"code":"12","display":"NTFONJENI","designation":[{"use":{"system":"http://terminology.hl7.org/CodeSystem/designation-usage","code":"display"},"value":"NTFONJENI"}]},{"code":"13","display":"PIGGS PEAK","designation":[{"use":{"system":"http://terminology.hl7.org/CodeSystem/designation-usage","code":"display"},"value":"PIGGS PEAK"}]},{"code":"14","display":"SIPHOCOSINI","designation":[{"use":{"system":"http://terminology.hl7.org/CodeSystem/designation-usage","code":"display"},"value":"SIPHOCOSINI"}]},{"code":"15","display":"TIMPHISINI","designation":[{"use":{"system":"http://terminology.hl7.org/CodeSystem/designation-usage","code":"display"},"value":"TIMPHISINI"}]},{"code":"16","display":"DVOKODVWENI","designation":[{"use":{"system":"http://terminology.hl7.org/CodeSystem/designation-usage","code":"display"},"value":"DVOKODVWENI"}]},{"code":"17","display":"GILGALI","designation":[{"use":{"system":"http://terminology.hl7.org/CodeSystem/designation-usage","code":"display"},"value":"GILGALI"}]},{"code":"18","display":"LOMAHASHA","designation":[{"use":{"system":"http://terminology.hl7.org/CodeSystem/designation-usage","code":"display"},"value":"LOMAHASHA"}]},{"code":"19","display":"LUBULI","designation":[{"use":{"system":"http://terminology.hl7.org/CodeSystem/designation-usage","code":"display"},"value":"LUBULI"}]},{"code":"20","display":"LUGONGOLWENI","designation":[{"use":{"system":"http://terminology.hl7.org/CodeSystem/designation-usage","code":"display"},"value":"LUGONGOLWENI"}]},{"code":"21","display":"MATSANJENI NORTH","designation":[{"use":{"system":"http://terminology.hl7.org/CodeSystem/designation-usage","code":"display"},"value":"MATSANJENI NORTH"}]},{"code":"22","display":"MHLUME","designation":[{"use":{"system":"http://terminology.hl7.org/CodeSystem/designation-usage","code":"display"},"value":"MHLUME"}]},{"code":"23","display":"MPOLONJENI","designation":[{"use":{"system":"http://terminology.hl7.org/CodeSystem/designation-usage","code":"display"},"value":"MPOLONJENI"}]},{"code":"24","display":"NKILONGO","designation":[{"use":{"system":"http://terminology.hl7.org/CodeSystem/designation-usage","code":"display"},"value":"NKILONGO"}]},{"code":"25","display":"SIPHOFANENI","designation":[{"use":{"system":"http://terminology.hl7.org/CodeSystem/designation-usage","code":"display"},"value":"SIPHOFANENI"}]},{"code":"26","display":"SITHOBELA","designation":[{"use":{"system":"http://terminology.hl7.org/CodeSystem/designation-usage","code":"display"},"value":"SITHOBELA"}]},{"code":"27","display":"KUKHANYENI","designation":[{"use":{"system":"http://terminology.hl7.org/CodeSystem/designation-usage","code":"display"},"value":"KUKHANYENI"}]},{"code":"28","display":"KWALUSENI","designation":[{"use":{"system":"http://terminology.hl7.org/CodeSystem/designation-usage","code":"display"},"value":"KWALUSENI"}]},{"code":"29","display":"LAMGABHI","designation":[{"use":{"system":"http://terminology.hl7.org/CodeSystem/designation-usage","code":"display"},"value":"LAMGABHI"}]},{"code":"30","display":"LOBAMBA LOMDZALA","designation":[{"use":{"system":"http://terminology.hl7.org/CodeSystem/designation-usage","code":"display"},"value":"LOBAMBA LOMDZALA"}]},{"code":"31","display":"LUDZELUDZE","designation":[{"use":{"system":"http://terminology.hl7.org/CodeSystem/designation-usage","code":"display"},"value":"LUDZELUDZE"}]},{"code":"32","display":"MAFUTSENI","designation":[{"use":{"system":"http://terminology.hl7.org/CodeSystem/designation-usage","code":"display"},"value":"MAFUTSENI"}]},{"code":"33","display":"MAHLANGATSHA","designation":[{"use":{"system":"http://terminology.hl7.org/CodeSystem/designation-usage","code":"display"},"value":"MAHLANGATSHA"}]},{"code":"34","display":"MANGCONGCO","designation":[{"use":{"system":"http://terminology.hl7.org/CodeSystem/designation-usage","code":"display"},"value":"MANGCONGCO"}]},{"code":"35","display":"MANZINI NORTH","designation":[{"use":{"system":"http://terminology.hl7.org/CodeSystem/designation-usage","code":"display"},"value":"MANZINI NORTH"}]},{"code":"36","display":"MANZINI SOUTH","designation":[{"use":{"system":"http://terminology.hl7.org/CodeSystem/designation-usage","code":"display"},"value":"MANZINI SOUTH"}]},{"code":"37","display":"MHLAMBANYATSI","designation":[{"use":{"system":"http://terminology.hl7.org/CodeSystem/designation-usage","code":"display"},"value":"MHLAMBANYATSI"}]},{"code":"38","display":"MKHIWENI","designation":[{"use":{"system":"http://terminology.hl7.org/CodeSystem/designation-usage","code":"display"},"value":"MKHIWENI"}]},{"code":"39","display":"MTFONGWANENI","designation":[{"use":{"system":"http://terminology.hl7.org/CodeSystem/designation-usage","code":"display"},"value":"MTFONGWANENI"}]},{"code":"40","display":"NGWEMPISI","designation":[{"use":{"system":"http://terminology.hl7.org/CodeSystem/designation-usage","code":"display"},"value":"NGWEMPISI"}]},{"code":"41","display":"NHLAMBENI","designation":[{"use":{"system":"http://terminology.hl7.org/CodeSystem/designation-usage","code":"display"},"value":"NHLAMBENI"}]},{"code":"42","display":"NKOMIYAHLABA","designation":[{"use":{"system":"http://terminology.hl7.org/CodeSystem/designation-usage","code":"display"},"value":"NKOMIYAHLABA"}]},{"code":"43","display":"NTONDOZI","designation":[{"use":{"system":"http://terminology.hl7.org/CodeSystem/designation-usage","code":"display"},"value":"NTONDOZI"}]},{"code":"44","display":"PHONDO","designation":[{"use":{"system":"http://terminology.hl7.org/CodeSystem/designation-usage","code":"display"},"value":"PHONDO"}]},{"code":"45","display":"GEGE","designation":[{"use":{"system":"http://terminology.hl7.org/CodeSystem/designation-usage","code":"display"},"value":"GEGE"}]},{"code":"46","display":"HOSEA","designation":[{"use":{"system":"http://terminology.hl7.org/CodeSystem/designation-usage","code":"display"},"value":"HOSEA"}]},{"code":"47","display":"KUBUTA","designation":[{"use":{"system":"http://terminology.hl7.org/CodeSystem/designation-usage","code":"display"},"value":"KUBUTA"}]},{"code":"48","display":"KUMETHULA","designation":[{"use":{"system":"http://terminology.hl7.org/CodeSystem/designation-usage","code":"display"},"value":"KUMETHULA"}]},{"code":"49","display":"MASEYISINI","designation":[{"use":{"system":"http://terminology.hl7.org/CodeSystem/designation-usage","code":"display"},"value":"MASEYISINI"}]},{"code":"50","display":"MATSANJENI SOUTH","designation":[{"use":{"system":"http://terminology.hl7.org/CodeSystem/designation-usage","code":"display"},"value":"MATSANJENI SOUTH"}]},{"code":"51","display":"MTSAMBAMA","designation":[{"use":{"system":"http://terminology.hl7.org/CodeSystem/designation-usage","code":"display"},"value":"MTSAMBAMA"}]},{"code":"52","display":"NGUDZENI","designation":[{"use":{"system":"http://terminology.hl7.org/CodeSystem/designation-usage","code":"display"},"value":"NGUDZENI"}]},{"code":"53","display":"NKWENE","designation":[{"use":{"system":"http://terminology.hl7.org/CodeSystem/designation-usage","code":"display"},"value":"NKWENE"}]},{"code":"54","display":"SANDLENI","designation":[{"use":{"system":"http://terminology.hl7.org/CodeSystem/designation-usage","code":"display"},"value":"SANDLENI"}]},{"code":"55","display":"SHISELWENI I","designation":[{"use":{"system":"http://terminology.hl7.org/CodeSystem/designation-usage","code":"display"},"value":"SHISELWENI I"}]},{"code":"56","display":"SHISELWENI II","designation":[{"use":{"system":"http://terminology.hl7.org/CodeSystem/designation-usage","code":"display"},"value":"SHISELWENI II"}]},{"code":"57","display":"SIGWE","designation":[{"use":{"system":"http://terminology.hl7.org/CodeSystem/designation-usage","code":"display"},"value":"SIGWE"}]},{"code":"58","display":"SOMNTONGO","designation":[{"use":{"system":"http://terminology.hl7.org/CodeSystem/designation-usage","code":"display"},"value":"SOMNTONGO"}]},{"code":"59","display":"ZOMBODZE EMUVA","designation":[{"use":{"system":"http://terminology.hl7.org/CodeSystem/designation-usage","code":"display"},"value":"ZOMBODZE EMUVA"}]},{"code":"60","display":"MOTSHANE","designation":[{"use":{"system":"http://terminology.hl7.org/CodeSystem/designation-usage","code":"display"},"value":"MOTSHANE"}]}]}