{"resourceType":"CodeSystem","id":"SzEncounterClassificationCS","text":{"status":"generated","div":"<div xmlns=\"http://www.w3.org/1999/xhtml\"><p class=\"res-header-id\"><b>Generated Narrative: CodeSystem SzEncounterClassificationCS</b></p><a name=\"SzEncounterClassificationCS\"> </a><a name=\"hcSzEncounterClassificationCS\"> </a><p>This  code system <code>http://172.209.216.154:3447/fhir/CodeSystem/SzEncounterClassificationCS</code> defines the following codes:</p><table class=\"codes\"><tr><td style=\"white-space:nowrap\"><b>Code</b></td><td><b>Display</b></td></tr><tr><td style=\"white-space:nowrap\">OPD<a name=\"SzEncounterClassificationCS-OPD\"> </a></td><td>Out Patient Department</td></tr><tr><td style=\"white-space:nowrap\">IPD<a name=\"SzEncounterClassificationCS-IPD\"> </a></td><td>In Patient Department</td></tr><tr><td style=\"white-space:nowrap\">EMG<a name=\"SzEncounterClassificationCS-EMG\"> </a></td><td>Emergency</td></tr></table></div>"},"url":"http://172.209.216.154:3447/fhir/CodeSystem/SzEncounterClassificationCS","version":"0.1.0","name":"EswatiniEncounterClassification","title":"Code System: Encounter Classification","status":"active","experimental":false,"date":"2025-07-16T14:06:30+00:00","publisher":"Ministry of Health Eswatini","contact":[{"name":"Ministry of Health Eswatini","telecom":[{"system":"url","value":"https://172.209.216.154:3447"},{"system":"email","value":"eswatinihie@moh.gov.sz"}]}],"description":"Data element that contains the classification of encounters.","content":"complete","count":3,"concept":[{"code":"OPD","display":"Out Patient Department","designation":[{"use":{"system":"http://terminology.hl7.org/CodeSystem/designation-usage","code":"display"},"value":"Out Patient Department"}]},{"code":"IPD","display":"In Patient Department","designation":[{"use":{"system":"http://terminology.hl7.org/CodeSystem/designation-usage","code":"display"},"value":"In Patient Department"}]},{"code":"EMG","display":"Emergency","designation":[{"use":{"system":"http://terminology.hl7.org/CodeSystem/designation-usage","code":"display"},"value":"Emergency"}]}]}