{"resourceType":"CodeSystem","id":"SzChiefdomCS","text":{"status":"generated","div":"<div xmlns=\"http://www.w3.org/1999/xhtml\"><p class=\"res-header-id\"><b>Generated Narrative: CodeSystem SzChiefdomCS</b></p><a name=\"SzChiefdomCS\"> </a><a name=\"hcSzChiefdomCS\"> </a><p>This  code system <code>http://172.209.216.154:3447/fhir/CodeSystem/SzChiefdomCS</code> defines the following codes:</p><table class=\"codes\"><tr><td style=\"white-space:nowrap\"><b>Code</b></td><td><b>Display</b></td></tr><tr><td style=\"white-space:nowrap\">-99<a name=\"SzChiefdomCS--99\"> </a></td><td>Unspecified</td></tr><tr><td style=\"white-space:nowrap\">1<a name=\"SzChiefdomCS-1\"> </a></td><td>Lamgabhi </td></tr><tr><td style=\"white-space:nowrap\">2<a name=\"SzChiefdomCS-2\"> </a></td><td>Dlangeni</td></tr><tr><td style=\"white-space:nowrap\">3<a name=\"SzChiefdomCS-3\"> </a></td><td>Kasiko</td></tr><tr><td style=\"white-space:nowrap\">4<a name=\"SzChiefdomCS-4\"> </a></td><td>Sitseni</td></tr><tr><td style=\"white-space:nowrap\">5<a name=\"SzChiefdomCS-5\"> </a></td><td>Zulwini</td></tr><tr><td style=\"white-space:nowrap\">6<a name=\"SzChiefdomCS-6\"> </a></td><td>ELangeni</td></tr><tr><td style=\"white-space:nowrap\">7<a name=\"SzChiefdomCS-7\"> </a></td><td>Lobamba </td></tr><tr><td style=\"white-space:nowrap\">8<a name=\"SzChiefdomCS-8\"> </a></td><td>Nkhanini</td></tr><tr><td style=\"white-space:nowrap\">9<a name=\"SzChiefdomCS-9\"> </a></td><td>Zabeni</td></tr><tr><td style=\"white-space:nowrap\">10<a name=\"SzChiefdomCS-10\"> </a></td><td>Zandondo</td></tr><tr><td style=\"white-space:nowrap\">11<a name=\"SzChiefdomCS-11\"> </a></td><td>Gucuka </td></tr><tr><td style=\"white-space:nowrap\">12<a name=\"SzChiefdomCS-12\"> </a></td><td>Tfuntini/Buhlebuyeza    </td></tr><tr><td style=\"white-space:nowrap\">13<a name=\"SzChiefdomCS-13\"> </a></td><td>Dvokolwako / Ekuphakameni</td></tr><tr><td style=\"white-space:nowrap\">14<a name=\"SzChiefdomCS-14\"> </a></td><td>Ekukhulumeni/ Mandlangempisi</td></tr><tr><td style=\"white-space:nowrap\">15<a name=\"SzChiefdomCS-15\"> </a></td><td>Nyonyane/ Maguga</td></tr><tr><td style=\"white-space:nowrap\">16<a name=\"SzChiefdomCS-16\"> </a></td><td>Mavula</td></tr><tr><td style=\"white-space:nowrap\">17<a name=\"SzChiefdomCS-17\"> </a></td><td>Maphalaleni</td></tr><tr><td style=\"white-space:nowrap\">18<a name=\"SzChiefdomCS-18\"> </a></td><td>Dlozini</td></tr><tr><td style=\"white-space:nowrap\">19<a name=\"SzChiefdomCS-19\"> </a></td><td>Mcengeni</td></tr><tr><td style=\"white-space:nowrap\">20<a name=\"SzChiefdomCS-20\"> </a></td><td>Madlolo</td></tr><tr><td style=\"white-space:nowrap\">21<a name=\"SzChiefdomCS-21\"> </a></td><td>Nsingweni</td></tr><tr><td style=\"white-space:nowrap\">22<a name=\"SzChiefdomCS-22\"> </a></td><td>Mfeni</td></tr><tr><td style=\"white-space:nowrap\">23<a name=\"SzChiefdomCS-23\"> </a></td><td>Mkhuzweni</td></tr><tr><td style=\"white-space:nowrap\">24<a name=\"SzChiefdomCS-24\"> </a></td><td>Mfasini</td></tr><tr><td style=\"white-space:nowrap\">25<a name=\"SzChiefdomCS-25\"> </a></td><td>Mkhweni</td></tr><tr><td style=\"white-space:nowrap\">26<a name=\"SzChiefdomCS-26\"> </a></td><td>Mavula</td></tr><tr><td style=\"white-space:nowrap\">27<a name=\"SzChiefdomCS-27\"> </a></td><td>Herefords</td></tr><tr><td style=\"white-space:nowrap\">28<a name=\"SzChiefdomCS-28\"> </a></td><td>Msunduza</td></tr><tr><td style=\"white-space:nowrap\">29<a name=\"SzChiefdomCS-29\"> </a></td><td>Fontein</td></tr><tr><td style=\"white-space:nowrap\">30<a name=\"SzChiefdomCS-30\"> </a></td><td>Sidwashini</td></tr><tr><td style=\"white-space:nowrap\">31<a name=\"SzChiefdomCS-31\"> </a></td><td>Mdzimba/Lofokati</td></tr><tr><td style=\"white-space:nowrap\">32<a name=\"SzChiefdomCS-32\"> </a></td><td>Manzana</td></tr><tr><td style=\"white-space:nowrap\">33<a name=\"SzChiefdomCS-33\"> </a></td><td>Nkwalini </td></tr><tr><td style=\"white-space:nowrap\">34<a name=\"SzChiefdomCS-34\"> </a></td><td>Mangwaneni </td></tr><tr><td style=\"white-space:nowrap\">35<a name=\"SzChiefdomCS-35\"> </a></td><td>Mangweni</td></tr><tr><td style=\"white-space:nowrap\">36<a name=\"SzChiefdomCS-36\"> </a></td><td>Ndvwabangeni</td></tr><tr><td style=\"white-space:nowrap\">37<a name=\"SzChiefdomCS-37\"> </a></td><td>Nhlanguyavuka</td></tr><tr><td style=\"white-space:nowrap\">38<a name=\"SzChiefdomCS-38\"> </a></td><td>Zinyane </td></tr><tr><td style=\"white-space:nowrap\">39<a name=\"SzChiefdomCS-39\"> </a></td><td>Emalibeni   </td></tr><tr><td style=\"white-space:nowrap\">40<a name=\"SzChiefdomCS-40\"> </a></td><td>Sidvwashini</td></tr><tr><td style=\"white-space:nowrap\">41<a name=\"SzChiefdomCS-41\"> </a></td><td>Nyakatfo</td></tr><tr><td style=\"white-space:nowrap\">42<a name=\"SzChiefdomCS-42\"> </a></td><td>Mphofu</td></tr><tr><td style=\"white-space:nowrap\">43<a name=\"SzChiefdomCS-43\"> </a></td><td>Mgungundlovu</td></tr><tr><td style=\"white-space:nowrap\">44<a name=\"SzChiefdomCS-44\"> </a></td><td>Nkamanzi</td></tr><tr><td style=\"white-space:nowrap\">45<a name=\"SzChiefdomCS-45\"> </a></td><td>Ludlawini </td></tr><tr><td style=\"white-space:nowrap\">46<a name=\"SzChiefdomCS-46\"> </a></td><td>Mvuma</td></tr><tr><td style=\"white-space:nowrap\">47<a name=\"SzChiefdomCS-47\"> </a></td><td>Bulandzeni</td></tr><tr><td style=\"white-space:nowrap\">48<a name=\"SzChiefdomCS-48\"> </a></td><td>Ndzingeni</td></tr><tr><td style=\"white-space:nowrap\">49<a name=\"SzChiefdomCS-49\"> </a></td><td>Kwaliweni</td></tr><tr><td style=\"white-space:nowrap\">50<a name=\"SzChiefdomCS-50\"> </a></td><td>Meleti</td></tr><tr><td style=\"white-space:nowrap\">51<a name=\"SzChiefdomCS-51\"> </a></td><td>Ntsanjeni</td></tr><tr><td style=\"white-space:nowrap\">52<a name=\"SzChiefdomCS-52\"> </a></td><td>Ejubukweni</td></tr><tr><td style=\"white-space:nowrap\">53<a name=\"SzChiefdomCS-53\"> </a></td><td>Malanti</td></tr><tr><td style=\"white-space:nowrap\">54<a name=\"SzChiefdomCS-54\"> </a></td><td>Nkhaba</td></tr><tr><td style=\"white-space:nowrap\">55<a name=\"SzChiefdomCS-55\"> </a></td><td>Kuvinjelweni</td></tr><tr><td style=\"white-space:nowrap\">56<a name=\"SzChiefdomCS-56\"> </a></td><td>Vusweni</td></tr><tr><td style=\"white-space:nowrap\">57<a name=\"SzChiefdomCS-57\"> </a></td><td>Mshingishingini</td></tr><tr><td style=\"white-space:nowrap\">58<a name=\"SzChiefdomCS-58\"> </a></td><td>ka-Hhohho</td></tr><tr><td style=\"white-space:nowrap\">59<a name=\"SzChiefdomCS-59\"> </a></td><td>Lomshiyo</td></tr><tr><td style=\"white-space:nowrap\">60<a name=\"SzChiefdomCS-60\"> </a></td><td>Emvembili</td></tr><tr><td style=\"white-space:nowrap\">61<a name=\"SzChiefdomCS-61\"> </a></td><td>Kandwandwa</td></tr><tr><td style=\"white-space:nowrap\">62<a name=\"SzChiefdomCS-62\"> </a></td><td>Hhelehhele</td></tr><tr><td style=\"white-space:nowrap\">63<a name=\"SzChiefdomCS-63\"> </a></td><td>Bulembu (Luhhumaneni 1)</td></tr><tr><td style=\"white-space:nowrap\">64<a name=\"SzChiefdomCS-64\"> </a></td><td>Luhhumaneni/kaNdeva</td></tr><tr><td style=\"white-space:nowrap\">65<a name=\"SzChiefdomCS-65\"> </a></td><td>Luhlangotsini</td></tr><tr><td style=\"white-space:nowrap\">66<a name=\"SzChiefdomCS-66\"> </a></td><td>Piggs Peak</td></tr><tr><td style=\"white-space:nowrap\">67<a name=\"SzChiefdomCS-67\"> </a></td><td>Nginamadvolo</td></tr><tr><td style=\"white-space:nowrap\">68<a name=\"SzChiefdomCS-68\"> </a></td><td>Nsangwini</td></tr><tr><td style=\"white-space:nowrap\">69<a name=\"SzChiefdomCS-69\"> </a></td><td>Siphocosini</td></tr><tr><td style=\"white-space:nowrap\">70<a name=\"SzChiefdomCS-70\"> </a></td><td>Sigangeni</td></tr><tr><td style=\"white-space:nowrap\">71<a name=\"SzChiefdomCS-71\"> </a></td><td>Luhlendlweni</td></tr><tr><td style=\"white-space:nowrap\">72<a name=\"SzChiefdomCS-72\"> </a></td><td>Mantabeni</td></tr><tr><td style=\"white-space:nowrap\">73<a name=\"SzChiefdomCS-73\"> </a></td><td>Mashobeni North</td></tr><tr><td style=\"white-space:nowrap\">74<a name=\"SzChiefdomCS-74\"> </a></td><td>Mvembili</td></tr><tr><td style=\"white-space:nowrap\">75<a name=\"SzChiefdomCS-75\"> </a></td><td>Ludzibini</td></tr><tr><td style=\"white-space:nowrap\">76<a name=\"SzChiefdomCS-76\"> </a></td><td>Hhohho</td></tr><tr><td style=\"white-space:nowrap\">77<a name=\"SzChiefdomCS-77\"> </a></td><td>Hlane</td></tr><tr><td style=\"white-space:nowrap\">78<a name=\"SzChiefdomCS-78\"> </a></td><td>Malindza</td></tr><tr><td style=\"white-space:nowrap\">79<a name=\"SzChiefdomCS-79\"> </a></td><td>Mdumezulu</td></tr><tr><td style=\"white-space:nowrap\">80<a name=\"SzChiefdomCS-80\"> </a></td><td>Njabulweni</td></tr><tr><td style=\"white-space:nowrap\">81<a name=\"SzChiefdomCS-81\"> </a></td><td>Ntandweni (Malindza)</td></tr><tr><td style=\"white-space:nowrap\">82<a name=\"SzChiefdomCS-82\"> </a></td><td>Etjedze</td></tr><tr><td style=\"white-space:nowrap\">83<a name=\"SzChiefdomCS-83\"> </a></td><td>Sigcaweni West</td></tr><tr><td style=\"white-space:nowrap\">84<a name=\"SzChiefdomCS-84\"> </a></td><td>Macetjeni (Mabondvweni)</td></tr><tr><td style=\"white-space:nowrap\">85<a name=\"SzChiefdomCS-85\"> </a></td><td>Hlutse</td></tr><tr><td style=\"white-space:nowrap\">86<a name=\"SzChiefdomCS-86\"> </a></td><td>Macetjeni</td></tr><tr><td style=\"white-space:nowrap\">87<a name=\"SzChiefdomCS-87\"> </a></td><td>Vikizijula</td></tr><tr><td style=\"white-space:nowrap\">88<a name=\"SzChiefdomCS-88\"> </a></td><td>Bulunga</td></tr><tr><td style=\"white-space:nowrap\">89<a name=\"SzChiefdomCS-89\"> </a></td><td>Lomahasha</td></tr><tr><td style=\"white-space:nowrap\">90<a name=\"SzChiefdomCS-90\"> </a></td><td>Shewula</td></tr><tr><td style=\"white-space:nowrap\">91<a name=\"SzChiefdomCS-91\"> </a></td><td>kaVuma</td></tr><tr><td style=\"white-space:nowrap\">92<a name=\"SzChiefdomCS-92\"> </a></td><td>Canter berry</td></tr><tr><td style=\"white-space:nowrap\">93<a name=\"SzChiefdomCS-93\"> </a></td><td>Mabantaneni</td></tr><tr><td style=\"white-space:nowrap\">94<a name=\"SzChiefdomCS-94\"> </a></td><td>Ntuthwakazi</td></tr><tr><td style=\"white-space:nowrap\">95<a name=\"SzChiefdomCS-95\"> </a></td><td>kaLanga</td></tr><tr><td style=\"white-space:nowrap\">96<a name=\"SzChiefdomCS-96\"> </a></td><td>Makhewu</td></tr><tr><td style=\"white-space:nowrap\">97<a name=\"SzChiefdomCS-97\"> </a></td><td>Mlindazwe</td></tr><tr><td style=\"white-space:nowrap\">98<a name=\"SzChiefdomCS-98\"> </a></td><td>Sitsatsaweni</td></tr><tr><td style=\"white-space:nowrap\">99<a name=\"SzChiefdomCS-99\"> </a></td><td>Lukhetseni</td></tr><tr><td style=\"white-space:nowrap\">100<a name=\"SzChiefdomCS-100\"> </a></td><td>Mambane</td></tr><tr><td style=\"white-space:nowrap\">101<a name=\"SzChiefdomCS-101\"> </a></td><td>Maphungwane</td></tr><tr><td style=\"white-space:nowrap\">102<a name=\"SzChiefdomCS-102\"> </a></td><td>Tikhuba</td></tr><tr><td style=\"white-space:nowrap\">103<a name=\"SzChiefdomCS-103\"> </a></td><td>Mafucula</td></tr><tr><td style=\"white-space:nowrap\">104<a name=\"SzChiefdomCS-104\"> </a></td><td>Mhlume</td></tr><tr><td style=\"white-space:nowrap\">105<a name=\"SzChiefdomCS-105\"> </a></td><td>Simunye</td></tr><tr><td style=\"white-space:nowrap\">106<a name=\"SzChiefdomCS-106\"> </a></td><td>Tambankulu</td></tr><tr><td style=\"white-space:nowrap\">107<a name=\"SzChiefdomCS-107\"> </a></td><td>Tshaneni</td></tr><tr><td style=\"white-space:nowrap\">108<a name=\"SzChiefdomCS-108\"> </a></td><td>Vuvulane</td></tr><tr><td style=\"white-space:nowrap\">109<a name=\"SzChiefdomCS-109\"> </a></td><td>Tsambokhulu</td></tr><tr><td style=\"white-space:nowrap\">110<a name=\"SzChiefdomCS-110\"> </a></td><td>kaShoba</td></tr><tr><td style=\"white-space:nowrap\">111<a name=\"SzChiefdomCS-111\"> </a></td><td>Mpolonjeni</td></tr><tr><td style=\"white-space:nowrap\">112<a name=\"SzChiefdomCS-112\"> </a></td><td>Ndzangu</td></tr><tr><td style=\"white-space:nowrap\">113<a name=\"SzChiefdomCS-113\"> </a></td><td>Ngcina</td></tr><tr><td style=\"white-space:nowrap\">114<a name=\"SzChiefdomCS-114\"> </a></td><td>Sigcaweni East</td></tr><tr><td style=\"white-space:nowrap\">115<a name=\"SzChiefdomCS-115\"> </a></td><td>Crooks Plantations</td></tr><tr><td style=\"white-space:nowrap\">116<a name=\"SzChiefdomCS-116\"> </a></td><td>Gamula</td></tr><tr><td style=\"white-space:nowrap\">117<a name=\"SzChiefdomCS-117\"> </a></td><td>Lunkuntfu</td></tr><tr><td style=\"white-space:nowrap\">118<a name=\"SzChiefdomCS-118\"> </a></td><td>Nkhanini/Lusabeni</td></tr><tr><td style=\"white-space:nowrap\">119<a name=\"SzChiefdomCS-119\"> </a></td><td>Illovo/Mayaluka</td></tr><tr><td style=\"white-space:nowrap\">120<a name=\"SzChiefdomCS-120\"> </a></td><td>Phafeni</td></tr><tr><td style=\"white-space:nowrap\">121<a name=\"SzChiefdomCS-121\"> </a></td><td>Madlenya</td></tr><tr><td style=\"white-space:nowrap\">122<a name=\"SzChiefdomCS-122\"> </a></td><td>Maphilingo</td></tr><tr><td style=\"white-space:nowrap\">123<a name=\"SzChiefdomCS-123\"> </a></td><td>kaMkhweli</td></tr><tr><td style=\"white-space:nowrap\">124<a name=\"SzChiefdomCS-124\"> </a></td><td>Mphumakudze</td></tr><tr><td style=\"white-space:nowrap\">125<a name=\"SzChiefdomCS-125\"> </a></td><td>Nceka</td></tr><tr><td style=\"white-space:nowrap\">126<a name=\"SzChiefdomCS-126\"> </a></td><td>Ngevini</td></tr><tr><td style=\"white-space:nowrap\">127<a name=\"SzChiefdomCS-127\"> </a></td><td>Tambuti</td></tr><tr><td style=\"white-space:nowrap\">128<a name=\"SzChiefdomCS-128\"> </a></td><td>Luhlanyeni</td></tr><tr><td style=\"white-space:nowrap\">129<a name=\"SzChiefdomCS-129\"> </a></td><td>Mamisa</td></tr><tr><td style=\"white-space:nowrap\">130<a name=\"SzChiefdomCS-130\"> </a></td><td>Nkonjwa</td></tr><tr><td style=\"white-space:nowrap\">131<a name=\"SzChiefdomCS-131\"> </a></td><td>Nokwane</td></tr><tr><td style=\"white-space:nowrap\">132<a name=\"SzChiefdomCS-132\"> </a></td><td>Nyakeni</td></tr><tr><td style=\"white-space:nowrap\">133<a name=\"SzChiefdomCS-133\"> </a></td><td>Nkiliji</td></tr><tr><td style=\"white-space:nowrap\">134<a name=\"SzChiefdomCS-134\"> </a></td><td>Bhekinkhosi</td></tr><tr><td style=\"white-space:nowrap\">135<a name=\"SzChiefdomCS-135\"> </a></td><td>Nswaceni</td></tr><tr><td style=\"white-space:nowrap\">136<a name=\"SzChiefdomCS-136\"> </a></td><td>Mkhulamini</td></tr><tr><td style=\"white-space:nowrap\">137<a name=\"SzChiefdomCS-137\"> </a></td><td>Maliyaduma</td></tr><tr><td style=\"white-space:nowrap\">138<a name=\"SzChiefdomCS-138\"> </a></td><td>Mbeka</td></tr><tr><td style=\"white-space:nowrap\">139<a name=\"SzChiefdomCS-139\"> </a></td><td>Kwaluseni</td></tr><tr><td style=\"white-space:nowrap\">140<a name=\"SzChiefdomCS-140\"> </a></td><td>Logoba</td></tr><tr><td style=\"white-space:nowrap\">141<a name=\"SzChiefdomCS-141\"> </a></td><td>Mhlane</td></tr><tr><td style=\"white-space:nowrap\">142<a name=\"SzChiefdomCS-142\"> </a></td><td>Lamgabhi</td></tr><tr><td style=\"white-space:nowrap\">143<a name=\"SzChiefdomCS-143\"> </a></td><td>Dvudvusini</td></tr><tr><td style=\"white-space:nowrap\">144<a name=\"SzChiefdomCS-144\"> </a></td><td>Luhleko</td></tr><tr><td style=\"white-space:nowrap\">145<a name=\"SzChiefdomCS-145\"> </a></td><td>Emhlangeni</td></tr><tr><td style=\"white-space:nowrap\">146<a name=\"SzChiefdomCS-146\"> </a></td><td>Nhlulweni</td></tr><tr><td style=\"white-space:nowrap\">147<a name=\"SzChiefdomCS-147\"> </a></td><td>Kufinyeni</td></tr><tr><td style=\"white-space:nowrap\">148<a name=\"SzChiefdomCS-148\"> </a></td><td>Luyengo</td></tr><tr><td style=\"white-space:nowrap\">149<a name=\"SzChiefdomCS-149\"> </a></td><td>Mahlanya</td></tr><tr><td style=\"white-space:nowrap\">150<a name=\"SzChiefdomCS-150\"> </a></td><td>Ngwenyameni</td></tr><tr><td style=\"white-space:nowrap\">151<a name=\"SzChiefdomCS-151\"> </a></td><td>Mbekelweni</td></tr><tr><td style=\"white-space:nowrap\">152<a name=\"SzChiefdomCS-152\"> </a></td><td>Zombodze</td></tr><tr><td style=\"white-space:nowrap\">153<a name=\"SzChiefdomCS-153\"> </a></td><td>Lozitha</td></tr><tr><td style=\"white-space:nowrap\">154<a name=\"SzChiefdomCS-154\"> </a></td><td>Nkamanzi</td></tr><tr><td style=\"white-space:nowrap\">155<a name=\"SzChiefdomCS-155\"> </a></td><td>Kudzeni</td></tr><tr><td style=\"white-space:nowrap\">156<a name=\"SzChiefdomCS-156\"> </a></td><td>Ngculwini</td></tr><tr><td style=\"white-space:nowrap\">157<a name=\"SzChiefdomCS-157\"> </a></td><td>Ka-Nkhambule</td></tr><tr><td style=\"white-space:nowrap\">158<a name=\"SzChiefdomCS-158\"> </a></td><td>Mafutseni</td></tr><tr><td style=\"white-space:nowrap\">159<a name=\"SzChiefdomCS-159\"> </a></td><td>Luhlokohla</td></tr><tr><td style=\"white-space:nowrap\">160<a name=\"SzChiefdomCS-160\"> </a></td><td>Timbutini</td></tr><tr><td style=\"white-space:nowrap\">161<a name=\"SzChiefdomCS-161\"> </a></td><td>Bhudla</td></tr><tr><td style=\"white-space:nowrap\">162<a name=\"SzChiefdomCS-162\"> </a></td><td>Mgomfelweni</td></tr><tr><td style=\"white-space:nowrap\">163<a name=\"SzChiefdomCS-163\"> </a></td><td>Luzelweni</td></tr><tr><td style=\"white-space:nowrap\">164<a name=\"SzChiefdomCS-164\"> </a></td><td>Mambatfweni</td></tr><tr><td style=\"white-space:nowrap\">165<a name=\"SzChiefdomCS-165\"> </a></td><td>Nsangwini</td></tr><tr><td style=\"white-space:nowrap\">166<a name=\"SzChiefdomCS-166\"> </a></td><td>Mpolonjeni</td></tr><tr><td style=\"white-space:nowrap\">167<a name=\"SzChiefdomCS-167\"> </a></td><td>Ludvondvolweni</td></tr><tr><td style=\"white-space:nowrap\">168<a name=\"SzChiefdomCS-168\"> </a></td><td>KaZulu</td></tr><tr><td style=\"white-space:nowrap\">169<a name=\"SzChiefdomCS-169\"> </a></td><td>Nciniselweni</td></tr><tr><td style=\"white-space:nowrap\">170<a name=\"SzChiefdomCS-170\"> </a></td><td>Ndzeleni</td></tr><tr><td style=\"white-space:nowrap\">171<a name=\"SzChiefdomCS-171\"> </a></td><td>Sigcineni </td></tr><tr><td style=\"white-space:nowrap\">172<a name=\"SzChiefdomCS-172\"> </a></td><td>Bhahwini</td></tr><tr><td style=\"white-space:nowrap\">173<a name=\"SzChiefdomCS-173\"> </a></td><td>Mangcongco/Zenukeni</td></tr><tr><td style=\"white-space:nowrap\">174<a name=\"SzChiefdomCS-174\"> </a></td><td>Sandlane/Ekuthuleni</td></tr><tr><td style=\"white-space:nowrap\">175<a name=\"SzChiefdomCS-175\"> </a></td><td>Mabhukwini</td></tr><tr><td style=\"white-space:nowrap\">176<a name=\"SzChiefdomCS-176\"> </a></td><td>Dwalile</td></tr><tr><td style=\"white-space:nowrap\">177<a name=\"SzChiefdomCS-177\"> </a></td><td>Makholweni</td></tr><tr><td style=\"white-space:nowrap\">178<a name=\"SzChiefdomCS-178\"> </a></td><td>St Pauls</td></tr><tr><td style=\"white-space:nowrap\">179<a name=\"SzChiefdomCS-179\"> </a></td><td>Mnyenyweni</td></tr><tr><td style=\"white-space:nowrap\">180<a name=\"SzChiefdomCS-180\"> </a></td><td>Manzini Central</td></tr><tr><td style=\"white-space:nowrap\">181<a name=\"SzChiefdomCS-181\"> </a></td><td>Dwaleni</td></tr><tr><td style=\"white-space:nowrap\">182<a name=\"SzChiefdomCS-182\"> </a></td><td>Mzimnene</td></tr><tr><td style=\"white-space:nowrap\">183<a name=\"SzChiefdomCS-183\"> </a></td><td>Mhobodleni</td></tr><tr><td style=\"white-space:nowrap\">184<a name=\"SzChiefdomCS-184\"> </a></td><td>Mjingo </td></tr><tr><td style=\"white-space:nowrap\">185<a name=\"SzChiefdomCS-185\"> </a></td><td>Moneni</td></tr><tr><td style=\"white-space:nowrap\">186<a name=\"SzChiefdomCS-186\"> </a></td><td>Ticancweni</td></tr><tr><td style=\"white-space:nowrap\">187<a name=\"SzChiefdomCS-187\"> </a></td><td>Zakhele</td></tr><tr><td style=\"white-space:nowrap\">188<a name=\"SzChiefdomCS-188\"> </a></td><td>Ngwane Park</td></tr><tr><td style=\"white-space:nowrap\">189<a name=\"SzChiefdomCS-189\"> </a></td><td>Zondwako</td></tr><tr><td style=\"white-space:nowrap\">190<a name=\"SzChiefdomCS-190\"> </a></td><td>Lundzi</td></tr><tr><td style=\"white-space:nowrap\">191<a name=\"SzChiefdomCS-191\"> </a></td><td>Dingizwe</td></tr><tr><td style=\"white-space:nowrap\">192<a name=\"SzChiefdomCS-192\"> </a></td><td>Mlindazwe</td></tr><tr><td style=\"white-space:nowrap\">193<a name=\"SzChiefdomCS-193\"> </a></td><td>Mbangave</td></tr><tr><td style=\"white-space:nowrap\">194<a name=\"SzChiefdomCS-194\"> </a></td><td>Bhunya</td></tr><tr><td style=\"white-space:nowrap\">195<a name=\"SzChiefdomCS-195\"> </a></td><td>Dvokolwako</td></tr><tr><td style=\"white-space:nowrap\">196<a name=\"SzChiefdomCS-196\"> </a></td><td>Mbelebeleni</td></tr><tr><td style=\"white-space:nowrap\">197<a name=\"SzChiefdomCS-197\"> </a></td><td>Kutsimuleni</td></tr><tr><td style=\"white-space:nowrap\">198<a name=\"SzChiefdomCS-198\"> </a></td><td>Khuphuka</td></tr><tr><td style=\"white-space:nowrap\">199<a name=\"SzChiefdomCS-199\"> </a></td><td>Likima</td></tr><tr><td style=\"white-space:nowrap\">200<a name=\"SzChiefdomCS-200\"> </a></td><td>Gundvwini</td></tr><tr><td style=\"white-space:nowrap\">201<a name=\"SzChiefdomCS-201\"> </a></td><td>Gundvwini/Lesibovu</td></tr><tr><td style=\"white-space:nowrap\">202<a name=\"SzChiefdomCS-202\"> </a></td><td>Lwandle</td></tr><tr><td style=\"white-space:nowrap\">203<a name=\"SzChiefdomCS-203\"> </a></td><td>Ndlandlameni</td></tr><tr><td style=\"white-space:nowrap\">204<a name=\"SzChiefdomCS-204\"> </a></td><td>Hlane/Bulunga</td></tr><tr><td style=\"white-space:nowrap\">205<a name=\"SzChiefdomCS-205\"> </a></td><td>Dladleni</td></tr><tr><td style=\"white-space:nowrap\">206<a name=\"SzChiefdomCS-206\"> </a></td><td>Ngcoseni</td></tr><tr><td style=\"white-space:nowrap\">207<a name=\"SzChiefdomCS-207\"> </a></td><td>Bhadzeni 1</td></tr><tr><td style=\"white-space:nowrap\">208<a name=\"SzChiefdomCS-208\"> </a></td><td>Velezizweni</td></tr><tr><td style=\"white-space:nowrap\">209<a name=\"SzChiefdomCS-209\"> </a></td><td>Macudvulwini</td></tr><tr><td style=\"white-space:nowrap\">210<a name=\"SzChiefdomCS-210\"> </a></td><td>Ngonini</td></tr><tr><td style=\"white-space:nowrap\">211<a name=\"SzChiefdomCS-211\"> </a></td><td>Njelu</td></tr><tr><td style=\"white-space:nowrap\">212<a name=\"SzChiefdomCS-212\"> </a></td><td>Mphankhomo</td></tr><tr><td style=\"white-space:nowrap\">213<a name=\"SzChiefdomCS-213\"> </a></td><td>Masundvwini</td></tr><tr><td style=\"white-space:nowrap\">214<a name=\"SzChiefdomCS-214\"> </a></td><td>Sibuyeni</td></tr><tr><td style=\"white-space:nowrap\">215<a name=\"SzChiefdomCS-215\"> </a></td><td>Vusweni</td></tr><tr><td style=\"white-space:nowrap\">216<a name=\"SzChiefdomCS-216\"> </a></td><td>Sigombeni</td></tr><tr><td style=\"white-space:nowrap\">217<a name=\"SzChiefdomCS-217\"> </a></td><td>Ntunja</td></tr><tr><td style=\"white-space:nowrap\">218<a name=\"SzChiefdomCS-218\"> </a></td><td>Eni</td></tr><tr><td style=\"white-space:nowrap\">219<a name=\"SzChiefdomCS-219\"> </a></td><td>Ngcayini</td></tr><tr><td style=\"white-space:nowrap\">220<a name=\"SzChiefdomCS-220\"> </a></td><td>Sankolweni</td></tr><tr><td style=\"white-space:nowrap\">221<a name=\"SzChiefdomCS-221\"> </a></td><td>Nsenga</td></tr><tr><td style=\"white-space:nowrap\">222<a name=\"SzChiefdomCS-222\"> </a></td><td>Nsingweni</td></tr><tr><td style=\"white-space:nowrap\">223<a name=\"SzChiefdomCS-223\"> </a></td><td>Ntondozi</td></tr><tr><td style=\"white-space:nowrap\">224<a name=\"SzChiefdomCS-224\"> </a></td><td>Ncabaneni</td></tr><tr><td style=\"white-space:nowrap\">225<a name=\"SzChiefdomCS-225\"> </a></td><td>Khalangilile</td></tr><tr><td style=\"white-space:nowrap\">226<a name=\"SzChiefdomCS-226\"> </a></td><td>Mphini</td></tr><tr><td style=\"white-space:nowrap\">227<a name=\"SzChiefdomCS-227\"> </a></td><td>Ndinda</td></tr><tr><td style=\"white-space:nowrap\">228<a name=\"SzChiefdomCS-228\"> </a></td><td>Ndlinilembi</td></tr><tr><td style=\"white-space:nowrap\">229<a name=\"SzChiefdomCS-229\"> </a></td><td>Gebeni</td></tr><tr><td style=\"white-space:nowrap\">230<a name=\"SzChiefdomCS-230\"> </a></td><td>Mgazini</td></tr><tr><td style=\"white-space:nowrap\">231<a name=\"SzChiefdomCS-231\"> </a></td><td>Bhadzeni 2</td></tr><tr><td style=\"white-space:nowrap\">232<a name=\"SzChiefdomCS-232\"> </a></td><td>Mahhashini</td></tr><tr><td style=\"white-space:nowrap\">233<a name=\"SzChiefdomCS-233\"> </a></td><td>Lushikishini</td></tr><tr><td style=\"white-space:nowrap\">234<a name=\"SzChiefdomCS-234\"> </a></td><td>Khabonina</td></tr><tr><td style=\"white-space:nowrap\">235<a name=\"SzChiefdomCS-235\"> </a></td><td>Dilini</td></tr><tr><td style=\"white-space:nowrap\">236<a name=\"SzChiefdomCS-236\"> </a></td><td>KaDinga</td></tr><tr><td style=\"white-space:nowrap\">237<a name=\"SzChiefdomCS-237\"> </a></td><td>kaTsambekwako</td></tr><tr><td style=\"white-space:nowrap\">238<a name=\"SzChiefdomCS-238\"> </a></td><td>Mashobeni</td></tr><tr><td style=\"white-space:nowrap\">239<a name=\"SzChiefdomCS-239\"> </a></td><td>Mhlahlweni </td></tr><tr><td style=\"white-space:nowrap\">240<a name=\"SzChiefdomCS-240\"> </a></td><td>Mlindazwe</td></tr><tr><td style=\"white-space:nowrap\">241<a name=\"SzChiefdomCS-241\"> </a></td><td>Nshamanti</td></tr><tr><td style=\"white-space:nowrap\">242<a name=\"SzChiefdomCS-242\"> </a></td><td>Nsukazi </td></tr><tr><td style=\"white-space:nowrap\">243<a name=\"SzChiefdomCS-243\"> </a></td><td>Sidwala</td></tr><tr><td style=\"white-space:nowrap\">244<a name=\"SzChiefdomCS-244\"> </a></td><td>Sisingeni</td></tr><tr><td style=\"white-space:nowrap\">245<a name=\"SzChiefdomCS-245\"> </a></td><td>Siyendle</td></tr><tr><td style=\"white-space:nowrap\">246<a name=\"SzChiefdomCS-246\"> </a></td><td>Bufaneni</td></tr><tr><td style=\"white-space:nowrap\">247<a name=\"SzChiefdomCS-247\"> </a></td><td>Hhohho Emuva</td></tr><tr><td style=\"white-space:nowrap\">248<a name=\"SzChiefdomCS-248\"> </a></td><td>kaLiba</td></tr><tr><td style=\"white-space:nowrap\">249<a name=\"SzChiefdomCS-249\"> </a></td><td>Lushini</td></tr><tr><td style=\"white-space:nowrap\">250<a name=\"SzChiefdomCS-250\"> </a></td><td>Manyiseni</td></tr><tr><td style=\"white-space:nowrap\">251<a name=\"SzChiefdomCS-251\"> </a></td><td>Nsingizini</td></tr><tr><td style=\"white-space:nowrap\">252<a name=\"SzChiefdomCS-252\"> </a></td><td>Ondiyaneni</td></tr><tr><td style=\"white-space:nowrap\">253<a name=\"SzChiefdomCS-253\"> </a></td><td>Ezishineni/ Manyeveni</td></tr><tr><td style=\"white-space:nowrap\">254<a name=\"SzChiefdomCS-254\"> </a></td><td>Kaphunga</td></tr><tr><td style=\"white-space:nowrap\">255<a name=\"SzChiefdomCS-255\"> </a></td><td>KaNdlovu</td></tr><tr><td style=\"white-space:nowrap\">256<a name=\"SzChiefdomCS-256\"> </a></td><td>Ngobelweni</td></tr><tr><td style=\"white-space:nowrap\">257<a name=\"SzChiefdomCS-257\"> </a></td><td>Nhlalabantfu</td></tr><tr><td style=\"white-space:nowrap\">258<a name=\"SzChiefdomCS-258\"> </a></td><td>KaKholwane</td></tr><tr><td style=\"white-space:nowrap\">259<a name=\"SzChiefdomCS-259\"> </a></td><td>kaMbhoke</td></tr><tr><td style=\"white-space:nowrap\">260<a name=\"SzChiefdomCS-260\"> </a></td><td>kaGwebu</td></tr><tr><td style=\"white-space:nowrap\">261<a name=\"SzChiefdomCS-261\"> </a></td><td>Gasa</td></tr><tr><td style=\"white-space:nowrap\">262<a name=\"SzChiefdomCS-262\"> </a></td><td>Khamsile</td></tr><tr><td style=\"white-space:nowrap\">263<a name=\"SzChiefdomCS-263\"> </a></td><td>Lomfa</td></tr><tr><td style=\"white-space:nowrap\">264<a name=\"SzChiefdomCS-264\"> </a></td><td>Mbabane</td></tr><tr><td style=\"white-space:nowrap\">265<a name=\"SzChiefdomCS-265\"> </a></td><td>Mbangweni</td></tr><tr><td style=\"white-space:nowrap\">266<a name=\"SzChiefdomCS-266\"> </a></td><td>Nkalaneni</td></tr><tr><td style=\"white-space:nowrap\">267<a name=\"SzChiefdomCS-267\"> </a></td><td>Nzameya</td></tr><tr><td style=\"white-space:nowrap\">268<a name=\"SzChiefdomCS-268\"> </a></td><td>Nkomonye</td></tr><tr><td style=\"white-space:nowrap\">269<a name=\"SzChiefdomCS-269\"> </a></td><td>KaDlovunga </td></tr><tr><td style=\"white-space:nowrap\">270<a name=\"SzChiefdomCS-270\"> </a></td><td>KaMzizi</td></tr><tr><td style=\"white-space:nowrap\">271<a name=\"SzChiefdomCS-271\"> </a></td><td>Masibini</td></tr><tr><td style=\"white-space:nowrap\">272<a name=\"SzChiefdomCS-272\"> </a></td><td>Mbilaneni</td></tr><tr><td style=\"white-space:nowrap\">273<a name=\"SzChiefdomCS-273\"> </a></td><td>Simemeni </td></tr><tr><td style=\"white-space:nowrap\">274<a name=\"SzChiefdomCS-274\"> </a></td><td>Vusweni</td></tr><tr><td style=\"white-space:nowrap\">275<a name=\"SzChiefdomCS-275\"> </a></td><td>Bambitje</td></tr><tr><td style=\"white-space:nowrap\">276<a name=\"SzChiefdomCS-276\"> </a></td><td>Dinabanye</td></tr><tr><td style=\"white-space:nowrap\">277<a name=\"SzChiefdomCS-277\"> </a></td><td>Kwaluseni</td></tr><tr><td style=\"white-space:nowrap\">278<a name=\"SzChiefdomCS-278\"> </a></td><td>Nkonka</td></tr><tr><td style=\"white-space:nowrap\">279<a name=\"SzChiefdomCS-279\"> </a></td><td>Nsalitje</td></tr><tr><td style=\"white-space:nowrap\">280<a name=\"SzChiefdomCS-280\"> </a></td><td>Qomintaba</td></tr><tr><td style=\"white-space:nowrap\">281<a name=\"SzChiefdomCS-281\"> </a></td><td>Benezer</td></tr><tr><td style=\"white-space:nowrap\">282<a name=\"SzChiefdomCS-282\"> </a></td><td>Bhanganoma</td></tr><tr><td style=\"white-space:nowrap\">283<a name=\"SzChiefdomCS-283\"> </a></td><td>Kwendzeni</td></tr><tr><td style=\"white-space:nowrap\">284<a name=\"SzChiefdomCS-284\"> </a></td><td>Magele</td></tr><tr><td style=\"white-space:nowrap\">285<a name=\"SzChiefdomCS-285\"> </a></td><td>Zenzile</td></tr><tr><td style=\"white-space:nowrap\">286<a name=\"SzChiefdomCS-286\"> </a></td><td>KaMbiko</td></tr><tr><td style=\"white-space:nowrap\">287<a name=\"SzChiefdomCS-287\"> </a></td><td>KaMhawu</td></tr><tr><td style=\"white-space:nowrap\">288<a name=\"SzChiefdomCS-288\"> </a></td><td>KaMshengu</td></tr><tr><td style=\"white-space:nowrap\">289<a name=\"SzChiefdomCS-289\"> </a></td><td>Lusitini</td></tr><tr><td style=\"white-space:nowrap\">290<a name=\"SzChiefdomCS-290\"> </a></td><td>Mphini</td></tr><tr><td style=\"white-space:nowrap\">291<a name=\"SzChiefdomCS-291\"> </a></td><td>Ndushulweni</td></tr><tr><td style=\"white-space:nowrap\">292<a name=\"SzChiefdomCS-292\"> </a></td><td>Nokwane</td></tr><tr><td style=\"white-space:nowrap\">293<a name=\"SzChiefdomCS-293\"> </a></td><td>Phobane</td></tr><tr><td style=\"white-space:nowrap\">294<a name=\"SzChiefdomCS-294\"> </a></td><td>Buseleni</td></tr><tr><td style=\"white-space:nowrap\">295<a name=\"SzChiefdomCS-295\"> </a></td><td>Hlobane</td></tr><tr><td style=\"white-space:nowrap\">296<a name=\"SzChiefdomCS-296\"> </a></td><td>Kuphumuleni</td></tr><tr><td style=\"white-space:nowrap\">297<a name=\"SzChiefdomCS-297\"> </a></td><td>Nkwene</td></tr><tr><td style=\"white-space:nowrap\">298<a name=\"SzChiefdomCS-298\"> </a></td><td>kaGwegwe</td></tr><tr><td style=\"white-space:nowrap\">299<a name=\"SzChiefdomCS-299\"> </a></td><td>Ezibondeni/Kashiba</td></tr><tr><td style=\"white-space:nowrap\">300<a name=\"SzChiefdomCS-300\"> </a></td><td>Nhletjeni</td></tr><tr><td style=\"white-space:nowrap\">301<a name=\"SzChiefdomCS-301\"> </a></td><td>Nkhungwini</td></tr><tr><td style=\"white-space:nowrap\">302<a name=\"SzChiefdomCS-302\"> </a></td><td>Ngololweni</td></tr><tr><td style=\"white-space:nowrap\">303<a name=\"SzChiefdomCS-303\"> </a></td><td>Dumenkhungwini</td></tr><tr><td style=\"white-space:nowrap\">304<a name=\"SzChiefdomCS-304\"> </a></td><td>Eposini</td></tr><tr><td style=\"white-space:nowrap\">305<a name=\"SzChiefdomCS-305\"> </a></td><td>Hhuhhuma</td></tr><tr><td style=\"white-space:nowrap\">306<a name=\"SzChiefdomCS-306\"> </a></td><td>Mabonabulawe</td></tr><tr><td style=\"white-space:nowrap\">307<a name=\"SzChiefdomCS-307\"> </a></td><td>Manyandzeni </td></tr><tr><td style=\"white-space:nowrap\">308<a name=\"SzChiefdomCS-308\"> </a></td><td>Mchinsweni </td></tr><tr><td style=\"white-space:nowrap\">309<a name=\"SzChiefdomCS-309\"> </a></td><td>Zikhotheni </td></tr><tr><td style=\"white-space:nowrap\">310<a name=\"SzChiefdomCS-310\"> </a></td><td>Mahlalini</td></tr><tr><td style=\"white-space:nowrap\">311<a name=\"SzChiefdomCS-311\"> </a></td><td>Mbabala</td></tr><tr><td style=\"white-space:nowrap\">312<a name=\"SzChiefdomCS-312\"> </a></td><td>Mbeka</td></tr><tr><td style=\"white-space:nowrap\">313<a name=\"SzChiefdomCS-313\"> </a></td><td>Makhwelela</td></tr><tr><td style=\"white-space:nowrap\">314<a name=\"SzChiefdomCS-314\"> </a></td><td>Mpangisweni</td></tr><tr><td style=\"white-space:nowrap\">315<a name=\"SzChiefdomCS-315\"> </a></td><td>Mbangweni</td></tr><tr><td style=\"white-space:nowrap\">316<a name=\"SzChiefdomCS-316\"> </a></td><td>Mathendele</td></tr><tr><td style=\"white-space:nowrap\">317<a name=\"SzChiefdomCS-317\"> </a></td><td>Mkhitsini</td></tr><tr><td style=\"white-space:nowrap\">318<a name=\"SzChiefdomCS-318\"> </a></td><td>Sikhotseni</td></tr><tr><td style=\"white-space:nowrap\">319<a name=\"SzChiefdomCS-319\"> </a></td><td>Lulakeni</td></tr><tr><td style=\"white-space:nowrap\">320<a name=\"SzChiefdomCS-320\"> </a></td><td>Kuphumleni </td></tr><tr><td style=\"white-space:nowrap\">321<a name=\"SzChiefdomCS-321\"> </a></td><td>Ndunayithini</td></tr><tr><td style=\"white-space:nowrap\">322<a name=\"SzChiefdomCS-322\"> </a></td><td>Nyatsini</td></tr><tr><td style=\"white-space:nowrap\">323<a name=\"SzChiefdomCS-323\"> </a></td><td>Ezindwendweni</td></tr><tr><td style=\"white-space:nowrap\">324<a name=\"SzChiefdomCS-324\"> </a></td><td>Luhlekweni</td></tr><tr><td style=\"white-space:nowrap\">325<a name=\"SzChiefdomCS-325\"> </a></td><td>Maplotini</td></tr><tr><td style=\"white-space:nowrap\">326<a name=\"SzChiefdomCS-326\"> </a></td><td>Ntuthwakazi</td></tr><tr><td style=\"white-space:nowrap\">327<a name=\"SzChiefdomCS-327\"> </a></td><td>Nsubane</td></tr><tr><td style=\"white-space:nowrap\">328<a name=\"SzChiefdomCS-328\"> </a></td><td>Phangweni</td></tr><tr><td style=\"white-space:nowrap\">329<a name=\"SzChiefdomCS-329\"> </a></td><td>Vimbizibuko</td></tr><tr><td style=\"white-space:nowrap\">330<a name=\"SzChiefdomCS-330\"> </a></td><td>Bulekeni</td></tr><tr><td style=\"white-space:nowrap\">331<a name=\"SzChiefdomCS-331\"> </a></td><td>Mampondweni</td></tr><tr><td style=\"white-space:nowrap\">332<a name=\"SzChiefdomCS-332\"> </a></td><td>Ngwenyameni </td></tr><tr><td style=\"white-space:nowrap\">333<a name=\"SzChiefdomCS-333\"> </a></td><td>Zombodze </td></tr><tr><td style=\"white-space:nowrap\">334<a name=\"SzChiefdomCS-334\"> </a></td><td>Nduma</td></tr><tr><td style=\"white-space:nowrap\">335<a name=\"SzChiefdomCS-335\"> </a></td><td>Kupheleni</td></tr><tr><td style=\"white-space:nowrap\">336<a name=\"SzChiefdomCS-336\"> </a></td><td>Mpolonjeni</td></tr><tr><td style=\"white-space:nowrap\">337<a name=\"SzChiefdomCS-337\"> </a></td><td>Nhlalabantfu</td></tr><tr><td style=\"white-space:nowrap\">338<a name=\"SzChiefdomCS-338\"> </a></td><td>Mhlangatane</td></tr><tr><td style=\"white-space:nowrap\">340<a name=\"SzChiefdomCS-340\"> </a></td><td>Mhawini</td></tr></table></div>"},"url":"http://172.209.216.154:3447/fhir/CodeSystem/SzChiefdomCS","version":"0.1.0","name":"SzChiefdomCS","title":"Code System: Eswatini Chiefdoms","status":"draft","date":"2025-09-10T08:40:27+00:00","publisher":"Ministry of Health Eswatini","contact":[{"name":"Ministry of Health Eswatini","telecom":[{"system":"url","value":"https://172.209.216.154:3447"},{"system":"email","value":"eswatinihie@moh.gov.sz"}]}],"description":"Code system for ESwatini Chiefdoms","content":"complete","count":340,"concept":[{"code":"-99","display":"Unspecified","designation":[{"use":{"system":"http://terminology.hl7.org/CodeSystem/designation-usage","code":"display"},"value":"Unspecified"}]},{"code":"1","display":"Lamgabhi ","designation":[{"use":{"system":"http://terminology.hl7.org/CodeSystem/designation-usage","code":"display"},"value":"Lamgabhi "}]},{"code":"2","display":"Dlangeni","designation":[{"use":{"system":"http://terminology.hl7.org/CodeSystem/designation-usage","code":"display"},"value":"Dlangeni"}]},{"code":"3","display":"Kasiko","designation":[{"use":{"system":"http://terminology.hl7.org/CodeSystem/designation-usage","code":"display"},"value":"Kasiko"}]},{"code":"4","display":"Sitseni","designation":[{"use":{"system":"http://terminology.hl7.org/CodeSystem/designation-usage","code":"display"},"value":"Sitseni"}]},{"code":"5","display":"Zulwini","designation":[{"use":{"system":"http://terminology.hl7.org/CodeSystem/designation-usage","code":"display"},"value":"Zulwini"}]},{"code":"6","display":"ELangeni","designation":[{"use":{"system":"http://terminology.hl7.org/CodeSystem/designation-usage","code":"display"},"value":"ELangeni"}]},{"code":"7","display":"Lobamba ","designation":[{"use":{"system":"http://terminology.hl7.org/CodeSystem/designation-usage","code":"display"},"value":"Lobamba "}]},{"code":"8","display":"Nkhanini","designation":[{"use":{"system":"http://terminology.hl7.org/CodeSystem/designation-usage","code":"display"},"value":"Nkhanini"}]},{"code":"9","display":"Zabeni","designation":[{"use":{"system":"http://terminology.hl7.org/CodeSystem/designation-usage","code":"display"},"value":"Zabeni"}]},{"code":"10","display":"Zandondo","designation":[{"use":{"system":"http://terminology.hl7.org/CodeSystem/designation-usage","code":"display"},"value":"Zandondo"}]},{"code":"11","display":"Gucuka ","designation":[{"use":{"system":"http://terminology.hl7.org/CodeSystem/designation-usage","code":"display"},"value":"Gucuka "}]},{"code":"12","display":"Tfuntini/Buhlebuyeza    ","designation":[{"use":{"system":"http://terminology.hl7.org/CodeSystem/designation-usage","code":"display"},"value":"Tfuntini/Buhlebuyeza    "}]},{"code":"13","display":"Dvokolwako / Ekuphakameni","designation":[{"use":{"system":"http://terminology.hl7.org/CodeSystem/designation-usage","code":"display"},"value":"Dvokolwako / Ekuphakameni"}]},{"code":"14","display":"Ekukhulumeni/ Mandlangempisi","designation":[{"use":{"system":"http://terminology.hl7.org/CodeSystem/designation-usage","code":"display"},"value":"Ekukhulumeni/ Mandlangempisi"}]},{"code":"15","display":"Nyonyane/ Maguga","designation":[{"use":{"system":"http://terminology.hl7.org/CodeSystem/designation-usage","code":"display"},"value":"Nyonyane/ Maguga"}]},{"code":"16","display":"Mavula","designation":[{"use":{"system":"http://terminology.hl7.org/CodeSystem/designation-usage","code":"display"},"value":"Mavula"}]},{"code":"17","display":"Maphalaleni","designation":[{"use":{"system":"http://terminology.hl7.org/CodeSystem/designation-usage","code":"display"},"value":"Maphalaleni"}]},{"code":"18","display":"Dlozini","designation":[{"use":{"system":"http://terminology.hl7.org/CodeSystem/designation-usage","code":"display"},"value":"Dlozini"}]},{"code":"19","display":"Mcengeni","designation":[{"use":{"system":"http://terminology.hl7.org/CodeSystem/designation-usage","code":"display"},"value":"Mcengeni"}]},{"code":"20","display":"Madlolo","designation":[{"use":{"system":"http://terminology.hl7.org/CodeSystem/designation-usage","code":"display"},"value":"Madlolo"}]},{"code":"21","display":"Nsingweni","designation":[{"use":{"system":"http://terminology.hl7.org/CodeSystem/designation-usage","code":"display"},"value":"Nsingweni"}]},{"code":"22","display":"Mfeni","designation":[{"use":{"system":"http://terminology.hl7.org/CodeSystem/designation-usage","code":"display"},"value":"Mfeni"}]},{"code":"23","display":"Mkhuzweni","designation":[{"use":{"system":"http://terminology.hl7.org/CodeSystem/designation-usage","code":"display"},"value":"Mkhuzweni"}]},{"code":"24","display":"Mfasini","designation":[{"use":{"system":"http://terminology.hl7.org/CodeSystem/designation-usage","code":"display"},"value":"Mfasini"}]},{"code":"25","display":"Mkhweni","designation":[{"use":{"system":"http://terminology.hl7.org/CodeSystem/designation-usage","code":"display"},"value":"Mkhweni"}]},{"code":"26","display":"Mavula","designation":[{"use":{"system":"http://terminology.hl7.org/CodeSystem/designation-usage","code":"display"},"value":"Mavula"}]},{"code":"27","display":"Herefords","designation":[{"use":{"system":"http://terminology.hl7.org/CodeSystem/designation-usage","code":"display"},"value":"Herefords"}]},{"code":"28","display":"Msunduza","designation":[{"use":{"system":"http://terminology.hl7.org/CodeSystem/designation-usage","code":"display"},"value":"Msunduza"}]},{"code":"29","display":"Fontein","designation":[{"use":{"system":"http://terminology.hl7.org/CodeSystem/designation-usage","code":"display"},"value":"Fontein"}]},{"code":"30","display":"Sidwashini","designation":[{"use":{"system":"http://terminology.hl7.org/CodeSystem/designation-usage","code":"display"},"value":"Sidwashini"}]},{"code":"31","display":"Mdzimba/Lofokati","designation":[{"use":{"system":"http://terminology.hl7.org/CodeSystem/designation-usage","code":"display"},"value":"Mdzimba/Lofokati"}]},{"code":"32","display":"Manzana","designation":[{"use":{"system":"http://terminology.hl7.org/CodeSystem/designation-usage","code":"display"},"value":"Manzana"}]},{"code":"33","display":"Nkwalini ","designation":[{"use":{"system":"http://terminology.hl7.org/CodeSystem/designation-usage","code":"display"},"value":"Nkwalini "}]},{"code":"34","display":"Mangwaneni ","designation":[{"use":{"system":"http://terminology.hl7.org/CodeSystem/designation-usage","code":"display"},"value":"Mangwaneni "}]},{"code":"35","display":"Mangweni","designation":[{"use":{"system":"http://terminology.hl7.org/CodeSystem/designation-usage","code":"display"},"value":"Mangweni"}]},{"code":"36","display":"Ndvwabangeni","designation":[{"use":{"system":"http://terminology.hl7.org/CodeSystem/designation-usage","code":"display"},"value":"Ndvwabangeni"}]},{"code":"37","display":"Nhlanguyavuka","designation":[{"use":{"system":"http://terminology.hl7.org/CodeSystem/designation-usage","code":"display"},"value":"Nhlanguyavuka"}]},{"code":"38","display":"Zinyane ","designation":[{"use":{"system":"http://terminology.hl7.org/CodeSystem/designation-usage","code":"display"},"value":"Zinyane "}]},{"code":"39","display":"Emalibeni   ","designation":[{"use":{"system":"http://terminology.hl7.org/CodeSystem/designation-usage","code":"display"},"value":"Emalibeni   "}]},{"code":"40","display":"Sidvwashini","designation":[{"use":{"system":"http://terminology.hl7.org/CodeSystem/designation-usage","code":"display"},"value":"Sidvwashini"}]},{"code":"41","display":"Nyakatfo","designation":[{"use":{"system":"http://terminology.hl7.org/CodeSystem/designation-usage","code":"display"},"value":"Nyakatfo"}]},{"code":"42","display":"Mphofu","designation":[{"use":{"system":"http://terminology.hl7.org/CodeSystem/designation-usage","code":"display"},"value":"Mphofu"}]},{"code":"43","display":"Mgungundlovu","designation":[{"use":{"system":"http://terminology.hl7.org/CodeSystem/designation-usage","code":"display"},"value":"Mgungundlovu"}]},{"code":"44","display":"Nkamanzi","designation":[{"use":{"system":"http://terminology.hl7.org/CodeSystem/designation-usage","code":"display"},"value":"Nkamanzi"}]},{"code":"45","display":"Ludlawini ","designation":[{"use":{"system":"http://terminology.hl7.org/CodeSystem/designation-usage","code":"display"},"value":"Ludlawini "}]},{"code":"46","display":"Mvuma","designation":[{"use":{"system":"http://terminology.hl7.org/CodeSystem/designation-usage","code":"display"},"value":"Mvuma"}]},{"code":"47","display":"Bulandzeni","designation":[{"use":{"system":"http://terminology.hl7.org/CodeSystem/designation-usage","code":"display"},"value":"Bulandzeni"}]},{"code":"48","display":"Ndzingeni","designation":[{"use":{"system":"http://terminology.hl7.org/CodeSystem/designation-usage","code":"display"},"value":"Ndzingeni"}]},{"code":"49","display":"Kwaliweni","designation":[{"use":{"system":"http://terminology.hl7.org/CodeSystem/designation-usage","code":"display"},"value":"Kwaliweni"}]},{"code":"50","display":"Meleti","designation":[{"use":{"system":"http://terminology.hl7.org/CodeSystem/designation-usage","code":"display"},"value":"Meleti"}]},{"code":"51","display":"Ntsanjeni","designation":[{"use":{"system":"http://terminology.hl7.org/CodeSystem/designation-usage","code":"display"},"value":"Ntsanjeni"}]},{"code":"52","display":"Ejubukweni","designation":[{"use":{"system":"http://terminology.hl7.org/CodeSystem/designation-usage","code":"display"},"value":"Ejubukweni"}]},{"code":"53","display":"Malanti","designation":[{"use":{"system":"http://terminology.hl7.org/CodeSystem/designation-usage","code":"display"},"value":"Malanti"}]},{"code":"54","display":"Nkhaba","designation":[{"use":{"system":"http://terminology.hl7.org/CodeSystem/designation-usage","code":"display"},"value":"Nkhaba"}]},{"code":"55","display":"Kuvinjelweni","designation":[{"use":{"system":"http://terminology.hl7.org/CodeSystem/designation-usage","code":"display"},"value":"Kuvinjelweni"}]},{"code":"56","display":"Vusweni","designation":[{"use":{"system":"http://terminology.hl7.org/CodeSystem/designation-usage","code":"display"},"value":"Vusweni"}]},{"code":"57","display":"Mshingishingini","designation":[{"use":{"system":"http://terminology.hl7.org/CodeSystem/designation-usage","code":"display"},"value":"Mshingishingini"}]},{"code":"58","display":"ka-Hhohho","designation":[{"use":{"system":"http://terminology.hl7.org/CodeSystem/designation-usage","code":"display"},"value":"ka-Hhohho"}]},{"code":"59","display":"Lomshiyo","designation":[{"use":{"system":"http://terminology.hl7.org/CodeSystem/designation-usage","code":"display"},"value":"Lomshiyo"}]},{"code":"60","display":"Emvembili","designation":[{"use":{"system":"http://terminology.hl7.org/CodeSystem/designation-usage","code":"display"},"value":"Emvembili"}]},{"code":"61","display":"Kandwandwa","designation":[{"use":{"system":"http://terminology.hl7.org/CodeSystem/designation-usage","code":"display"},"value":"Kandwandwa"}]},{"code":"62","display":"Hhelehhele","designation":[{"use":{"system":"http://terminology.hl7.org/CodeSystem/designation-usage","code":"display"},"value":"Hhelehhele"}]},{"code":"63","display":"Bulembu (Luhhumaneni 1)","designation":[{"use":{"system":"http://terminology.hl7.org/CodeSystem/designation-usage","code":"display"},"value":"Bulembu (Luhhumaneni 1)"}]},{"code":"64","display":"Luhhumaneni/kaNdeva","designation":[{"use":{"system":"http://terminology.hl7.org/CodeSystem/designation-usage","code":"display"},"value":"Luhhumaneni/kaNdeva"}]},{"code":"65","display":"Luhlangotsini","designation":[{"use":{"system":"http://terminology.hl7.org/CodeSystem/designation-usage","code":"display"},"value":"Luhlangotsini"}]},{"code":"66","display":"Piggs Peak","designation":[{"use":{"system":"http://terminology.hl7.org/CodeSystem/designation-usage","code":"display"},"value":"Piggs Peak"}]},{"code":"67","display":"Nginamadvolo","designation":[{"use":{"system":"http://terminology.hl7.org/CodeSystem/designation-usage","code":"display"},"value":"Nginamadvolo"}]},{"code":"68","display":"Nsangwini","designation":[{"use":{"system":"http://terminology.hl7.org/CodeSystem/designation-usage","code":"display"},"value":"Nsangwini"}]},{"code":"69","display":"Siphocosini","designation":[{"use":{"system":"http://terminology.hl7.org/CodeSystem/designation-usage","code":"display"},"value":"Siphocosini"}]},{"code":"70","display":"Sigangeni","designation":[{"use":{"system":"http://terminology.hl7.org/CodeSystem/designation-usage","code":"display"},"value":"Sigangeni"}]},{"code":"71","display":"Luhlendlweni","designation":[{"use":{"system":"http://terminology.hl7.org/CodeSystem/designation-usage","code":"display"},"value":"Luhlendlweni"}]},{"code":"72","display":"Mantabeni","designation":[{"use":{"system":"http://terminology.hl7.org/CodeSystem/designation-usage","code":"display"},"value":"Mantabeni"}]},{"code":"73","display":"Mashobeni North","designation":[{"use":{"system":"http://terminology.hl7.org/CodeSystem/designation-usage","code":"display"},"value":"Mashobeni North"}]},{"code":"74","display":"Mvembili","designation":[{"use":{"system":"http://terminology.hl7.org/CodeSystem/designation-usage","code":"display"},"value":"Mvembili"}]},{"code":"75","display":"Ludzibini","designation":[{"use":{"system":"http://terminology.hl7.org/CodeSystem/designation-usage","code":"display"},"value":"Ludzibini"}]},{"code":"76","display":"Hhohho","designation":[{"use":{"system":"http://terminology.hl7.org/CodeSystem/designation-usage","code":"display"},"value":"Hhohho"}]},{"code":"77","display":"Hlane","designation":[{"use":{"system":"http://terminology.hl7.org/CodeSystem/designation-usage","code":"display"},"value":"Hlane"}]},{"code":"78","display":"Malindza","designation":[{"use":{"system":"http://terminology.hl7.org/CodeSystem/designation-usage","code":"display"},"value":"Malindza"}]},{"code":"79","display":"Mdumezulu","designation":[{"use":{"system":"http://terminology.hl7.org/CodeSystem/designation-usage","code":"display"},"value":"Mdumezulu"}]},{"code":"80","display":"Njabulweni","designation":[{"use":{"system":"http://terminology.hl7.org/CodeSystem/designation-usage","code":"display"},"value":"Njabulweni"}]},{"code":"81","display":"Ntandweni (Malindza)","designation":[{"use":{"system":"http://terminology.hl7.org/CodeSystem/designation-usage","code":"display"},"value":"Ntandweni (Malindza)"}]},{"code":"82","display":"Etjedze","designation":[{"use":{"system":"http://terminology.hl7.org/CodeSystem/designation-usage","code":"display"},"value":"Etjedze"}]},{"code":"83","display":"Sigcaweni West","designation":[{"use":{"system":"http://terminology.hl7.org/CodeSystem/designation-usage","code":"display"},"value":"Sigcaweni West"}]},{"code":"84","display":"Macetjeni (Mabondvweni)","designation":[{"use":{"system":"http://terminology.hl7.org/CodeSystem/designation-usage","code":"display"},"value":"Macetjeni (Mabondvweni)"}]},{"code":"85","display":"Hlutse","designation":[{"use":{"system":"http://terminology.hl7.org/CodeSystem/designation-usage","code":"display"},"value":"Hlutse"}]},{"code":"86","display":"Macetjeni","designation":[{"use":{"system":"http://terminology.hl7.org/CodeSystem/designation-usage","code":"display"},"value":"Macetjeni"}]},{"code":"87","display":"Vikizijula","designation":[{"use":{"system":"http://terminology.hl7.org/CodeSystem/designation-usage","code":"display"},"value":"Vikizijula"}]},{"code":"88","display":"Bulunga","designation":[{"use":{"system":"http://terminology.hl7.org/CodeSystem/designation-usage","code":"display"},"value":"Bulunga"}]},{"code":"89","display":"Lomahasha","designation":[{"use":{"system":"http://terminology.hl7.org/CodeSystem/designation-usage","code":"display"},"value":"Lomahasha"}]},{"code":"90","display":"Shewula","designation":[{"use":{"system":"http://terminology.hl7.org/CodeSystem/designation-usage","code":"display"},"value":"Shewula"}]},{"code":"91","display":"kaVuma","designation":[{"use":{"system":"http://terminology.hl7.org/CodeSystem/designation-usage","code":"display"},"value":"kaVuma"}]},{"code":"92","display":"Canter berry","designation":[{"use":{"system":"http://terminology.hl7.org/CodeSystem/designation-usage","code":"display"},"value":"Canter berry"}]},{"code":"93","display":"Mabantaneni","designation":[{"use":{"system":"http://terminology.hl7.org/CodeSystem/designation-usage","code":"display"},"value":"Mabantaneni"}]},{"code":"94","display":"Ntuthwakazi","designation":[{"use":{"system":"http://terminology.hl7.org/CodeSystem/designation-usage","code":"display"},"value":"Ntuthwakazi"}]},{"code":"95","display":"kaLanga","designation":[{"use":{"system":"http://terminology.hl7.org/CodeSystem/designation-usage","code":"display"},"value":"kaLanga"}]},{"code":"96","display":"Makhewu","designation":[{"use":{"system":"http://terminology.hl7.org/CodeSystem/designation-usage","code":"display"},"value":"Makhewu"}]},{"code":"97","display":"Mlindazwe","designation":[{"use":{"system":"http://terminology.hl7.org/CodeSystem/designation-usage","code":"display"},"value":"Mlindazwe"}]},{"code":"98","display":"Sitsatsaweni","designation":[{"use":{"system":"http://terminology.hl7.org/CodeSystem/designation-usage","code":"display"},"value":"Sitsatsaweni"}]},{"code":"99","display":"Lukhetseni","designation":[{"use":{"system":"http://terminology.hl7.org/CodeSystem/designation-usage","code":"display"},"value":"Lukhetseni"}]},{"code":"100","display":"Mambane","designation":[{"use":{"system":"http://terminology.hl7.org/CodeSystem/designation-usage","code":"display"},"value":"Mambane"}]},{"code":"101","display":"Maphungwane","designation":[{"use":{"system":"http://terminology.hl7.org/CodeSystem/designation-usage","code":"display"},"value":"Maphungwane"}]},{"code":"102","display":"Tikhuba","designation":[{"use":{"system":"http://terminology.hl7.org/CodeSystem/designation-usage","code":"display"},"value":"Tikhuba"}]},{"code":"103","display":"Mafucula","designation":[{"use":{"system":"http://terminology.hl7.org/CodeSystem/designation-usage","code":"display"},"value":"Mafucula"}]},{"code":"104","display":"Mhlume","designation":[{"use":{"system":"http://terminology.hl7.org/CodeSystem/designation-usage","code":"display"},"value":"Mhlume"}]},{"code":"105","display":"Simunye","designation":[{"use":{"system":"http://terminology.hl7.org/CodeSystem/designation-usage","code":"display"},"value":"Simunye"}]},{"code":"106","display":"Tambankulu","designation":[{"use":{"system":"http://terminology.hl7.org/CodeSystem/designation-usage","code":"display"},"value":"Tambankulu"}]},{"code":"107","display":"Tshaneni","designation":[{"use":{"system":"http://terminology.hl7.org/CodeSystem/designation-usage","code":"display"},"value":"Tshaneni"}]},{"code":"108","display":"Vuvulane","designation":[{"use":{"system":"http://terminology.hl7.org/CodeSystem/designation-usage","code":"display"},"value":"Vuvulane"}]},{"code":"109","display":"Tsambokhulu","designation":[{"use":{"system":"http://terminology.hl7.org/CodeSystem/designation-usage","code":"display"},"value":"Tsambokhulu"}]},{"code":"110","display":"kaShoba","designation":[{"use":{"system":"http://terminology.hl7.org/CodeSystem/designation-usage","code":"display"},"value":"kaShoba"}]},{"code":"111","display":"Mpolonjeni","designation":[{"use":{"system":"http://terminology.hl7.org/CodeSystem/designation-usage","code":"display"},"value":"Mpolonjeni"}]},{"code":"112","display":"Ndzangu","designation":[{"use":{"system":"http://terminology.hl7.org/CodeSystem/designation-usage","code":"display"},"value":"Ndzangu"}]},{"code":"113","display":"Ngcina","designation":[{"use":{"system":"http://terminology.hl7.org/CodeSystem/designation-usage","code":"display"},"value":"Ngcina"}]},{"code":"114","display":"Sigcaweni East","designation":[{"use":{"system":"http://terminology.hl7.org/CodeSystem/designation-usage","code":"display"},"value":"Sigcaweni East"}]},{"code":"115","display":"Crooks Plantations","designation":[{"use":{"system":"http://terminology.hl7.org/CodeSystem/designation-usage","code":"display"},"value":"Crooks Plantations"}]},{"code":"116","display":"Gamula","designation":[{"use":{"system":"http://terminology.hl7.org/CodeSystem/designation-usage","code":"display"},"value":"Gamula"}]},{"code":"117","display":"Lunkuntfu","designation":[{"use":{"system":"http://terminology.hl7.org/CodeSystem/designation-usage","code":"display"},"value":"Lunkuntfu"}]},{"code":"118","display":"Nkhanini/Lusabeni","designation":[{"use":{"system":"http://terminology.hl7.org/CodeSystem/designation-usage","code":"display"},"value":"Nkhanini/Lusabeni"}]},{"code":"119","display":"Illovo/Mayaluka","designation":[{"use":{"system":"http://terminology.hl7.org/CodeSystem/designation-usage","code":"display"},"value":"Illovo/Mayaluka"}]},{"code":"120","display":"Phafeni","designation":[{"use":{"system":"http://terminology.hl7.org/CodeSystem/designation-usage","code":"display"},"value":"Phafeni"}]},{"code":"121","display":"Madlenya","designation":[{"use":{"system":"http://terminology.hl7.org/CodeSystem/designation-usage","code":"display"},"value":"Madlenya"}]},{"code":"122","display":"Maphilingo","designation":[{"use":{"system":"http://terminology.hl7.org/CodeSystem/designation-usage","code":"display"},"value":"Maphilingo"}]},{"code":"123","display":"kaMkhweli","designation":[{"use":{"system":"http://terminology.hl7.org/CodeSystem/designation-usage","code":"display"},"value":"kaMkhweli"}]},{"code":"124","display":"Mphumakudze","designation":[{"use":{"system":"http://terminology.hl7.org/CodeSystem/designation-usage","code":"display"},"value":"Mphumakudze"}]},{"code":"125","display":"Nceka","designation":[{"use":{"system":"http://terminology.hl7.org/CodeSystem/designation-usage","code":"display"},"value":"Nceka"}]},{"code":"126","display":"Ngevini","designation":[{"use":{"system":"http://terminology.hl7.org/CodeSystem/designation-usage","code":"display"},"value":"Ngevini"}]},{"code":"127","display":"Tambuti","designation":[{"use":{"system":"http://terminology.hl7.org/CodeSystem/designation-usage","code":"display"},"value":"Tambuti"}]},{"code":"128","display":"Luhlanyeni","designation":[{"use":{"system":"http://terminology.hl7.org/CodeSystem/designation-usage","code":"display"},"value":"Luhlanyeni"}]},{"code":"129","display":"Mamisa","designation":[{"use":{"system":"http://terminology.hl7.org/CodeSystem/designation-usage","code":"display"},"value":"Mamisa"}]},{"code":"130","display":"Nkonjwa","designation":[{"use":{"system":"http://terminology.hl7.org/CodeSystem/designation-usage","code":"display"},"value":"Nkonjwa"}]},{"code":"131","display":"Nokwane","designation":[{"use":{"system":"http://terminology.hl7.org/CodeSystem/designation-usage","code":"display"},"value":"Nokwane"}]},{"code":"132","display":"Nyakeni","designation":[{"use":{"system":"http://terminology.hl7.org/CodeSystem/designation-usage","code":"display"},"value":"Nyakeni"}]},{"code":"133","display":"Nkiliji","designation":[{"use":{"system":"http://terminology.hl7.org/CodeSystem/designation-usage","code":"display"},"value":"Nkiliji"}]},{"code":"134","display":"Bhekinkhosi","designation":[{"use":{"system":"http://terminology.hl7.org/CodeSystem/designation-usage","code":"display"},"value":"Bhekinkhosi"}]},{"code":"135","display":"Nswaceni","designation":[{"use":{"system":"http://terminology.hl7.org/CodeSystem/designation-usage","code":"display"},"value":"Nswaceni"}]},{"code":"136","display":"Mkhulamini","designation":[{"use":{"system":"http://terminology.hl7.org/CodeSystem/designation-usage","code":"display"},"value":"Mkhulamini"}]},{"code":"137","display":"Maliyaduma","designation":[{"use":{"system":"http://terminology.hl7.org/CodeSystem/designation-usage","code":"display"},"value":"Maliyaduma"}]},{"code":"138","display":"Mbeka","designation":[{"use":{"system":"http://terminology.hl7.org/CodeSystem/designation-usage","code":"display"},"value":"Mbeka"}]},{"code":"139","display":"Kwaluseni","designation":[{"use":{"system":"http://terminology.hl7.org/CodeSystem/designation-usage","code":"display"},"value":"Kwaluseni"}]},{"code":"140","display":"Logoba","designation":[{"use":{"system":"http://terminology.hl7.org/CodeSystem/designation-usage","code":"display"},"value":"Logoba"}]},{"code":"141","display":"Mhlane","designation":[{"use":{"system":"http://terminology.hl7.org/CodeSystem/designation-usage","code":"display"},"value":"Mhlane"}]},{"code":"142","display":"Lamgabhi","designation":[{"use":{"system":"http://terminology.hl7.org/CodeSystem/designation-usage","code":"display"},"value":"Lamgabhi"}]},{"code":"143","display":"Dvudvusini","designation":[{"use":{"system":"http://terminology.hl7.org/CodeSystem/designation-usage","code":"display"},"value":"Dvudvusini"}]},{"code":"144","display":"Luhleko","designation":[{"use":{"system":"http://terminology.hl7.org/CodeSystem/designation-usage","code":"display"},"value":"Luhleko"}]},{"code":"145","display":"Emhlangeni","designation":[{"use":{"system":"http://terminology.hl7.org/CodeSystem/designation-usage","code":"display"},"value":"Emhlangeni"}]},{"code":"146","display":"Nhlulweni","designation":[{"use":{"system":"http://terminology.hl7.org/CodeSystem/designation-usage","code":"display"},"value":"Nhlulweni"}]},{"code":"147","display":"Kufinyeni","designation":[{"use":{"system":"http://terminology.hl7.org/CodeSystem/designation-usage","code":"display"},"value":"Kufinyeni"}]},{"code":"148","display":"Luyengo","designation":[{"use":{"system":"http://terminology.hl7.org/CodeSystem/designation-usage","code":"display"},"value":"Luyengo"}]},{"code":"149","display":"Mahlanya","designation":[{"use":{"system":"http://terminology.hl7.org/CodeSystem/designation-usage","code":"display"},"value":"Mahlanya"}]},{"code":"150","display":"Ngwenyameni","designation":[{"use":{"system":"http://terminology.hl7.org/CodeSystem/designation-usage","code":"display"},"value":"Ngwenyameni"}]},{"code":"151","display":"Mbekelweni","designation":[{"use":{"system":"http://terminology.hl7.org/CodeSystem/designation-usage","code":"display"},"value":"Mbekelweni"}]},{"code":"152","display":"Zombodze","designation":[{"use":{"system":"http://terminology.hl7.org/CodeSystem/designation-usage","code":"display"},"value":"Zombodze"}]},{"code":"153","display":"Lozitha","designation":[{"use":{"system":"http://terminology.hl7.org/CodeSystem/designation-usage","code":"display"},"value":"Lozitha"}]},{"code":"154","display":"Nkamanzi","designation":[{"use":{"system":"http://terminology.hl7.org/CodeSystem/designation-usage","code":"display"},"value":"Nkamanzi"}]},{"code":"155","display":"Kudzeni","designation":[{"use":{"system":"http://terminology.hl7.org/CodeSystem/designation-usage","code":"display"},"value":"Kudzeni"}]},{"code":"156","display":"Ngculwini","designation":[{"use":{"system":"http://terminology.hl7.org/CodeSystem/designation-usage","code":"display"},"value":"Ngculwini"}]},{"code":"157","display":"Ka-Nkhambule","designation":[{"use":{"system":"http://terminology.hl7.org/CodeSystem/designation-usage","code":"display"},"value":"Ka-Nkhambule"}]},{"code":"158","display":"Mafutseni","designation":[{"use":{"system":"http://terminology.hl7.org/CodeSystem/designation-usage","code":"display"},"value":"Mafutseni"}]},{"code":"159","display":"Luhlokohla","designation":[{"use":{"system":"http://terminology.hl7.org/CodeSystem/designation-usage","code":"display"},"value":"Luhlokohla"}]},{"code":"160","display":"Timbutini","designation":[{"use":{"system":"http://terminology.hl7.org/CodeSystem/designation-usage","code":"display"},"value":"Timbutini"}]},{"code":"161","display":"Bhudla","designation":[{"use":{"system":"http://terminology.hl7.org/CodeSystem/designation-usage","code":"display"},"value":"Bhudla"}]},{"code":"162","display":"Mgomfelweni","designation":[{"use":{"system":"http://terminology.hl7.org/CodeSystem/designation-usage","code":"display"},"value":"Mgomfelweni"}]},{"code":"163","display":"Luzelweni","designation":[{"use":{"system":"http://terminology.hl7.org/CodeSystem/designation-usage","code":"display"},"value":"Luzelweni"}]},{"code":"164","display":"Mambatfweni","designation":[{"use":{"system":"http://terminology.hl7.org/CodeSystem/designation-usage","code":"display"},"value":"Mambatfweni"}]},{"code":"165","display":"Nsangwini","designation":[{"use":{"system":"http://terminology.hl7.org/CodeSystem/designation-usage","code":"display"},"value":"Nsangwini"}]},{"code":"166","display":"Mpolonjeni","designation":[{"use":{"system":"http://terminology.hl7.org/CodeSystem/designation-usage","code":"display"},"value":"Mpolonjeni"}]},{"code":"167","display":"Ludvondvolweni","designation":[{"use":{"system":"http://terminology.hl7.org/CodeSystem/designation-usage","code":"display"},"value":"Ludvondvolweni"}]},{"code":"168","display":"KaZulu","designation":[{"use":{"system":"http://terminology.hl7.org/CodeSystem/designation-usage","code":"display"},"value":"KaZulu"}]},{"code":"169","display":"Nciniselweni","designation":[{"use":{"system":"http://terminology.hl7.org/CodeSystem/designation-usage","code":"display"},"value":"Nciniselweni"}]},{"code":"170","display":"Ndzeleni","designation":[{"use":{"system":"http://terminology.hl7.org/CodeSystem/designation-usage","code":"display"},"value":"Ndzeleni"}]},{"code":"171","display":"Sigcineni ","designation":[{"use":{"system":"http://terminology.hl7.org/CodeSystem/designation-usage","code":"display"},"value":"Sigcineni "}]},{"code":"172","display":"Bhahwini","designation":[{"use":{"system":"http://terminology.hl7.org/CodeSystem/designation-usage","code":"display"},"value":"Bhahwini"}]},{"code":"173","display":"Mangcongco/Zenukeni","designation":[{"use":{"system":"http://terminology.hl7.org/CodeSystem/designation-usage","code":"display"},"value":"Mangcongco/Zenukeni"}]},{"code":"174","display":"Sandlane/Ekuthuleni","designation":[{"use":{"system":"http://terminology.hl7.org/CodeSystem/designation-usage","code":"display"},"value":"Sandlane/Ekuthuleni"}]},{"code":"175","display":"Mabhukwini","designation":[{"use":{"system":"http://terminology.hl7.org/CodeSystem/designation-usage","code":"display"},"value":"Mabhukwini"}]},{"code":"176","display":"Dwalile","designation":[{"use":{"system":"http://terminology.hl7.org/CodeSystem/designation-usage","code":"display"},"value":"Dwalile"}]},{"code":"177","display":"Makholweni","designation":[{"use":{"system":"http://terminology.hl7.org/CodeSystem/designation-usage","code":"display"},"value":"Makholweni"}]},{"code":"178","display":"St Pauls","designation":[{"use":{"system":"http://terminology.hl7.org/CodeSystem/designation-usage","code":"display"},"value":"St Pauls"}]},{"code":"179","display":"Mnyenyweni","designation":[{"use":{"system":"http://terminology.hl7.org/CodeSystem/designation-usage","code":"display"},"value":"Mnyenyweni"}]},{"code":"180","display":"Manzini Central","designation":[{"use":{"system":"http://terminology.hl7.org/CodeSystem/designation-usage","code":"display"},"value":"Manzini Central"}]},{"code":"181","display":"Dwaleni","designation":[{"use":{"system":"http://terminology.hl7.org/CodeSystem/designation-usage","code":"display"},"value":"Dwaleni"}]},{"code":"182","display":"Mzimnene","designation":[{"use":{"system":"http://terminology.hl7.org/CodeSystem/designation-usage","code":"display"},"value":"Mzimnene"}]},{"code":"183","display":"Mhobodleni","designation":[{"use":{"system":"http://terminology.hl7.org/CodeSystem/designation-usage","code":"display"},"value":"Mhobodleni"}]},{"code":"184","display":"Mjingo ","designation":[{"use":{"system":"http://terminology.hl7.org/CodeSystem/designation-usage","code":"display"},"value":"Mjingo "}]},{"code":"185","display":"Moneni","designation":[{"use":{"system":"http://terminology.hl7.org/CodeSystem/designation-usage","code":"display"},"value":"Moneni"}]},{"code":"186","display":"Ticancweni","designation":[{"use":{"system":"http://terminology.hl7.org/CodeSystem/designation-usage","code":"display"},"value":"Ticancweni"}]},{"code":"187","display":"Zakhele","designation":[{"use":{"system":"http://terminology.hl7.org/CodeSystem/designation-usage","code":"display"},"value":"Zakhele"}]},{"code":"188","display":"Ngwane Park","designation":[{"use":{"system":"http://terminology.hl7.org/CodeSystem/designation-usage","code":"display"},"value":"Ngwane Park"}]},{"code":"189","display":"Zondwako","designation":[{"use":{"system":"http://terminology.hl7.org/CodeSystem/designation-usage","code":"display"},"value":"Zondwako"}]},{"code":"190","display":"Lundzi","designation":[{"use":{"system":"http://terminology.hl7.org/CodeSystem/designation-usage","code":"display"},"value":"Lundzi"}]},{"code":"191","display":"Dingizwe","designation":[{"use":{"system":"http://terminology.hl7.org/CodeSystem/designation-usage","code":"display"},"value":"Dingizwe"}]},{"code":"192","display":"Mlindazwe","designation":[{"use":{"system":"http://terminology.hl7.org/CodeSystem/designation-usage","code":"display"},"value":"Mlindazwe"}]},{"code":"193","display":"Mbangave","designation":[{"use":{"system":"http://terminology.hl7.org/CodeSystem/designation-usage","code":"display"},"value":"Mbangave"}]},{"code":"194","display":"Bhunya","designation":[{"use":{"system":"http://terminology.hl7.org/CodeSystem/designation-usage","code":"display"},"value":"Bhunya"}]},{"code":"195","display":"Dvokolwako","designation":[{"use":{"system":"http://terminology.hl7.org/CodeSystem/designation-usage","code":"display"},"value":"Dvokolwako"}]},{"code":"196","display":"Mbelebeleni","designation":[{"use":{"system":"http://terminology.hl7.org/CodeSystem/designation-usage","code":"display"},"value":"Mbelebeleni"}]},{"code":"197","display":"Kutsimuleni","designation":[{"use":{"system":"http://terminology.hl7.org/CodeSystem/designation-usage","code":"display"},"value":"Kutsimuleni"}]},{"code":"198","display":"Khuphuka","designation":[{"use":{"system":"http://terminology.hl7.org/CodeSystem/designation-usage","code":"display"},"value":"Khuphuka"}]},{"code":"199","display":"Likima","designation":[{"use":{"system":"http://terminology.hl7.org/CodeSystem/designation-usage","code":"display"},"value":"Likima"}]},{"code":"200","display":"Gundvwini","designation":[{"use":{"system":"http://terminology.hl7.org/CodeSystem/designation-usage","code":"display"},"value":"Gundvwini"}]},{"code":"201","display":"Gundvwini/Lesibovu","designation":[{"use":{"system":"http://terminology.hl7.org/CodeSystem/designation-usage","code":"display"},"value":"Gundvwini/Lesibovu"}]},{"code":"202","display":"Lwandle","designation":[{"use":{"system":"http://terminology.hl7.org/CodeSystem/designation-usage","code":"display"},"value":"Lwandle"}]},{"code":"203","display":"Ndlandlameni","designation":[{"use":{"system":"http://terminology.hl7.org/CodeSystem/designation-usage","code":"display"},"value":"Ndlandlameni"}]},{"code":"204","display":"Hlane/Bulunga","designation":[{"use":{"system":"http://terminology.hl7.org/CodeSystem/designation-usage","code":"display"},"value":"Hlane/Bulunga"}]},{"code":"205","display":"Dladleni","designation":[{"use":{"system":"http://terminology.hl7.org/CodeSystem/designation-usage","code":"display"},"value":"Dladleni"}]},{"code":"206","display":"Ngcoseni","designation":[{"use":{"system":"http://terminology.hl7.org/CodeSystem/designation-usage","code":"display"},"value":"Ngcoseni"}]},{"code":"207","display":"Bhadzeni 1","designation":[{"use":{"system":"http://terminology.hl7.org/CodeSystem/designation-usage","code":"display"},"value":"Bhadzeni 1"}]},{"code":"208","display":"Velezizweni","designation":[{"use":{"system":"http://terminology.hl7.org/CodeSystem/designation-usage","code":"display"},"value":"Velezizweni"}]},{"code":"209","display":"Macudvulwini","designation":[{"use":{"system":"http://terminology.hl7.org/CodeSystem/designation-usage","code":"display"},"value":"Macudvulwini"}]},{"code":"210","display":"Ngonini","designation":[{"use":{"system":"http://terminology.hl7.org/CodeSystem/designation-usage","code":"display"},"value":"Ngonini"}]},{"code":"211","display":"Njelu","designation":[{"use":{"system":"http://terminology.hl7.org/CodeSystem/designation-usage","code":"display"},"value":"Njelu"}]},{"code":"212","display":"Mphankhomo","designation":[{"use":{"system":"http://terminology.hl7.org/CodeSystem/designation-usage","code":"display"},"value":"Mphankhomo"}]},{"code":"213","display":"Masundvwini","designation":[{"use":{"system":"http://terminology.hl7.org/CodeSystem/designation-usage","code":"display"},"value":"Masundvwini"}]},{"code":"214","display":"Sibuyeni","designation":[{"use":{"system":"http://terminology.hl7.org/CodeSystem/designation-usage","code":"display"},"value":"Sibuyeni"}]},{"code":"215","display":"Vusweni","designation":[{"use":{"system":"http://terminology.hl7.org/CodeSystem/designation-usage","code":"display"},"value":"Vusweni"}]},{"code":"216","display":"Sigombeni","designation":[{"use":{"system":"http://terminology.hl7.org/CodeSystem/designation-usage","code":"display"},"value":"Sigombeni"}]},{"code":"217","display":"Ntunja","designation":[{"use":{"system":"http://terminology.hl7.org/CodeSystem/designation-usage","code":"display"},"value":"Ntunja"}]},{"code":"218","display":"Eni","designation":[{"use":{"system":"http://terminology.hl7.org/CodeSystem/designation-usage","code":"display"},"value":"Eni"}]},{"code":"219","display":"Ngcayini","designation":[{"use":{"system":"http://terminology.hl7.org/CodeSystem/designation-usage","code":"display"},"value":"Ngcayini"}]},{"code":"220","display":"Sankolweni","designation":[{"use":{"system":"http://terminology.hl7.org/CodeSystem/designation-usage","code":"display"},"value":"Sankolweni"}]},{"code":"221","display":"Nsenga","designation":[{"use":{"system":"http://terminology.hl7.org/CodeSystem/designation-usage","code":"display"},"value":"Nsenga"}]},{"code":"222","display":"Nsingweni","designation":[{"use":{"system":"http://terminology.hl7.org/CodeSystem/designation-usage","code":"display"},"value":"Nsingweni"}]},{"code":"223","display":"Ntondozi","designation":[{"use":{"system":"http://terminology.hl7.org/CodeSystem/designation-usage","code":"display"},"value":"Ntondozi"}]},{"code":"224","display":"Ncabaneni","designation":[{"use":{"system":"http://terminology.hl7.org/CodeSystem/designation-usage","code":"display"},"value":"Ncabaneni"}]},{"code":"225","display":"Khalangilile","designation":[{"use":{"system":"http://terminology.hl7.org/CodeSystem/designation-usage","code":"display"},"value":"Khalangilile"}]},{"code":"226","display":"Mphini","designation":[{"use":{"system":"http://terminology.hl7.org/CodeSystem/designation-usage","code":"display"},"value":"Mphini"}]},{"code":"227","display":"Ndinda","designation":[{"use":{"system":"http://terminology.hl7.org/CodeSystem/designation-usage","code":"display"},"value":"Ndinda"}]},{"code":"228","display":"Ndlinilembi","designation":[{"use":{"system":"http://terminology.hl7.org/CodeSystem/designation-usage","code":"display"},"value":"Ndlinilembi"}]},{"code":"229","display":"Gebeni","designation":[{"use":{"system":"http://terminology.hl7.org/CodeSystem/designation-usage","code":"display"},"value":"Gebeni"}]},{"code":"230","display":"Mgazini","designation":[{"use":{"system":"http://terminology.hl7.org/CodeSystem/designation-usage","code":"display"},"value":"Mgazini"}]},{"code":"231","display":"Bhadzeni 2","designation":[{"use":{"system":"http://terminology.hl7.org/CodeSystem/designation-usage","code":"display"},"value":"Bhadzeni 2"}]},{"code":"232","display":"Mahhashini","designation":[{"use":{"system":"http://terminology.hl7.org/CodeSystem/designation-usage","code":"display"},"value":"Mahhashini"}]},{"code":"233","display":"Lushikishini","designation":[{"use":{"system":"http://terminology.hl7.org/CodeSystem/designation-usage","code":"display"},"value":"Lushikishini"}]},{"code":"234","display":"Khabonina","designation":[{"use":{"system":"http://terminology.hl7.org/CodeSystem/designation-usage","code":"display"},"value":"Khabonina"}]},{"code":"235","display":"Dilini","designation":[{"use":{"system":"http://terminology.hl7.org/CodeSystem/designation-usage","code":"display"},"value":"Dilini"}]},{"code":"236","display":"KaDinga","designation":[{"use":{"system":"http://terminology.hl7.org/CodeSystem/designation-usage","code":"display"},"value":"KaDinga"}]},{"code":"237","display":"kaTsambekwako","designation":[{"use":{"system":"http://terminology.hl7.org/CodeSystem/designation-usage","code":"display"},"value":"kaTsambekwako"}]},{"code":"238","display":"Mashobeni","designation":[{"use":{"system":"http://terminology.hl7.org/CodeSystem/designation-usage","code":"display"},"value":"Mashobeni"}]},{"code":"239","display":"Mhlahlweni ","designation":[{"use":{"system":"http://terminology.hl7.org/CodeSystem/designation-usage","code":"display"},"value":"Mhlahlweni "}]},{"code":"240","display":"Mlindazwe","designation":[{"use":{"system":"http://terminology.hl7.org/CodeSystem/designation-usage","code":"display"},"value":"Mlindazwe"}]},{"code":"241","display":"Nshamanti","designation":[{"use":{"system":"http://terminology.hl7.org/CodeSystem/designation-usage","code":"display"},"value":"Nshamanti"}]},{"code":"242","display":"Nsukazi ","designation":[{"use":{"system":"http://terminology.hl7.org/CodeSystem/designation-usage","code":"display"},"value":"Nsukazi "}]},{"code":"243","display":"Sidwala","designation":[{"use":{"system":"http://terminology.hl7.org/CodeSystem/designation-usage","code":"display"},"value":"Sidwala"}]},{"code":"244","display":"Sisingeni","designation":[{"use":{"system":"http://terminology.hl7.org/CodeSystem/designation-usage","code":"display"},"value":"Sisingeni"}]},{"code":"245","display":"Siyendle","designation":[{"use":{"system":"http://terminology.hl7.org/CodeSystem/designation-usage","code":"display"},"value":"Siyendle"}]},{"code":"246","display":"Bufaneni","designation":[{"use":{"system":"http://terminology.hl7.org/CodeSystem/designation-usage","code":"display"},"value":"Bufaneni"}]},{"code":"247","display":"Hhohho Emuva","designation":[{"use":{"system":"http://terminology.hl7.org/CodeSystem/designation-usage","code":"display"},"value":"Hhohho Emuva"}]},{"code":"248","display":"kaLiba","designation":[{"use":{"system":"http://terminology.hl7.org/CodeSystem/designation-usage","code":"display"},"value":"kaLiba"}]},{"code":"249","display":"Lushini","designation":[{"use":{"system":"http://terminology.hl7.org/CodeSystem/designation-usage","code":"display"},"value":"Lushini"}]},{"code":"250","display":"Manyiseni","designation":[{"use":{"system":"http://terminology.hl7.org/CodeSystem/designation-usage","code":"display"},"value":"Manyiseni"}]},{"code":"251","display":"Nsingizini","designation":[{"use":{"system":"http://terminology.hl7.org/CodeSystem/designation-usage","code":"display"},"value":"Nsingizini"}]},{"code":"252","display":"Ondiyaneni","designation":[{"use":{"system":"http://terminology.hl7.org/CodeSystem/designation-usage","code":"display"},"value":"Ondiyaneni"}]},{"code":"253","display":"Ezishineni/ Manyeveni","designation":[{"use":{"system":"http://terminology.hl7.org/CodeSystem/designation-usage","code":"display"},"value":"Ezishineni/ Manyeveni"}]},{"code":"254","display":"Kaphunga","designation":[{"use":{"system":"http://terminology.hl7.org/CodeSystem/designation-usage","code":"display"},"value":"Kaphunga"}]},{"code":"255","display":"KaNdlovu","designation":[{"use":{"system":"http://terminology.hl7.org/CodeSystem/designation-usage","code":"display"},"value":"KaNdlovu"}]},{"code":"256","display":"Ngobelweni","designation":[{"use":{"system":"http://terminology.hl7.org/CodeSystem/designation-usage","code":"display"},"value":"Ngobelweni"}]},{"code":"257","display":"Nhlalabantfu","designation":[{"use":{"system":"http://terminology.hl7.org/CodeSystem/designation-usage","code":"display"},"value":"Nhlalabantfu"}]},{"code":"258","display":"KaKholwane","designation":[{"use":{"system":"http://terminology.hl7.org/CodeSystem/designation-usage","code":"display"},"value":"KaKholwane"}]},{"code":"259","display":"kaMbhoke","designation":[{"use":{"system":"http://terminology.hl7.org/CodeSystem/designation-usage","code":"display"},"value":"kaMbhoke"}]},{"code":"260","display":"kaGwebu","designation":[{"use":{"system":"http://terminology.hl7.org/CodeSystem/designation-usage","code":"display"},"value":"kaGwebu"}]},{"code":"261","display":"Gasa","designation":[{"use":{"system":"http://terminology.hl7.org/CodeSystem/designation-usage","code":"display"},"value":"Gasa"}]},{"code":"262","display":"Khamsile","designation":[{"use":{"system":"http://terminology.hl7.org/CodeSystem/designation-usage","code":"display"},"value":"Khamsile"}]},{"code":"263","display":"Lomfa","designation":[{"use":{"system":"http://terminology.hl7.org/CodeSystem/designation-usage","code":"display"},"value":"Lomfa"}]},{"code":"264","display":"Mbabane","designation":[{"use":{"system":"http://terminology.hl7.org/CodeSystem/designation-usage","code":"display"},"value":"Mbabane"}]},{"code":"265","display":"Mbangweni","designation":[{"use":{"system":"http://terminology.hl7.org/CodeSystem/designation-usage","code":"display"},"value":"Mbangweni"}]},{"code":"266","display":"Nkalaneni","designation":[{"use":{"system":"http://terminology.hl7.org/CodeSystem/designation-usage","code":"display"},"value":"Nkalaneni"}]},{"code":"267","display":"Nzameya","designation":[{"use":{"system":"http://terminology.hl7.org/CodeSystem/designation-usage","code":"display"},"value":"Nzameya"}]},{"code":"268","display":"Nkomonye","designation":[{"use":{"system":"http://terminology.hl7.org/CodeSystem/designation-usage","code":"display"},"value":"Nkomonye"}]},{"code":"269","display":"KaDlovunga ","designation":[{"use":{"system":"http://terminology.hl7.org/CodeSystem/designation-usage","code":"display"},"value":"KaDlovunga "}]},{"code":"270","display":"KaMzizi","designation":[{"use":{"system":"http://terminology.hl7.org/CodeSystem/designation-usage","code":"display"},"value":"KaMzizi"}]},{"code":"271","display":"Masibini","designation":[{"use":{"system":"http://terminology.hl7.org/CodeSystem/designation-usage","code":"display"},"value":"Masibini"}]},{"code":"272","display":"Mbilaneni","designation":[{"use":{"system":"http://terminology.hl7.org/CodeSystem/designation-usage","code":"display"},"value":"Mbilaneni"}]},{"code":"273","display":"Simemeni ","designation":[{"use":{"system":"http://terminology.hl7.org/CodeSystem/designation-usage","code":"display"},"value":"Simemeni "}]},{"code":"274","display":"Vusweni","designation":[{"use":{"system":"http://terminology.hl7.org/CodeSystem/designation-usage","code":"display"},"value":"Vusweni"}]},{"code":"275","display":"Bambitje","designation":[{"use":{"system":"http://terminology.hl7.org/CodeSystem/designation-usage","code":"display"},"value":"Bambitje"}]},{"code":"276","display":"Dinabanye","designation":[{"use":{"system":"http://terminology.hl7.org/CodeSystem/designation-usage","code":"display"},"value":"Dinabanye"}]},{"code":"277","display":"Kwaluseni","designation":[{"use":{"system":"http://terminology.hl7.org/CodeSystem/designation-usage","code":"display"},"value":"Kwaluseni"}]},{"code":"278","display":"Nkonka","designation":[{"use":{"system":"http://terminology.hl7.org/CodeSystem/designation-usage","code":"display"},"value":"Nkonka"}]},{"code":"279","display":"Nsalitje","designation":[{"use":{"system":"http://terminology.hl7.org/CodeSystem/designation-usage","code":"display"},"value":"Nsalitje"}]},{"code":"280","display":"Qomintaba","designation":[{"use":{"system":"http://terminology.hl7.org/CodeSystem/designation-usage","code":"display"},"value":"Qomintaba"}]},{"code":"281","display":"Benezer","designation":[{"use":{"system":"http://terminology.hl7.org/CodeSystem/designation-usage","code":"display"},"value":"Benezer"}]},{"code":"282","display":"Bhanganoma","designation":[{"use":{"system":"http://terminology.hl7.org/CodeSystem/designation-usage","code":"display"},"value":"Bhanganoma"}]},{"code":"283","display":"Kwendzeni","designation":[{"use":{"system":"http://terminology.hl7.org/CodeSystem/designation-usage","code":"display"},"value":"Kwendzeni"}]},{"code":"284","display":"Magele","designation":[{"use":{"system":"http://terminology.hl7.org/CodeSystem/designation-usage","code":"display"},"value":"Magele"}]},{"code":"285","display":"Zenzile","designation":[{"use":{"system":"http://terminology.hl7.org/CodeSystem/designation-usage","code":"display"},"value":"Zenzile"}]},{"code":"286","display":"KaMbiko","designation":[{"use":{"system":"http://terminology.hl7.org/CodeSystem/designation-usage","code":"display"},"value":"KaMbiko"}]},{"code":"287","display":"KaMhawu","designation":[{"use":{"system":"http://terminology.hl7.org/CodeSystem/designation-usage","code":"display"},"value":"KaMhawu"}]},{"code":"288","display":"KaMshengu","designation":[{"use":{"system":"http://terminology.hl7.org/CodeSystem/designation-usage","code":"display"},"value":"KaMshengu"}]},{"code":"289","display":"Lusitini","designation":[{"use":{"system":"http://terminology.hl7.org/CodeSystem/designation-usage","code":"display"},"value":"Lusitini"}]},{"code":"290","display":"Mphini","designation":[{"use":{"system":"http://terminology.hl7.org/CodeSystem/designation-usage","code":"display"},"value":"Mphini"}]},{"code":"291","display":"Ndushulweni","designation":[{"use":{"system":"http://terminology.hl7.org/CodeSystem/designation-usage","code":"display"},"value":"Ndushulweni"}]},{"code":"292","display":"Nokwane","designation":[{"use":{"system":"http://terminology.hl7.org/CodeSystem/designation-usage","code":"display"},"value":"Nokwane"}]},{"code":"293","display":"Phobane","designation":[{"use":{"system":"http://terminology.hl7.org/CodeSystem/designation-usage","code":"display"},"value":"Phobane"}]},{"code":"294","display":"Buseleni","designation":[{"use":{"system":"http://terminology.hl7.org/CodeSystem/designation-usage","code":"display"},"value":"Buseleni"}]},{"code":"295","display":"Hlobane","designation":[{"use":{"system":"http://terminology.hl7.org/CodeSystem/designation-usage","code":"display"},"value":"Hlobane"}]},{"code":"296","display":"Kuphumuleni","designation":[{"use":{"system":"http://terminology.hl7.org/CodeSystem/designation-usage","code":"display"},"value":"Kuphumuleni"}]},{"code":"297","display":"Nkwene","designation":[{"use":{"system":"http://terminology.hl7.org/CodeSystem/designation-usage","code":"display"},"value":"Nkwene"}]},{"code":"298","display":"kaGwegwe","designation":[{"use":{"system":"http://terminology.hl7.org/CodeSystem/designation-usage","code":"display"},"value":"kaGwegwe"}]},{"code":"299","display":"Ezibondeni/Kashiba","designation":[{"use":{"system":"http://terminology.hl7.org/CodeSystem/designation-usage","code":"display"},"value":"Ezibondeni/Kashiba"}]},{"code":"300","display":"Nhletjeni","designation":[{"use":{"system":"http://terminology.hl7.org/CodeSystem/designation-usage","code":"display"},"value":"Nhletjeni"}]},{"code":"301","display":"Nkhungwini","designation":[{"use":{"system":"http://terminology.hl7.org/CodeSystem/designation-usage","code":"display"},"value":"Nkhungwini"}]},{"code":"302","display":"Ngololweni","designation":[{"use":{"system":"http://terminology.hl7.org/CodeSystem/designation-usage","code":"display"},"value":"Ngololweni"}]},{"code":"303","display":"Dumenkhungwini","designation":[{"use":{"system":"http://terminology.hl7.org/CodeSystem/designation-usage","code":"display"},"value":"Dumenkhungwini"}]},{"code":"304","display":"Eposini","designation":[{"use":{"system":"http://terminology.hl7.org/CodeSystem/designation-usage","code":"display"},"value":"Eposini"}]},{"code":"305","display":"Hhuhhuma","designation":[{"use":{"system":"http://terminology.hl7.org/CodeSystem/designation-usage","code":"display"},"value":"Hhuhhuma"}]},{"code":"306","display":"Mabonabulawe","designation":[{"use":{"system":"http://terminology.hl7.org/CodeSystem/designation-usage","code":"display"},"value":"Mabonabulawe"}]},{"code":"307","display":"Manyandzeni ","designation":[{"use":{"system":"http://terminology.hl7.org/CodeSystem/designation-usage","code":"display"},"value":"Manyandzeni "}]},{"code":"308","display":"Mchinsweni ","designation":[{"use":{"system":"http://terminology.hl7.org/CodeSystem/designation-usage","code":"display"},"value":"Mchinsweni "}]},{"code":"309","display":"Zikhotheni ","designation":[{"use":{"system":"http://terminology.hl7.org/CodeSystem/designation-usage","code":"display"},"value":"Zikhotheni "}]},{"code":"310","display":"Mahlalini","designation":[{"use":{"system":"http://terminology.hl7.org/CodeSystem/designation-usage","code":"display"},"value":"Mahlalini"}]},{"code":"311","display":"Mbabala","designation":[{"use":{"system":"http://terminology.hl7.org/CodeSystem/designation-usage","code":"display"},"value":"Mbabala"}]},{"code":"312","display":"Mbeka","designation":[{"use":{"system":"http://terminology.hl7.org/CodeSystem/designation-usage","code":"display"},"value":"Mbeka"}]},{"code":"313","display":"Makhwelela","designation":[{"use":{"system":"http://terminology.hl7.org/CodeSystem/designation-usage","code":"display"},"value":"Makhwelela"}]},{"code":"314","display":"Mpangisweni","designation":[{"use":{"system":"http://terminology.hl7.org/CodeSystem/designation-usage","code":"display"},"value":"Mpangisweni"}]},{"code":"315","display":"Mbangweni","designation":[{"use":{"system":"http://terminology.hl7.org/CodeSystem/designation-usage","code":"display"},"value":"Mbangweni"}]},{"code":"316","display":"Mathendele","designation":[{"use":{"system":"http://terminology.hl7.org/CodeSystem/designation-usage","code":"display"},"value":"Mathendele"}]},{"code":"317","display":"Mkhitsini","designation":[{"use":{"system":"http://terminology.hl7.org/CodeSystem/designation-usage","code":"display"},"value":"Mkhitsini"}]},{"code":"318","display":"Sikhotseni","designation":[{"use":{"system":"http://terminology.hl7.org/CodeSystem/designation-usage","code":"display"},"value":"Sikhotseni"}]},{"code":"319","display":"Lulakeni","designation":[{"use":{"system":"http://terminology.hl7.org/CodeSystem/designation-usage","code":"display"},"value":"Lulakeni"}]},{"code":"320","display":"Kuphumleni ","designation":[{"use":{"system":"http://terminology.hl7.org/CodeSystem/designation-usage","code":"display"},"value":"Kuphumleni "}]},{"code":"321","display":"Ndunayithini","designation":[{"use":{"system":"http://terminology.hl7.org/CodeSystem/designation-usage","code":"display"},"value":"Ndunayithini"}]},{"code":"322","display":"Nyatsini","designation":[{"use":{"system":"http://terminology.hl7.org/CodeSystem/designation-usage","code":"display"},"value":"Nyatsini"}]},{"code":"323","display":"Ezindwendweni","designation":[{"use":{"system":"http://terminology.hl7.org/CodeSystem/designation-usage","code":"display"},"value":"Ezindwendweni"}]},{"code":"324","display":"Luhlekweni","designation":[{"use":{"system":"http://terminology.hl7.org/CodeSystem/designation-usage","code":"display"},"value":"Luhlekweni"}]},{"code":"325","display":"Maplotini","designation":[{"use":{"system":"http://terminology.hl7.org/CodeSystem/designation-usage","code":"display"},"value":"Maplotini"}]},{"code":"326","display":"Ntuthwakazi","designation":[{"use":{"system":"http://terminology.hl7.org/CodeSystem/designation-usage","code":"display"},"value":"Ntuthwakazi"}]},{"code":"327","display":"Nsubane","designation":[{"use":{"system":"http://terminology.hl7.org/CodeSystem/designation-usage","code":"display"},"value":"Nsubane"}]},{"code":"328","display":"Phangweni","designation":[{"use":{"system":"http://terminology.hl7.org/CodeSystem/designation-usage","code":"display"},"value":"Phangweni"}]},{"code":"329","display":"Vimbizibuko","designation":[{"use":{"system":"http://terminology.hl7.org/CodeSystem/designation-usage","code":"display"},"value":"Vimbizibuko"}]},{"code":"330","display":"Bulekeni","designation":[{"use":{"system":"http://terminology.hl7.org/CodeSystem/designation-usage","code":"display"},"value":"Bulekeni"}]},{"code":"331","display":"Mampondweni","designation":[{"use":{"system":"http://terminology.hl7.org/CodeSystem/designation-usage","code":"display"},"value":"Mampondweni"}]},{"code":"332","display":"Ngwenyameni ","designation":[{"use":{"system":"http://terminology.hl7.org/CodeSystem/designation-usage","code":"display"},"value":"Ngwenyameni "}]},{"code":"333","display":"Zombodze ","designation":[{"use":{"system":"http://terminology.hl7.org/CodeSystem/designation-usage","code":"display"},"value":"Zombodze "}]},{"code":"334","display":"Nduma","designation":[{"use":{"system":"http://terminology.hl7.org/CodeSystem/designation-usage","code":"display"},"value":"Nduma"}]},{"code":"335","display":"Kupheleni","designation":[{"use":{"system":"http://terminology.hl7.org/CodeSystem/designation-usage","code":"display"},"value":"Kupheleni"}]},{"code":"336","display":"Mpolonjeni","designation":[{"use":{"system":"http://terminology.hl7.org/CodeSystem/designation-usage","code":"display"},"value":"Mpolonjeni"}]},{"code":"337","display":"Nhlalabantfu","designation":[{"use":{"system":"http://terminology.hl7.org/CodeSystem/designation-usage","code":"display"},"value":"Nhlalabantfu"}]},{"code":"338","display":"Mhlangatane","designation":[{"use":{"system":"http://terminology.hl7.org/CodeSystem/designation-usage","code":"display"},"value":"Mhlangatane"}]},{"code":"340","display":"Mhawini","designation":[{"use":{"system":"http://terminology.hl7.org/CodeSystem/designation-usage","code":"display"},"value":"Mhawini"}]}]}