{"resourceType":"CodeSystem","id":"SzMalariaEncounterCodesCS","text":{"status":"generated","div":"<div xmlns=\"http://www.w3.org/1999/xhtml\"><p class=\"res-header-id\"><b>Generated Narrative: CodeSystem SzMalariaEncounterCodesCS</b></p><a name=\"SzMalariaEncounterCodesCS\"> </a><a name=\"hcSzMalariaEncounterCodesCS\"> </a><p>This  code system <code>http://172.209.216.154:3447/fhir/CodeSystem/SzMalariaEncounterCodesCS</code> defines the following codes:</p><table class=\"codes\"><tr><td style=\"white-space:nowrap\"><b>Code</b></td><td><b>Display</b></td></tr><tr><td style=\"white-space:nowrap\">aci<a name=\"SzMalariaEncounterCodesCS-aci\"> </a></td><td>Active Case Investigation</td></tr><tr><td style=\"white-space:nowrap\">rci<a name=\"SzMalariaEncounterCodesCS-rci\"> </a></td><td>Reactive Case Investigation</td></tr><tr><td style=\"white-space:nowrap\">p<a name=\"SzMalariaEncounterCodesCS-p\"> </a></td><td>Proactive</td></tr></table></div>"},"url":"http://172.209.216.154:3447/fhir/CodeSystem/SzMalariaEncounterCodesCS","version":"0.1.0","name":"SzMalariaEncounterCodesCS","title":"Eswatini Malaria Encounter Codes","status":"draft","date":"2025-09-10T10:05:20+00:00","publisher":"Ministry of Health Eswatini","contact":[{"name":"Ministry of Health Eswatini","telecom":[{"system":"url","value":"https://172.209.216.154:3447"},{"system":"email","value":"eswatinihie@moh.gov.sz"}]}],"description":"Eswatini Malaria Encounter Codes","content":"complete","count":3,"concept":[{"code":"aci","display":"Active Case Investigation","designation":[{"use":{"system":"http://terminology.hl7.org/CodeSystem/designation-usage","code":"display"},"value":"Active Case Investigation"}]},{"code":"rci","display":"Reactive Case Investigation","designation":[{"use":{"system":"http://terminology.hl7.org/CodeSystem/designation-usage","code":"display"},"value":"Reactive Case Investigation"}]},{"code":"p","display":"Proactive","designation":[{"use":{"system":"http://terminology.hl7.org/CodeSystem/designation-usage","code":"display"},"value":"Proactive"}]}]}