{"resourceType":"CodeSystem","id":"SzEncounterReasonCS","text":{"status":"generated","div":"<div xmlns=\"http://www.w3.org/1999/xhtml\"><p class=\"res-header-id\"><b>Generated Narrative: CodeSystem SzEncounterReasonCS</b></p><a name=\"SzEncounterReasonCS\"> </a><a name=\"hcSzEncounterReasonCS\"> </a><p>This  code system <code>http://172.209.216.154:3447/fhir/CodeSystem/SzEncounterReasonCS</code> defines the following codes:</p><table class=\"codes\"><tr><td style=\"white-space:nowrap\"><b>Code</b></td><td><b>Display</b></td></tr><tr><td style=\"white-space:nowrap\">ART<a name=\"SzEncounterReasonCS-ART\"> </a></td><td>Anti Retroviral Therapy</td></tr><tr><td style=\"white-space:nowrap\">HTS<a name=\"SzEncounterReasonCS-HTS\"> </a></td><td>HIV Testing Services</td></tr><tr><td style=\"white-space:nowrap\">ANC<a name=\"SzEncounterReasonCS-ANC\"> </a></td><td>Ante Natal Care</td></tr><tr><td style=\"white-space:nowrap\">PNC<a name=\"SzEncounterReasonCS-PNC\"> </a></td><td>Post Natal Care</td></tr><tr><td style=\"white-space:nowrap\">FP<a name=\"SzEncounterReasonCS-FP\"> </a></td><td>Family Planning</td></tr><tr><td style=\"white-space:nowrap\">ACI<a name=\"SzEncounterReasonCS-ACI\"> </a></td><td>Active Case Investigation</td></tr><tr><td style=\"white-space:nowrap\">RCD<a name=\"SzEncounterReasonCS-RCD\"> </a></td><td>Reactive Case Detection</td></tr><tr><td style=\"white-space:nowrap\">P<a name=\"SzEncounterReasonCS-P\"> </a></td><td>Proactive</td></tr></table></div>"},"url":"http://172.209.216.154:3447/fhir/CodeSystem/SzEncounterReasonCS","version":"0.1.0","name":"SzEncounterReasonCS","title":"Code System: Eswatini Encounter Reason Codes","status":"draft","date":"2025-08-01T12:25:19+00:00","publisher":"Ministry of Health Eswatini","contact":[{"name":"Ministry of Health Eswatini","telecom":[{"system":"url","value":"https://172.209.216.154:3447"},{"system":"email","value":"eswatinihie@moh.gov.sz"}]}],"description":"Code System for Eswatini Encounter Reason Codes","content":"complete","count":8,"concept":[{"code":"ART","display":"Anti Retroviral Therapy","designation":[{"use":{"system":"http://terminology.hl7.org/CodeSystem/designation-usage","code":"display"},"value":"Anti Retroviral Therapy"}]},{"code":"HTS","display":"HIV Testing Services","designation":[{"use":{"system":"http://terminology.hl7.org/CodeSystem/designation-usage","code":"display"},"value":"HIV Testing Services"}]},{"code":"ANC","display":"Ante Natal Care","designation":[{"use":{"system":"http://terminology.hl7.org/CodeSystem/designation-usage","code":"display"},"value":"Ante Natal Care"}]},{"code":"PNC","display":"Post Natal Care","designation":[{"use":{"system":"http://terminology.hl7.org/CodeSystem/designation-usage","code":"display"},"value":"Post Natal Care"}]},{"code":"FP","display":"Family Planning","designation":[{"use":{"system":"http://terminology.hl7.org/CodeSystem/designation-usage","code":"display"},"value":"Family Planning"}]},{"code":"ACI","display":"Active Case Investigation","designation":[{"use":{"system":"http://terminology.hl7.org/CodeSystem/designation-usage","code":"display"},"value":"Active Case Investigation"}]},{"code":"RCD","display":"Reactive Case Detection","designation":[{"use":{"system":"http://terminology.hl7.org/CodeSystem/designation-usage","code":"display"},"value":"Reactive Case Detection"}]},{"code":"P","display":"Proactive","designation":[{"use":{"system":"http://terminology.hl7.org/CodeSystem/designation-usage","code":"display"},"value":"Proactive"}]}]}