{"resourceType":"CodeSystem","id":"SzReasonsForReferralCS","text":{"status":"generated","div":"<div xmlns=\"http://www.w3.org/1999/xhtml\"><p class=\"res-header-id\"><b>Generated Narrative: CodeSystem SzReasonsForReferralCS</b></p><a name=\"SzReasonsForReferralCS\"> </a><a name=\"hcSzReasonsForReferralCS\"> </a><p>This  code system <code>http://172.209.216.154:3447/fhir/CodeSystem/SzReasonsForReferralCS</code> defines the following codes:</p><table class=\"codes\"><tr><td style=\"white-space:nowrap\"><b>Code</b></td><td><b>Display</b></td></tr><tr><td style=\"white-space:nowrap\">1<a name=\"SzReasonsForReferralCS-1\"> </a></td><td>Care and Treatment Services (excluding ART)</td></tr><tr><td style=\"white-space:nowrap\">2<a name=\"SzReasonsForReferralCS-2\"> </a></td><td>Nutritional Support</td></tr><tr><td style=\"white-space:nowrap\">3<a name=\"SzReasonsForReferralCS-3\"> </a></td><td>Home Based Care</td></tr><tr><td style=\"white-space:nowrap\">4<a name=\"SzReasonsForReferralCS-4\"> </a></td><td>TB Services</td></tr><tr><td style=\"white-space:nowrap\">5<a name=\"SzReasonsForReferralCS-5\"> </a></td><td>STI Screening and/or Treatment</td></tr><tr><td style=\"white-space:nowrap\">6<a name=\"SzReasonsForReferralCS-6\"> </a></td><td>Medical Male Circumcision</td></tr><tr><td style=\"white-space:nowrap\">7<a name=\"SzReasonsForReferralCS-7\"> </a></td><td>Psychological and/or Social Support Groups</td></tr><tr><td style=\"white-space:nowrap\">8<a name=\"SzReasonsForReferralCS-8\"> </a></td><td>Repeat Testing for Inconclusive Results</td></tr><tr><td style=\"white-space:nowrap\">9<a name=\"SzReasonsForReferralCS-9\"> </a></td><td>PMTCT Services</td></tr><tr><td style=\"white-space:nowrap\">10<a name=\"SzReasonsForReferralCS-10\"> </a></td><td>Family Planning Services</td></tr><tr><td style=\"white-space:nowrap\">11<a name=\"SzReasonsForReferralCS-11\"> </a></td><td>DNA PCR</td></tr><tr><td style=\"white-space:nowrap\">12<a name=\"SzReasonsForReferralCS-12\"> </a></td><td>HIV Care Services</td></tr><tr><td style=\"white-space:nowrap\">13<a name=\"SzReasonsForReferralCS-13\"> </a></td><td>ART Services</td></tr><tr><td style=\"white-space:nowrap\">14<a name=\"SzReasonsForReferralCS-14\"> </a></td><td>Lab testing</td></tr><tr><td style=\"white-space:nowrap\">1013<a name=\"SzReasonsForReferralCS-1013\"> </a></td><td>Skin</td></tr><tr><td style=\"white-space:nowrap\">1014<a name=\"SzReasonsForReferralCS-1014\"> </a></td><td>Dental</td></tr><tr><td style=\"white-space:nowrap\">1015<a name=\"SzReasonsForReferralCS-1015\"> </a></td><td>Transfer out</td></tr><tr><td style=\"white-space:nowrap\">1016<a name=\"SzReasonsForReferralCS-1016\"> </a></td><td>ART initiation</td></tr><tr><td style=\"white-space:nowrap\">1017<a name=\"SzReasonsForReferralCS-1017\"> </a></td><td>Prevention service</td></tr><tr><td style=\"white-space:nowrap\">1018<a name=\"SzReasonsForReferralCS-1018\"> </a></td><td>PrEP Services</td></tr><tr><td style=\"white-space:nowrap\">1019<a name=\"SzReasonsForReferralCS-1019\"> </a></td><td>Presumptive COVID-19 Client</td></tr><tr><td style=\"white-space:nowrap\">1020<a name=\"SzReasonsForReferralCS-1020\"> </a></td><td>Lumbar puncture</td></tr><tr><td style=\"white-space:nowrap\">1021<a name=\"SzReasonsForReferralCS-1021\"> </a></td><td>PEP</td></tr><tr><td style=\"white-space:nowrap\">1022<a name=\"SzReasonsForReferralCS-1022\"> </a></td><td>PrEP</td></tr><tr><td style=\"white-space:nowrap\">2013<a name=\"SzReasonsForReferralCS-2013\"> </a></td><td>Suspected Congenital Syphilis</td></tr></table></div>"},"url":"http://172.209.216.154:3447/fhir/CodeSystem/SzReasonsForReferralCS","version":"0.1.0","name":"EswatiniReasonsForReferrals","title":"Code System: Eswatini Reasons for Referral","status":"active","experimental":false,"date":"2025-09-08T12:30:01+00:00","publisher":"Ministry of Health Eswatini","contact":[{"name":"Ministry of Health Eswatini","telecom":[{"system":"url","value":"https://172.209.216.154:3447"},{"system":"email","value":"eswatinihie@moh.gov.sz"}]}],"description":"Data element that contains codes for reasons for referral","content":"complete","count":25,"concept":[{"code":"1","display":"Care and Treatment Services (excluding ART)","designation":[{"use":{"system":"http://terminology.hl7.org/CodeSystem/designation-usage","code":"display"},"value":"Care and Treatment Services (excluding ART)"}]},{"code":"2","display":"Nutritional Support","designation":[{"use":{"system":"http://terminology.hl7.org/CodeSystem/designation-usage","code":"display"},"value":"Nutritional Support"}]},{"code":"3","display":"Home Based Care","designation":[{"use":{"system":"http://terminology.hl7.org/CodeSystem/designation-usage","code":"display"},"value":"Home Based Care"}]},{"code":"4","display":"TB Services","designation":[{"use":{"system":"http://terminology.hl7.org/CodeSystem/designation-usage","code":"display"},"value":"TB Services"}]},{"code":"5","display":"STI Screening and/or Treatment","designation":[{"use":{"system":"http://terminology.hl7.org/CodeSystem/designation-usage","code":"display"},"value":"STI Screening and/or Treatment"}]},{"code":"6","display":"Medical Male Circumcision","designation":[{"use":{"system":"http://terminology.hl7.org/CodeSystem/designation-usage","code":"display"},"value":"Medical Male Circumcision"}]},{"code":"7","display":"Psychological and/or Social Support Groups","designation":[{"use":{"system":"http://terminology.hl7.org/CodeSystem/designation-usage","code":"display"},"value":"Psychological and/or Social Support Groups"}]},{"code":"8","display":"Repeat Testing for Inconclusive Results","designation":[{"use":{"system":"http://terminology.hl7.org/CodeSystem/designation-usage","code":"display"},"value":"Repeat Testing for Inconclusive Results"}]},{"code":"9","display":"PMTCT Services","designation":[{"use":{"system":"http://terminology.hl7.org/CodeSystem/designation-usage","code":"display"},"value":"PMTCT Services"}]},{"code":"10","display":"Family Planning Services","designation":[{"use":{"system":"http://terminology.hl7.org/CodeSystem/designation-usage","code":"display"},"value":"Family Planning Services"}]},{"code":"11","display":"DNA PCR","designation":[{"use":{"system":"http://terminology.hl7.org/CodeSystem/designation-usage","code":"display"},"value":"DNA PCR"}]},{"code":"12","display":"HIV Care Services","designation":[{"use":{"system":"http://terminology.hl7.org/CodeSystem/designation-usage","code":"display"},"value":"HIV Care Services"}]},{"code":"13","display":"ART Services","designation":[{"use":{"system":"http://terminology.hl7.org/CodeSystem/designation-usage","code":"display"},"value":"ART Services"}]},{"code":"14","display":"Lab testing","designation":[{"use":{"system":"http://terminology.hl7.org/CodeSystem/designation-usage","code":"display"},"value":"Lab testing"}]},{"code":"1013","display":"Skin","designation":[{"use":{"system":"http://terminology.hl7.org/CodeSystem/designation-usage","code":"display"},"value":"Skin"}]},{"code":"1014","display":"Dental","designation":[{"use":{"system":"http://terminology.hl7.org/CodeSystem/designation-usage","code":"display"},"value":"Dental"}]},{"code":"1015","display":"Transfer out","designation":[{"use":{"system":"http://terminology.hl7.org/CodeSystem/designation-usage","code":"display"},"value":"Transfer out"}]},{"code":"1016","display":"ART initiation","designation":[{"use":{"system":"http://terminology.hl7.org/CodeSystem/designation-usage","code":"display"},"value":"ART initiation"}]},{"code":"1017","display":"Prevention service","designation":[{"use":{"system":"http://terminology.hl7.org/CodeSystem/designation-usage","code":"display"},"value":"Prevention service"}]},{"code":"1018","display":"PrEP Services","designation":[{"use":{"system":"http://terminology.hl7.org/CodeSystem/designation-usage","code":"display"},"value":"PrEP Services"}]},{"code":"1019","display":"Presumptive COVID-19 Client","designation":[{"use":{"system":"http://terminology.hl7.org/CodeSystem/designation-usage","code":"display"},"value":"Presumptive COVID-19 Client"}]},{"code":"1020","display":"Lumbar puncture","designation":[{"use":{"system":"http://terminology.hl7.org/CodeSystem/designation-usage","code":"display"},"value":"Lumbar puncture"}]},{"code":"1021","display":"PEP","designation":[{"use":{"system":"http://terminology.hl7.org/CodeSystem/designation-usage","code":"display"},"value":"PEP"}]},{"code":"1022","display":"PrEP","designation":[{"use":{"system":"http://terminology.hl7.org/CodeSystem/designation-usage","code":"display"},"value":"PrEP"}]},{"code":"2013","display":"Suspected Congenital Syphilis","designation":[{"use":{"system":"http://terminology.hl7.org/CodeSystem/designation-usage","code":"display"},"value":"Suspected Congenital Syphilis"}]}]}