{"resourceType":"CodeSystem","id":"SzEncounterClassificationCS","text":{"status":"generated","div":"<div xmlns=\"http://www.w3.org/1999/xhtml\"><p class=\"res-header-id\"><b>Generated Narrative: CodeSystem SzEncounterClassificationCS</b></p><a name=\"SzEncounterClassificationCS\"> </a><a name=\"hcSzEncounterClassificationCS\"> </a><p>This  code system <code>http://172.209.216.154:3447/fhir/CodeSystem/SzEncounterClassificationCS</code> defines the following code:</p><table class=\"codes\"><tr><td style=\"white-space:nowrap\"><b>Code</b></td><td><b>Display</b></td></tr><tr><td style=\"white-space:nowrap\">OPD<a name=\"SzEncounterClassificationCS-OPD\"> </a></td><td>Out Patient Department</td></tr></table></div>"},"url":"http://172.209.216.154:3447/fhir/CodeSystem/SzEncounterClassificationCS","version":"0.1.0","name":"EswatiniEncounterClassification","title":"Code System: Encounter Classification","status":"active","experimental":false,"date":"2025-09-08T12:30:01+00:00","publisher":"Ministry of Health Eswatini","contact":[{"name":"Ministry of Health Eswatini","telecom":[{"system":"url","value":"https://172.209.216.154:3447"},{"system":"email","value":"eswatinihie@moh.gov.sz"}]}],"description":"Data element that contains the classification of encounters.","content":"complete","count":1,"concept":[{"code":"OPD","display":"Out Patient Department","designation":[{"use":{"system":"http://terminology.hl7.org/CodeSystem/designation-usage","code":"display"},"value":"Out Patient Department"}]}]}