{"resourceType":"CodeSystem","id":"SzTinkhundlaCS","text":{"status":"generated","div":"<div xmlns=\"http://www.w3.org/1999/xhtml\"><p class=\"res-header-id\"><b>Generated Narrative: CodeSystem SzTinkhundlaCS</b></p><a name=\"SzTinkhundlaCS\"> </a><a name=\"hcSzTinkhundlaCS\"> </a><p>This  code system <code>http://172.209.216.154:3447/fhir/CodeSystem/SzTinkhundlaCS</code> defines the following codes:</p><table class=\"codes\"><tr><td style=\"white-space:nowrap\"><b>Code</b></td><td><b>Display</b></td></tr><tr><td style=\"white-space:nowrap\">Unspecified<a name=\"SzTinkhundlaCS-Unspecified\"> </a></td><td>Unspecified</td></tr><tr><td style=\"white-space:nowrap\">HHUKWINI<a name=\"SzTinkhundlaCS-HHUKWINI\"> </a></td><td>HHUKWINI</td></tr><tr><td style=\"white-space:nowrap\">LOBAMBA<a name=\"SzTinkhundlaCS-LOBAMBA\"> </a></td><td>LOBAMBA</td></tr><tr><td style=\"white-space:nowrap\">MADLANGEMPISI<a name=\"SzTinkhundlaCS-MADLANGEMPISI\"> </a></td><td>MADLANGEMPISI</td></tr><tr><td style=\"white-space:nowrap\">MAPHALALENI<a name=\"SzTinkhundlaCS-MAPHALALENI\"> </a></td><td>MAPHALALENI</td></tr><tr><td style=\"white-space:nowrap\">MAYIWANE<a name=\"SzTinkhundlaCS-MAYIWANE\"> </a></td><td>MAYIWANE</td></tr><tr><td style=\"white-space:nowrap\">MBABANE_EAST<a name=\"SzTinkhundlaCS-MBABANE_EAST\"> </a></td><td>MBABANE EAST</td></tr><tr><td style=\"white-space:nowrap\">MBABANE_WEST<a name=\"SzTinkhundlaCS-MBABANE_WEST\"> </a></td><td>MBABANE WEST</td></tr><tr><td style=\"white-space:nowrap\">MHLANGATANE<a name=\"SzTinkhundlaCS-MHLANGATANE\"> </a></td><td>MHLANGATANE</td></tr><tr><td style=\"white-space:nowrap\">NDZINGENI<a name=\"SzTinkhundlaCS-NDZINGENI\"> </a></td><td>NDZINGENI</td></tr><tr><td style=\"white-space:nowrap\">NKHABA<a name=\"SzTinkhundlaCS-NKHABA\"> </a></td><td>NKHABA</td></tr><tr><td style=\"white-space:nowrap\">NTFONJENI<a name=\"SzTinkhundlaCS-NTFONJENI\"> </a></td><td>NTFONJENI</td></tr><tr><td style=\"white-space:nowrap\">PIGGS_PEAK<a name=\"SzTinkhundlaCS-PIGGS_PEAK\"> </a></td><td>PIGGS PEAK</td></tr><tr><td style=\"white-space:nowrap\">SIPHOCOSINI<a name=\"SzTinkhundlaCS-SIPHOCOSINI\"> </a></td><td>SIPHOCOSINI</td></tr><tr><td style=\"white-space:nowrap\">TIMPHISINI<a name=\"SzTinkhundlaCS-TIMPHISINI\"> </a></td><td>TIMPHISINI</td></tr><tr><td style=\"white-space:nowrap\">DVOKODVWENI<a name=\"SzTinkhundlaCS-DVOKODVWENI\"> </a></td><td>DVOKODVWENI</td></tr><tr><td style=\"white-space:nowrap\">GILGALI<a name=\"SzTinkhundlaCS-GILGALI\"> </a></td><td>GILGALI</td></tr><tr><td style=\"white-space:nowrap\">LOMAHASHA<a name=\"SzTinkhundlaCS-LOMAHASHA\"> </a></td><td>LOMAHASHA</td></tr><tr><td style=\"white-space:nowrap\">LUBULI<a name=\"SzTinkhundlaCS-LUBULI\"> </a></td><td>LUBULI</td></tr><tr><td style=\"white-space:nowrap\">LUGONGOLWENI<a name=\"SzTinkhundlaCS-LUGONGOLWENI\"> </a></td><td>LUGONGOLWENI</td></tr><tr><td style=\"white-space:nowrap\">MATSANJENI_NORTH<a name=\"SzTinkhundlaCS-MATSANJENI_NORTH\"> </a></td><td>MATSANJENI NORTH</td></tr><tr><td style=\"white-space:nowrap\">MHLUME<a name=\"SzTinkhundlaCS-MHLUME\"> </a></td><td>MHLUME</td></tr><tr><td style=\"white-space:nowrap\">MPOLONJENI<a name=\"SzTinkhundlaCS-MPOLONJENI\"> </a></td><td>MPOLONJENI</td></tr><tr><td style=\"white-space:nowrap\">NKILONGO<a name=\"SzTinkhundlaCS-NKILONGO\"> </a></td><td>NKILONGO</td></tr><tr><td style=\"white-space:nowrap\">SIPHOFANENI<a name=\"SzTinkhundlaCS-SIPHOFANENI\"> </a></td><td>SIPHOFANENI</td></tr><tr><td style=\"white-space:nowrap\">SITHOBELA<a name=\"SzTinkhundlaCS-SITHOBELA\"> </a></td><td>SITHOBELA</td></tr><tr><td style=\"white-space:nowrap\">KUKHANYENI<a name=\"SzTinkhundlaCS-KUKHANYENI\"> </a></td><td>KUKHANYENI</td></tr><tr><td style=\"white-space:nowrap\">KWALUSENI<a name=\"SzTinkhundlaCS-KWALUSENI\"> </a></td><td>KWALUSENI</td></tr><tr><td style=\"white-space:nowrap\">LAMGABHI<a name=\"SzTinkhundlaCS-LAMGABHI\"> </a></td><td>LAMGABHI</td></tr><tr><td style=\"white-space:nowrap\">LOBAMBA_LOMDZALA<a name=\"SzTinkhundlaCS-LOBAMBA_LOMDZALA\"> </a></td><td>LOBAMBA LOMDZALA</td></tr><tr><td style=\"white-space:nowrap\">LUDZELUDZE<a name=\"SzTinkhundlaCS-LUDZELUDZE\"> </a></td><td>LUDZELUDZE</td></tr><tr><td style=\"white-space:nowrap\">MAFUTSENI<a name=\"SzTinkhundlaCS-MAFUTSENI\"> </a></td><td>MAFUTSENI</td></tr><tr><td style=\"white-space:nowrap\">MAHLANGATSHA<a name=\"SzTinkhundlaCS-MAHLANGATSHA\"> </a></td><td>MAHLANGATSHA</td></tr><tr><td style=\"white-space:nowrap\">MANGCONGCO<a name=\"SzTinkhundlaCS-MANGCONGCO\"> </a></td><td>MANGCONGCO</td></tr><tr><td style=\"white-space:nowrap\">MANZINI_NORTH<a name=\"SzTinkhundlaCS-MANZINI_NORTH\"> </a></td><td>MANZINI NORTH</td></tr><tr><td style=\"white-space:nowrap\">MANZINI_SOUTH<a name=\"SzTinkhundlaCS-MANZINI_SOUTH\"> </a></td><td>MANZINI SOUTH</td></tr><tr><td style=\"white-space:nowrap\">MHLAMBANYATSI<a name=\"SzTinkhundlaCS-MHLAMBANYATSI\"> </a></td><td>MHLAMBANYATSI</td></tr><tr><td style=\"white-space:nowrap\">MKHIWENI<a name=\"SzTinkhundlaCS-MKHIWENI\"> </a></td><td>MKHIWENI</td></tr><tr><td style=\"white-space:nowrap\">MTFONGWANENI<a name=\"SzTinkhundlaCS-MTFONGWANENI\"> </a></td><td>MTFONGWANENI</td></tr><tr><td style=\"white-space:nowrap\">NGWEMPISI<a name=\"SzTinkhundlaCS-NGWEMPISI\"> </a></td><td>NGWEMPISI</td></tr><tr><td style=\"white-space:nowrap\">NHLAMBENI<a name=\"SzTinkhundlaCS-NHLAMBENI\"> </a></td><td>NHLAMBENI</td></tr><tr><td style=\"white-space:nowrap\">NKOMIYAHLABA<a name=\"SzTinkhundlaCS-NKOMIYAHLABA\"> </a></td><td>NKOMIYAHLABA</td></tr><tr><td style=\"white-space:nowrap\">NTONDOZI<a name=\"SzTinkhundlaCS-NTONDOZI\"> </a></td><td>NTONDOZI</td></tr><tr><td style=\"white-space:nowrap\">PHONDO<a name=\"SzTinkhundlaCS-PHONDO\"> </a></td><td>PHONDO</td></tr><tr><td style=\"white-space:nowrap\">GEGE<a name=\"SzTinkhundlaCS-GEGE\"> </a></td><td>GEGE</td></tr><tr><td style=\"white-space:nowrap\">HOSEA<a name=\"SzTinkhundlaCS-HOSEA\"> </a></td><td>HOSEA</td></tr><tr><td style=\"white-space:nowrap\">KUBUTA<a name=\"SzTinkhundlaCS-KUBUTA\"> </a></td><td>KUBUTA</td></tr><tr><td style=\"white-space:nowrap\">KUMETHULA<a name=\"SzTinkhundlaCS-KUMETHULA\"> </a></td><td>KUMETHULA</td></tr><tr><td style=\"white-space:nowrap\">MASEYISINI<a name=\"SzTinkhundlaCS-MASEYISINI\"> </a></td><td>MASEYISINI</td></tr><tr><td style=\"white-space:nowrap\">MATSANJENI_SOUTH<a name=\"SzTinkhundlaCS-MATSANJENI_SOUTH\"> </a></td><td>MATSANJENI SOUTH</td></tr><tr><td style=\"white-space:nowrap\">MTSAMBAMA<a name=\"SzTinkhundlaCS-MTSAMBAMA\"> </a></td><td>MTSAMBAMA</td></tr><tr><td style=\"white-space:nowrap\">NGUDZENI<a name=\"SzTinkhundlaCS-NGUDZENI\"> </a></td><td>NGUDZENI</td></tr><tr><td style=\"white-space:nowrap\">NKWENE<a name=\"SzTinkhundlaCS-NKWENE\"> </a></td><td>NKWENE</td></tr><tr><td style=\"white-space:nowrap\">SANDLENI<a name=\"SzTinkhundlaCS-SANDLENI\"> </a></td><td>SANDLENI</td></tr><tr><td style=\"white-space:nowrap\">SHISELWENI_I<a name=\"SzTinkhundlaCS-SHISELWENI_I\"> </a></td><td>SHISELWENI I</td></tr><tr><td style=\"white-space:nowrap\">SHISELWENI_II<a name=\"SzTinkhundlaCS-SHISELWENI_II\"> </a></td><td>SHISELWENI II</td></tr><tr><td style=\"white-space:nowrap\">SIGWE<a name=\"SzTinkhundlaCS-SIGWE\"> </a></td><td>SIGWE</td></tr><tr><td style=\"white-space:nowrap\">SOMNTONGO<a name=\"SzTinkhundlaCS-SOMNTONGO\"> </a></td><td>SOMNTONGO</td></tr><tr><td style=\"white-space:nowrap\">ZOMBODZE_EMUVA<a name=\"SzTinkhundlaCS-ZOMBODZE_EMUVA\"> </a></td><td>ZOMBODZE EMUVA</td></tr><tr><td style=\"white-space:nowrap\">MOTSHANE<a name=\"SzTinkhundlaCS-MOTSHANE\"> </a></td><td>MOTSHANE</td></tr></table></div>"},"url":"http://172.209.216.154:3447/fhir/CodeSystem/SzTinkhundlaCS","version":"0.1.0","name":"EswatiniTinkhundla","title":"Code System: Eswatini Tinkhundla","status":"active","experimental":false,"date":"2025-07-16T14:06:30+00:00","publisher":"Ministry of Health Eswatini","contact":[{"name":"Ministry of Health Eswatini","telecom":[{"system":"url","value":"https://172.209.216.154:3447"},{"system":"email","value":"eswatinihie@moh.gov.sz"}]}],"description":"Code system for Eswatini Tinkhundla","content":"complete","count":60,"concept":[{"code":"Unspecified","display":"Unspecified","designation":[{"use":{"system":"http://terminology.hl7.org/CodeSystem/designation-usage","code":"display"},"value":"Unspecified"}]},{"code":"HHUKWINI","display":"HHUKWINI","designation":[{"use":{"system":"http://terminology.hl7.org/CodeSystem/designation-usage","code":"display"},"value":"HHUKWINI"}]},{"code":"LOBAMBA","display":"LOBAMBA","designation":[{"use":{"system":"http://terminology.hl7.org/CodeSystem/designation-usage","code":"display"},"value":"LOBAMBA"}]},{"code":"MADLANGEMPISI","display":"MADLANGEMPISI","designation":[{"use":{"system":"http://terminology.hl7.org/CodeSystem/designation-usage","code":"display"},"value":"MADLANGEMPISI"}]},{"code":"MAPHALALENI","display":"MAPHALALENI","designation":[{"use":{"system":"http://terminology.hl7.org/CodeSystem/designation-usage","code":"display"},"value":"MAPHALALENI"}]},{"code":"MAYIWANE","display":"MAYIWANE","designation":[{"use":{"system":"http://terminology.hl7.org/CodeSystem/designation-usage","code":"display"},"value":"MAYIWANE"}]},{"code":"MBABANE_EAST","display":"MBABANE EAST","designation":[{"use":{"system":"http://terminology.hl7.org/CodeSystem/designation-usage","code":"display"},"value":"MBABANE EAST"}]},{"code":"MBABANE_WEST","display":"MBABANE WEST","designation":[{"use":{"system":"http://terminology.hl7.org/CodeSystem/designation-usage","code":"display"},"value":"MBABANE WEST"}]},{"code":"MHLANGATANE","display":"MHLANGATANE","designation":[{"use":{"system":"http://terminology.hl7.org/CodeSystem/designation-usage","code":"display"},"value":"MHLANGATANE"}]},{"code":"NDZINGENI","display":"NDZINGENI","designation":[{"use":{"system":"http://terminology.hl7.org/CodeSystem/designation-usage","code":"display"},"value":"NDZINGENI"}]},{"code":"NKHABA","display":"NKHABA","designation":[{"use":{"system":"http://terminology.hl7.org/CodeSystem/designation-usage","code":"display"},"value":"NKHABA"}]},{"code":"NTFONJENI","display":"NTFONJENI","designation":[{"use":{"system":"http://terminology.hl7.org/CodeSystem/designation-usage","code":"display"},"value":"NTFONJENI"}]},{"code":"PIGGS_PEAK","display":"PIGGS PEAK","designation":[{"use":{"system":"http://terminology.hl7.org/CodeSystem/designation-usage","code":"display"},"value":"PIGGS PEAK"}]},{"code":"SIPHOCOSINI","display":"SIPHOCOSINI","designation":[{"use":{"system":"http://terminology.hl7.org/CodeSystem/designation-usage","code":"display"},"value":"SIPHOCOSINI"}]},{"code":"TIMPHISINI","display":"TIMPHISINI","designation":[{"use":{"system":"http://terminology.hl7.org/CodeSystem/designation-usage","code":"display"},"value":"TIMPHISINI"}]},{"code":"DVOKODVWENI","display":"DVOKODVWENI","designation":[{"use":{"system":"http://terminology.hl7.org/CodeSystem/designation-usage","code":"display"},"value":"DVOKODVWENI"}]},{"code":"GILGALI","display":"GILGALI","designation":[{"use":{"system":"http://terminology.hl7.org/CodeSystem/designation-usage","code":"display"},"value":"GILGALI"}]},{"code":"LOMAHASHA","display":"LOMAHASHA","designation":[{"use":{"system":"http://terminology.hl7.org/CodeSystem/designation-usage","code":"display"},"value":"LOMAHASHA"}]},{"code":"LUBULI","display":"LUBULI","designation":[{"use":{"system":"http://terminology.hl7.org/CodeSystem/designation-usage","code":"display"},"value":"LUBULI"}]},{"code":"LUGONGOLWENI","display":"LUGONGOLWENI","designation":[{"use":{"system":"http://terminology.hl7.org/CodeSystem/designation-usage","code":"display"},"value":"LUGONGOLWENI"}]},{"code":"MATSANJENI_NORTH","display":"MATSANJENI NORTH","designation":[{"use":{"system":"http://terminology.hl7.org/CodeSystem/designation-usage","code":"display"},"value":"MATSANJENI NORTH"}]},{"code":"MHLUME","display":"MHLUME","designation":[{"use":{"system":"http://terminology.hl7.org/CodeSystem/designation-usage","code":"display"},"value":"MHLUME"}]},{"code":"MPOLONJENI","display":"MPOLONJENI","designation":[{"use":{"system":"http://terminology.hl7.org/CodeSystem/designation-usage","code":"display"},"value":"MPOLONJENI"}]},{"code":"NKILONGO","display":"NKILONGO","designation":[{"use":{"system":"http://terminology.hl7.org/CodeSystem/designation-usage","code":"display"},"value":"NKILONGO"}]},{"code":"SIPHOFANENI","display":"SIPHOFANENI","designation":[{"use":{"system":"http://terminology.hl7.org/CodeSystem/designation-usage","code":"display"},"value":"SIPHOFANENI"}]},{"code":"SITHOBELA","display":"SITHOBELA","designation":[{"use":{"system":"http://terminology.hl7.org/CodeSystem/designation-usage","code":"display"},"value":"SITHOBELA"}]},{"code":"KUKHANYENI","display":"KUKHANYENI","designation":[{"use":{"system":"http://terminology.hl7.org/CodeSystem/designation-usage","code":"display"},"value":"KUKHANYENI"}]},{"code":"KWALUSENI","display":"KWALUSENI","designation":[{"use":{"system":"http://terminology.hl7.org/CodeSystem/designation-usage","code":"display"},"value":"KWALUSENI"}]},{"code":"LAMGABHI","display":"LAMGABHI","designation":[{"use":{"system":"http://terminology.hl7.org/CodeSystem/designation-usage","code":"display"},"value":"LAMGABHI"}]},{"code":"LOBAMBA_LOMDZALA","display":"LOBAMBA LOMDZALA","designation":[{"use":{"system":"http://terminology.hl7.org/CodeSystem/designation-usage","code":"display"},"value":"LOBAMBA LOMDZALA"}]},{"code":"LUDZELUDZE","display":"LUDZELUDZE","designation":[{"use":{"system":"http://terminology.hl7.org/CodeSystem/designation-usage","code":"display"},"value":"LUDZELUDZE"}]},{"code":"MAFUTSENI","display":"MAFUTSENI","designation":[{"use":{"system":"http://terminology.hl7.org/CodeSystem/designation-usage","code":"display"},"value":"MAFUTSENI"}]},{"code":"MAHLANGATSHA","display":"MAHLANGATSHA","designation":[{"use":{"system":"http://terminology.hl7.org/CodeSystem/designation-usage","code":"display"},"value":"MAHLANGATSHA"}]},{"code":"MANGCONGCO","display":"MANGCONGCO","designation":[{"use":{"system":"http://terminology.hl7.org/CodeSystem/designation-usage","code":"display"},"value":"MANGCONGCO"}]},{"code":"MANZINI_NORTH","display":"MANZINI NORTH","designation":[{"use":{"system":"http://terminology.hl7.org/CodeSystem/designation-usage","code":"display"},"value":"MANZINI NORTH"}]},{"code":"MANZINI_SOUTH","display":"MANZINI SOUTH","designation":[{"use":{"system":"http://terminology.hl7.org/CodeSystem/designation-usage","code":"display"},"value":"MANZINI SOUTH"}]},{"code":"MHLAMBANYATSI","display":"MHLAMBANYATSI","designation":[{"use":{"system":"http://terminology.hl7.org/CodeSystem/designation-usage","code":"display"},"value":"MHLAMBANYATSI"}]},{"code":"MKHIWENI","display":"MKHIWENI","designation":[{"use":{"system":"http://terminology.hl7.org/CodeSystem/designation-usage","code":"display"},"value":"MKHIWENI"}]},{"code":"MTFONGWANENI","display":"MTFONGWANENI","designation":[{"use":{"system":"http://terminology.hl7.org/CodeSystem/designation-usage","code":"display"},"value":"MTFONGWANENI"}]},{"code":"NGWEMPISI","display":"NGWEMPISI","designation":[{"use":{"system":"http://terminology.hl7.org/CodeSystem/designation-usage","code":"display"},"value":"NGWEMPISI"}]},{"code":"NHLAMBENI","display":"NHLAMBENI","designation":[{"use":{"system":"http://terminology.hl7.org/CodeSystem/designation-usage","code":"display"},"value":"NHLAMBENI"}]},{"code":"NKOMIYAHLABA","display":"NKOMIYAHLABA","designation":[{"use":{"system":"http://terminology.hl7.org/CodeSystem/designation-usage","code":"display"},"value":"NKOMIYAHLABA"}]},{"code":"NTONDOZI","display":"NTONDOZI","designation":[{"use":{"system":"http://terminology.hl7.org/CodeSystem/designation-usage","code":"display"},"value":"NTONDOZI"}]},{"code":"PHONDO","display":"PHONDO","designation":[{"use":{"system":"http://terminology.hl7.org/CodeSystem/designation-usage","code":"display"},"value":"PHONDO"}]},{"code":"GEGE","display":"GEGE","designation":[{"use":{"system":"http://terminology.hl7.org/CodeSystem/designation-usage","code":"display"},"value":"GEGE"}]},{"code":"HOSEA","display":"HOSEA","designation":[{"use":{"system":"http://terminology.hl7.org/CodeSystem/designation-usage","code":"display"},"value":"HOSEA"}]},{"code":"KUBUTA","display":"KUBUTA","designation":[{"use":{"system":"http://terminology.hl7.org/CodeSystem/designation-usage","code":"display"},"value":"KUBUTA"}]},{"code":"KUMETHULA","display":"KUMETHULA","designation":[{"use":{"system":"http://terminology.hl7.org/CodeSystem/designation-usage","code":"display"},"value":"KUMETHULA"}]},{"code":"MASEYISINI","display":"MASEYISINI","designation":[{"use":{"system":"http://terminology.hl7.org/CodeSystem/designation-usage","code":"display"},"value":"MASEYISINI"}]},{"code":"MATSANJENI_SOUTH","display":"MATSANJENI SOUTH","designation":[{"use":{"system":"http://terminology.hl7.org/CodeSystem/designation-usage","code":"display"},"value":"MATSANJENI SOUTH"}]},{"code":"MTSAMBAMA","display":"MTSAMBAMA","designation":[{"use":{"system":"http://terminology.hl7.org/CodeSystem/designation-usage","code":"display"},"value":"MTSAMBAMA"}]},{"code":"NGUDZENI","display":"NGUDZENI","designation":[{"use":{"system":"http://terminology.hl7.org/CodeSystem/designation-usage","code":"display"},"value":"NGUDZENI"}]},{"code":"NKWENE","display":"NKWENE","designation":[{"use":{"system":"http://terminology.hl7.org/CodeSystem/designation-usage","code":"display"},"value":"NKWENE"}]},{"code":"SANDLENI","display":"SANDLENI","designation":[{"use":{"system":"http://terminology.hl7.org/CodeSystem/designation-usage","code":"display"},"value":"SANDLENI"}]},{"code":"SHISELWENI_I","display":"SHISELWENI I","designation":[{"use":{"system":"http://terminology.hl7.org/CodeSystem/designation-usage","code":"display"},"value":"SHISELWENI I"}]},{"code":"SHISELWENI_II","display":"SHISELWENI II","designation":[{"use":{"system":"http://terminology.hl7.org/CodeSystem/designation-usage","code":"display"},"value":"SHISELWENI II"}]},{"code":"SIGWE","display":"SIGWE","designation":[{"use":{"system":"http://terminology.hl7.org/CodeSystem/designation-usage","code":"display"},"value":"SIGWE"}]},{"code":"SOMNTONGO","display":"SOMNTONGO","designation":[{"use":{"system":"http://terminology.hl7.org/CodeSystem/designation-usage","code":"display"},"value":"SOMNTONGO"}]},{"code":"ZOMBODZE_EMUVA","display":"ZOMBODZE EMUVA","designation":[{"use":{"system":"http://terminology.hl7.org/CodeSystem/designation-usage","code":"display"},"value":"ZOMBODZE EMUVA"}]},{"code":"MOTSHANE","display":"MOTSHANE","designation":[{"use":{"system":"http://terminology.hl7.org/CodeSystem/designation-usage","code":"display"},"value":"MOTSHANE"}]}]}