{"resourceType":"CodeSystem","id":"SzServicePointCS","text":{"status":"generated","div":"<div xmlns=\"http://www.w3.org/1999/xhtml\"><p class=\"res-header-id\"><b>Generated Narrative: CodeSystem SzServicePointCS</b></p><a name=\"SzServicePointCS\"> </a><a name=\"hcSzServicePointCS\"> </a><p>This  code system <code>http://172.209.216.154:3447/fhir/CodeSystem/SzServicePointCS</code> defines the following codes:</p><table class=\"codes\"><tr><td style=\"white-space:nowrap\"><b>Code</b></td><td><b>Display</b></td></tr><tr><td style=\"white-space:nowrap\">ART<a name=\"SzServicePointCS-ART\"> </a></td><td>Anti Retroviral Therapy</td></tr><tr><td style=\"white-space:nowrap\">HTS<a name=\"SzServicePointCS-HTS\"> </a></td><td>HIV Testing Services</td></tr><tr><td style=\"white-space:nowrap\">ANC<a name=\"SzServicePointCS-ANC\"> </a></td><td>Ante Natal Care</td></tr><tr><td style=\"white-space:nowrap\">PNC<a name=\"SzServicePointCS-PNC\"> </a></td><td>Post Natal Care</td></tr><tr><td style=\"white-space:nowrap\">FP<a name=\"SzServicePointCS-FP\"> </a></td><td>Family Planning</td></tr></table></div>"},"url":"http://172.209.216.154:3447/fhir/CodeSystem/SzServicePointCS","version":"0.1.0","name":"SzServicePointCS","title":"Code System: Eswatini Service Points","status":"draft","date":"2025-07-14T08:08:58+00:00","publisher":"Ministry of Health Eswatini","contact":[{"name":"Ministry of Health Eswatini","telecom":[{"system":"url","value":"https://172.209.216.154:3447"},{"system":"email","value":"eswatinihie@moh.gov.sz"}]}],"description":"Code System for Eswatini service points","content":"complete","count":5,"concept":[{"code":"ART","display":"Anti Retroviral Therapy"},{"code":"HTS","display":"HIV Testing Services"},{"code":"ANC","display":"Ante Natal Care"},{"code":"PNC","display":"Post Natal Care"},{"code":"FP","display":"Family Planning"}]}