{"resourceType":"ImplementationGuide","id":"hl7.fhir.sd.hie","text":{"status":"generated","div":"<div xmlns=\"http://www.w3.org/1999/xhtml\"><p class=\"res-header-id\"><b>Generated Narrative: ImplementationGuide hl7.fhir.sd.hie</b></p><a name=\"hl7.fhir.sd.hie\"> </a><a name=\"hchl7.fhir.sd.hie\"> </a><h2>EswatiniHIEImplementationGuide</h2><p>The official URL for this implementation guide is: </p><pre>http://172.209.216.154:3447/fhir/ImplementationGuide/hl7.fhir.sd.hie</pre></div>"},"url":"http://172.209.216.154:3447/fhir/ImplementationGuide/hl7.fhir.sd.hie","version":"0.1.0","name":"EswatiniHIEImplementationGuide","title":"Eswatini HL7 FHIR Implementation Guide","status":"draft","date":"2025-09-10T10:05:20+00:00","publisher":"Ministry of Health Eswatini","contact":[{"name":"Ministry of Health Eswatini","telecom":[{"system":"url","value":"https://172.209.216.154:3447"},{"system":"email","value":"eswatinihie@moh.gov.sz"}]}],"packageId":"hl7.fhir.sd.hie","license":"CC0-1.0","fhirVersion":["4.0.1"],"dependsOn":[{"id":"hl7tx","extension":[{"url":"http://hl7.org/fhir/tools/StructureDefinition/implementationguide-dependency-comment","valueMarkdown":"Automatically added as a dependency - all IGs depend on HL7 Terminology"}],"uri":"http://terminology.hl7.org/ImplementationGuide/hl7.terminology","packageId":"hl7.terminology.r4","version":"6.5.0"},{"id":"hl7ext","extension":[{"url":"http://hl7.org/fhir/tools/StructureDefinition/implementationguide-dependency-comment","valueMarkdown":"Automatically added as a dependency - all IGs depend on the HL7 Extension Pack"}],"uri":"http://hl7.org/fhir/extensions/ImplementationGuide/hl7.fhir.uv.extensions","packageId":"hl7.fhir.uv.extensions.r4","version":"5.3.0-ballot-tc1"},{"id":"hl7_fhir_us_core","uri":"http://hl7.org/fhir/us/core/ImplementationGuide/hl7.fhir.us.core","packageId":"hl7.fhir.us.core","version":"7.0.0"}],"definition":{"extension":[{"extension":[{"url":"code","valueString":"copyrightyear"},{"url":"value","valueString":"2022+"}],"url":"http://hl7.org/fhir/tools/StructureDefinition/ig-parameter"},{"extension":[{"url":"code","valueString":"releaselabel"},{"url":"value","valueString":"ci-build"}],"url":"http://hl7.org/fhir/tools/StructureDefinition/ig-parameter"},{"extension":[{"url":"code","valueString":"autoload-resources"},{"url":"value","valueString":"true"}],"url":"http://hl7.org/fhir/tools/StructureDefinition/ig-parameter"},{"extension":[{"url":"code","valueString":"path-liquid"},{"url":"value","valueString":"template/liquid"}],"url":"http://hl7.org/fhir/tools/StructureDefinition/ig-parameter"},{"extension":[{"url":"code","valueString":"path-liquid"},{"url":"value","valueString":"input/liquid"}],"url":"http://hl7.org/fhir/tools/StructureDefinition/ig-parameter"},{"extension":[{"url":"code","valueString":"path-qa"},{"url":"value","valueString":"temp/qa"}],"url":"http://hl7.org/fhir/tools/StructureDefinition/ig-parameter"},{"extension":[{"url":"code","valueString":"path-temp"},{"url":"value","valueString":"temp/pages"}],"url":"http://hl7.org/fhir/tools/StructureDefinition/ig-parameter"},{"extension":[{"url":"code","valueString":"path-output"},{"url":"value","valueString":"output"}],"url":"http://hl7.org/fhir/tools/StructureDefinition/ig-parameter"},{"extension":[{"url":"code","valueString":"path-suppressed-warnings"},{"url":"value","valueString":"input/ignoreWarnings.txt"}],"url":"http://hl7.org/fhir/tools/StructureDefinition/ig-parameter"},{"extension":[{"url":"code","valueString":"path-history"},{"url":"value","valueString":"http://172.209.216.154:3447/fhir/history.html"}],"url":"http://hl7.org/fhir/tools/StructureDefinition/ig-parameter"},{"extension":[{"url":"code","valueString":"template-html"},{"url":"value","valueString":"template-page.html"}],"url":"http://hl7.org/fhir/tools/StructureDefinition/ig-parameter"},{"extension":[{"url":"code","valueString":"template-md"},{"url":"value","valueString":"template-page-md.html"}],"url":"http://hl7.org/fhir/tools/StructureDefinition/ig-parameter"},{"extension":[{"url":"code","valueString":"apply-contact"},{"url":"value","valueString":"true"}],"url":"http://hl7.org/fhir/tools/StructureDefinition/ig-parameter"},{"extension":[{"url":"code","valueString":"apply-context"},{"url":"value","valueString":"true"}],"url":"http://hl7.org/fhir/tools/StructureDefinition/ig-parameter"},{"extension":[{"url":"code","valueString":"apply-copyright"},{"url":"value","valueString":"true"}],"url":"http://hl7.org/fhir/tools/StructureDefinition/ig-parameter"},{"extension":[{"url":"code","valueString":"apply-jurisdiction"},{"url":"value","valueString":"true"}],"url":"http://hl7.org/fhir/tools/StructureDefinition/ig-parameter"},{"extension":[{"url":"code","valueString":"apply-license"},{"url":"value","valueString":"true"}],"url":"http://hl7.org/fhir/tools/StructureDefinition/ig-parameter"},{"extension":[{"url":"code","valueString":"apply-publisher"},{"url":"value","valueString":"true"}],"url":"http://hl7.org/fhir/tools/StructureDefinition/ig-parameter"},{"extension":[{"url":"code","valueString":"apply-version"},{"url":"value","valueString":"true"}],"url":"http://hl7.org/fhir/tools/StructureDefinition/ig-parameter"},{"extension":[{"url":"code","valueString":"apply-wg"},{"url":"value","valueString":"true"}],"url":"http://hl7.org/fhir/tools/StructureDefinition/ig-parameter"},{"extension":[{"url":"code","valueString":"active-tables"},{"url":"value","valueString":"true"}],"url":"http://hl7.org/fhir/tools/StructureDefinition/ig-parameter"},{"extension":[{"url":"code","valueString":"fmm-definition"},{"url":"value","valueString":"http://hl7.org/fhir/versions.html#maturity"}],"url":"http://hl7.org/fhir/tools/StructureDefinition/ig-parameter"},{"extension":[{"url":"code","valueString":"propagate-status"},{"url":"value","valueString":"true"}],"url":"http://hl7.org/fhir/tools/StructureDefinition/ig-parameter"},{"extension":[{"url":"code","valueString":"excludelogbinaryformat"},{"url":"value","valueString":"true"}],"url":"http://hl7.org/fhir/tools/StructureDefinition/ig-parameter"},{"extension":[{"url":"code","valueString":"tabbed-snapshots"},{"url":"value","valueString":"true"}],"url":"http://hl7.org/fhir/tools/StructureDefinition/ig-parameter"},{"url":"http://hl7.org/fhir/tools/StructureDefinition/ig-internal-dependency","valueCode":"hl7.fhir.uv.tools.r4#0.7.1"},{"extension":[{"url":"code","valueCode":"copyrightyear"},{"url":"value","valueString":"2022+"}],"url":"http://hl7.org/fhir/tools/StructureDefinition/ig-parameter"},{"extension":[{"url":"code","valueCode":"releaselabel"},{"url":"value","valueString":"ci-build"}],"url":"http://hl7.org/fhir/tools/StructureDefinition/ig-parameter"},{"extension":[{"url":"code","valueCode":"autoload-resources"},{"url":"value","valueString":"true"}],"url":"http://hl7.org/fhir/tools/StructureDefinition/ig-parameter"},{"extension":[{"url":"code","valueCode":"path-liquid"},{"url":"value","valueString":"template/liquid"}],"url":"http://hl7.org/fhir/tools/StructureDefinition/ig-parameter"},{"extension":[{"url":"code","valueCode":"path-liquid"},{"url":"value","valueString":"input/liquid"}],"url":"http://hl7.org/fhir/tools/StructureDefinition/ig-parameter"},{"extension":[{"url":"code","valueCode":"path-qa"},{"url":"value","valueString":"temp/qa"}],"url":"http://hl7.org/fhir/tools/StructureDefinition/ig-parameter"},{"extension":[{"url":"code","valueCode":"path-temp"},{"url":"value","valueString":"temp/pages"}],"url":"http://hl7.org/fhir/tools/StructureDefinition/ig-parameter"},{"extension":[{"url":"code","valueCode":"path-output"},{"url":"value","valueString":"output"}],"url":"http://hl7.org/fhir/tools/StructureDefinition/ig-parameter"},{"extension":[{"url":"code","valueCode":"path-suppressed-warnings"},{"url":"value","valueString":"input/ignoreWarnings.txt"}],"url":"http://hl7.org/fhir/tools/StructureDefinition/ig-parameter"},{"extension":[{"url":"code","valueCode":"path-history"},{"url":"value","valueString":"http://172.209.216.154:3447/fhir/history.html"}],"url":"http://hl7.org/fhir/tools/StructureDefinition/ig-parameter"},{"extension":[{"url":"code","valueCode":"template-html"},{"url":"value","valueString":"template-page.html"}],"url":"http://hl7.org/fhir/tools/StructureDefinition/ig-parameter"},{"extension":[{"url":"code","valueCode":"template-md"},{"url":"value","valueString":"template-page-md.html"}],"url":"http://hl7.org/fhir/tools/StructureDefinition/ig-parameter"},{"extension":[{"url":"code","valueCode":"apply-contact"},{"url":"value","valueString":"true"}],"url":"http://hl7.org/fhir/tools/StructureDefinition/ig-parameter"},{"extension":[{"url":"code","valueCode":"apply-context"},{"url":"value","valueString":"true"}],"url":"http://hl7.org/fhir/tools/StructureDefinition/ig-parameter"},{"extension":[{"url":"code","valueCode":"apply-copyright"},{"url":"value","valueString":"true"}],"url":"http://hl7.org/fhir/tools/StructureDefinition/ig-parameter"},{"extension":[{"url":"code","valueCode":"apply-jurisdiction"},{"url":"value","valueString":"true"}],"url":"http://hl7.org/fhir/tools/StructureDefinition/ig-parameter"},{"extension":[{"url":"code","valueCode":"apply-license"},{"url":"value","valueString":"true"}],"url":"http://hl7.org/fhir/tools/StructureDefinition/ig-parameter"},{"extension":[{"url":"code","valueCode":"apply-publisher"},{"url":"value","valueString":"true"}],"url":"http://hl7.org/fhir/tools/StructureDefinition/ig-parameter"},{"extension":[{"url":"code","valueCode":"apply-version"},{"url":"value","valueString":"true"}],"url":"http://hl7.org/fhir/tools/StructureDefinition/ig-parameter"},{"extension":[{"url":"code","valueCode":"apply-wg"},{"url":"value","valueString":"true"}],"url":"http://hl7.org/fhir/tools/StructureDefinition/ig-parameter"},{"extension":[{"url":"code","valueCode":"active-tables"},{"url":"value","valueString":"true"}],"url":"http://hl7.org/fhir/tools/StructureDefinition/ig-parameter"},{"extension":[{"url":"code","valueCode":"fmm-definition"},{"url":"value","valueString":"http://hl7.org/fhir/versions.html#maturity"}],"url":"http://hl7.org/fhir/tools/StructureDefinition/ig-parameter"},{"extension":[{"url":"code","valueCode":"propagate-status"},{"url":"value","valueString":"true"}],"url":"http://hl7.org/fhir/tools/StructureDefinition/ig-parameter"},{"extension":[{"url":"code","valueCode":"excludelogbinaryformat"},{"url":"value","valueString":"true"}],"url":"http://hl7.org/fhir/tools/StructureDefinition/ig-parameter"},{"extension":[{"url":"code","valueCode":"tabbed-snapshots"},{"url":"value","valueString":"true"}],"url":"http://hl7.org/fhir/tools/StructureDefinition/ig-parameter"},{"extension":[{"url":"code","valueCode":"copyrightyear"},{"url":"value","valueString":"2022+"}],"url":"http://hl7.org/fhir/tools/StructureDefinition/ig-parameter"},{"extension":[{"url":"code","valueCode":"releaselabel"},{"url":"value","valueString":"ci-build"}],"url":"http://hl7.org/fhir/tools/StructureDefinition/ig-parameter"},{"extension":[{"url":"code","valueCode":"autoload-resources"},{"url":"value","valueString":"true"}],"url":"http://hl7.org/fhir/tools/StructureDefinition/ig-parameter"},{"extension":[{"url":"code","valueCode":"path-liquid"},{"url":"value","valueString":"template/liquid"}],"url":"http://hl7.org/fhir/tools/StructureDefinition/ig-parameter"},{"extension":[{"url":"code","valueCode":"path-liquid"},{"url":"value","valueString":"input/liquid"}],"url":"http://hl7.org/fhir/tools/StructureDefinition/ig-parameter"},{"extension":[{"url":"code","valueCode":"path-qa"},{"url":"value","valueString":"temp/qa"}],"url":"http://hl7.org/fhir/tools/StructureDefinition/ig-parameter"},{"extension":[{"url":"code","valueCode":"path-temp"},{"url":"value","valueString":"temp/pages"}],"url":"http://hl7.org/fhir/tools/StructureDefinition/ig-parameter"},{"extension":[{"url":"code","valueCode":"path-output"},{"url":"value","valueString":"output"}],"url":"http://hl7.org/fhir/tools/StructureDefinition/ig-parameter"},{"extension":[{"url":"code","valueCode":"path-suppressed-warnings"},{"url":"value","valueString":"input/ignoreWarnings.txt"}],"url":"http://hl7.org/fhir/tools/StructureDefinition/ig-parameter"},{"extension":[{"url":"code","valueCode":"path-history"},{"url":"value","valueString":"http://172.209.216.154:3447/fhir/history.html"}],"url":"http://hl7.org/fhir/tools/StructureDefinition/ig-parameter"},{"extension":[{"url":"code","valueCode":"template-html"},{"url":"value","valueString":"template-page.html"}],"url":"http://hl7.org/fhir/tools/StructureDefinition/ig-parameter"},{"extension":[{"url":"code","valueCode":"template-md"},{"url":"value","valueString":"template-page-md.html"}],"url":"http://hl7.org/fhir/tools/StructureDefinition/ig-parameter"},{"extension":[{"url":"code","valueCode":"apply-contact"},{"url":"value","valueString":"true"}],"url":"http://hl7.org/fhir/tools/StructureDefinition/ig-parameter"},{"extension":[{"url":"code","valueCode":"apply-context"},{"url":"value","valueString":"true"}],"url":"http://hl7.org/fhir/tools/StructureDefinition/ig-parameter"},{"extension":[{"url":"code","valueCode":"apply-copyright"},{"url":"value","valueString":"true"}],"url":"http://hl7.org/fhir/tools/StructureDefinition/ig-parameter"},{"extension":[{"url":"code","valueCode":"apply-jurisdiction"},{"url":"value","valueString":"true"}],"url":"http://hl7.org/fhir/tools/StructureDefinition/ig-parameter"},{"extension":[{"url":"code","valueCode":"apply-license"},{"url":"value","valueString":"true"}],"url":"http://hl7.org/fhir/tools/StructureDefinition/ig-parameter"},{"extension":[{"url":"code","valueCode":"apply-publisher"},{"url":"value","valueString":"true"}],"url":"http://hl7.org/fhir/tools/StructureDefinition/ig-parameter"},{"extension":[{"url":"code","valueCode":"apply-version"},{"url":"value","valueString":"true"}],"url":"http://hl7.org/fhir/tools/StructureDefinition/ig-parameter"},{"extension":[{"url":"code","valueCode":"apply-wg"},{"url":"value","valueString":"true"}],"url":"http://hl7.org/fhir/tools/StructureDefinition/ig-parameter"},{"extension":[{"url":"code","valueCode":"active-tables"},{"url":"value","valueString":"true"}],"url":"http://hl7.org/fhir/tools/StructureDefinition/ig-parameter"},{"extension":[{"url":"code","valueCode":"fmm-definition"},{"url":"value","valueString":"http://hl7.org/fhir/versions.html#maturity"}],"url":"http://hl7.org/fhir/tools/StructureDefinition/ig-parameter"},{"extension":[{"url":"code","valueCode":"propagate-status"},{"url":"value","valueString":"true"}],"url":"http://hl7.org/fhir/tools/StructureDefinition/ig-parameter"},{"extension":[{"url":"code","valueCode":"excludelogbinaryformat"},{"url":"value","valueString":"true"}],"url":"http://hl7.org/fhir/tools/StructureDefinition/ig-parameter"},{"extension":[{"url":"code","valueCode":"tabbed-snapshots"},{"url":"value","valueString":"true"}],"url":"http://hl7.org/fhir/tools/StructureDefinition/ig-parameter"}],"grouping":[{"id":"-str-profile","name":"Structures: Resource Profiles","description":"These define constraints on FHIR resources for systems conforming to this implementation guide."},{"id":"-str-extension","name":"Structures: Extension Definitions","description":"These define constraints on FHIR data types for systems conforming to this implementation guide."},{"id":"-term-valueset","name":"Terminology: Value Sets","description":"These define sets of codes used by systems conforming to this implementation guide."},{"id":"-term-codesystem","name":"Terminology: Code Systems","description":"These define new code systems used by systems conforming to this implementation guide."},{"id":"-term-namingsystem","name":"Terminology: Naming Systems","description":"These define identifier and/or code system identities used by systems conforming to this implementation guide."},{"id":"-ex-example","name":"Example: Example Instances","description":"These are example instances that show what data produced and consumed by systems conforming with this implementation guide might look like."}],"resource":[{"extension":[{"url":"http://hl7.org/fhir/tools/StructureDefinition/resource-sort","valueInteger":999999999},{"url":"http://hl7.org/fhir/StructureDefinition/implementationguide-page","valueUri":"StructureDefinition-SzAppointment.html"}],"reference":{"reference":"StructureDefinition/SzAppointment"},"name":"Eswatini Appointment Profile","description":"Definition of Eswatini Appointment Profile","exampleBoolean":false,"groupingId":"-str-profile"},{"extension":[{"url":"http://hl7.org/fhir/tools/StructureDefinition/resource-sort","valueInteger":999999999},{"url":"http://hl7.org/fhir/StructureDefinition/implementationguide-page","valueUri":"StructureDefinition-SzClinicalObservation.html"}],"reference":{"reference":"StructureDefinition/SzClinicalObservation"},"name":"Eswatini Clinical Observation Profile","description":"Eswatini Clinical Observation Profile","exampleBoolean":false,"groupingId":"-str-profile"},{"extension":[{"url":"http://hl7.org/fhir/tools/StructureDefinition/resource-sort","valueInteger":999999999},{"url":"http://hl7.org/fhir/StructureDefinition/implementationguide-page","valueUri":"StructureDefinition-SzCondition.html"}],"reference":{"reference":"StructureDefinition/SzCondition"},"name":"Eswatini Condition Profile","description":"Eswatini Condition Profile","exampleBoolean":false,"groupingId":"-str-profile"},{"extension":[{"url":"http://hl7.org/fhir/tools/StructureDefinition/resource-sort","valueInteger":999999999},{"url":"http://hl7.org/fhir/StructureDefinition/implementationguide-page","valueUri":"StructureDefinition-SzEncounter.html"}],"reference":{"reference":"StructureDefinition/SzEncounter"},"name":"Eswatini Encounter Profile","description":"The Eswatini Encounter Profile inherits from .... This profile sets minimum expectations for the Encounter resource to record basic encounter\ninformation for a patient. It specifies which core elements shall be present and constrains how the elements are used.","exampleBoolean":false,"groupingId":"-str-profile"},{"extension":[{"url":"http://hl7.org/fhir/tools/StructureDefinition/resource-sort","valueInteger":999999999},{"url":"http://hl7.org/fhir/StructureDefinition/implementationguide-page","valueUri":"StructureDefinition-SzEpisodeOfCare.html"}],"reference":{"reference":"StructureDefinition/SzEpisodeOfCare"},"name":"Eswatini Episode of Care","description":"Eswatini Episode of Care","exampleBoolean":false,"groupingId":"-str-profile"},{"extension":[{"url":"http://hl7.org/fhir/tools/StructureDefinition/resource-sort","valueInteger":999999999},{"url":"http://hl7.org/fhir/StructureDefinition/implementationguide-page","valueUri":"StructureDefinition-SzLabResult.html"}],"reference":{"reference":"StructureDefinition/SzLabResult"},"name":"Eswatini Lab Result Profile","description":"Eswatini Lab Result Profile","exampleBoolean":false,"groupingId":"-str-profile"},{"extension":[{"url":"http://hl7.org/fhir/tools/StructureDefinition/resource-sort","valueInteger":999999999},{"url":"http://hl7.org/fhir/StructureDefinition/implementationguide-page","valueUri":"StructureDefinition-SzLabTest.html"}],"reference":{"reference":"StructureDefinition/SzLabTest"},"name":"Eswatini Lab Test Profile","description":"Eswatini Lab Test Profile","exampleBoolean":false,"groupingId":"-str-profile"},{"extension":[{"url":"http://hl7.org/fhir/tools/StructureDefinition/resource-sort","valueInteger":999999999},{"url":"http://hl7.org/fhir/StructureDefinition/implementationguide-page","valueUri":"StructureDefinition-SzLocation.html"}],"reference":{"reference":"StructureDefinition/SzLocation"},"name":"Eswatini Location Profile","description":"Eswatini Location Profile sets a standard for recording locations where medical care is provided","exampleBoolean":false,"groupingId":"-str-profile"},{"extension":[{"url":"http://hl7.org/fhir/tools/StructureDefinition/resource-sort","valueInteger":999999999},{"url":"http://hl7.org/fhir/StructureDefinition/implementationguide-page","valueUri":"StructureDefinition-SzMedicationDispense.html"}],"reference":{"reference":"StructureDefinition/SzMedicationDispense"},"name":"Eswatini Medication Dispense Profile","description":"Definition of Eswatinit Medication Dispense Profile","exampleBoolean":false,"groupingId":"-str-profile"},{"extension":[{"url":"http://hl7.org/fhir/tools/StructureDefinition/resource-sort","valueInteger":999999999},{"url":"http://hl7.org/fhir/StructureDefinition/implementationguide-page","valueUri":"StructureDefinition-SzMedication.html"}],"reference":{"reference":"StructureDefinition/SzMedication"},"name":"Eswatini Medication Profile","description":"Definition of Eswatinit Medication Profile","exampleBoolean":false,"groupingId":"-str-profile"},{"extension":[{"url":"http://hl7.org/fhir/tools/StructureDefinition/resource-sort","valueInteger":999999999},{"url":"http://hl7.org/fhir/StructureDefinition/implementationguide-page","valueUri":"StructureDefinition-SzMedicationRequest.html"}],"reference":{"reference":"StructureDefinition/SzMedicationRequest"},"name":"Eswatini Medication Request Profile","description":"Definition of Eswatinit Medication Request Profile","exampleBoolean":false,"groupingId":"-str-profile"},{"extension":[{"url":"http://hl7.org/fhir/tools/StructureDefinition/resource-sort","valueInteger":999999999},{"url":"http://hl7.org/fhir/StructureDefinition/implementationguide-page","valueUri":"StructureDefinition-SzOrganization.html"}],"reference":{"reference":"StructureDefinition/SzOrganization"},"name":"Eswatini Organization Profile","description":"Organization profile","exampleBoolean":false,"groupingId":"-str-profile"},{"extension":[{"url":"http://hl7.org/fhir/tools/StructureDefinition/resource-sort","valueInteger":999999999},{"url":"http://hl7.org/fhir/StructureDefinition/implementationguide-page","valueUri":"StructureDefinition-SzPatient.html"}],"reference":{"reference":"StructureDefinition/SzPatient"},"name":"Eswatini Patient Profile","description":"Definition of the FHIR Eswatini Patient resource","exampleBoolean":false,"groupingId":"-str-profile"},{"extension":[{"url":"http://hl7.org/fhir/tools/StructureDefinition/resource-sort","valueInteger":999999999},{"url":"http://hl7.org/fhir/StructureDefinition/implementationguide-page","valueUri":"StructureDefinition-SzPractitioner.html"}],"reference":{"reference":"StructureDefinition/SzPractitioner"},"name":"Eswatini Practitioner Profile","description":"Definition of the FHRI Eswatini Practitioner resource","exampleBoolean":false,"groupingId":"-str-profile"},{"extension":[{"url":"http://hl7.org/fhir/tools/StructureDefinition/resource-sort","valueInteger":999999999},{"url":"http://hl7.org/fhir/StructureDefinition/implementationguide-page","valueUri":"StructureDefinition-SzProcedure.html"}],"reference":{"reference":"StructureDefinition/SzProcedure"},"name":"Eswatini Procedure Profile","description":"This resource is designed to record details of current and historical procedures performed on a patient.\nThis may include the start and stop dates of treatment like IPT.","exampleBoolean":false,"groupingId":"-str-profile"},{"extension":[{"url":"http://hl7.org/fhir/tools/StructureDefinition/resource-sort","valueInteger":999999999},{"url":"http://hl7.org/fhir/StructureDefinition/implementationguide-page","valueUri":"StructureDefinition-SzReferral.html"}],"reference":{"reference":"StructureDefinition/SzReferral"},"name":"Eswatini Referral Profile","description":"This resource is designed to record patient referral information.","exampleBoolean":false,"groupingId":"-str-profile"},{"extension":[{"url":"http://hl7.org/fhir/tools/StructureDefinition/resource-sort","valueInteger":999999999},{"url":"http://hl7.org/fhir/StructureDefinition/implementationguide-page","valueUri":"StructureDefinition-SzLabSpecimen.html"}],"reference":{"reference":"StructureDefinition/SzLabSpecimen"},"name":"Eswatini Specimen Profile","description":"The Eswatini Specimen Profile is based on the FHIR Specimen resource. This profile sets minimum\nexpectation for Specimen resource to record information about substances associated with a patient or laboratory request being tested.\nThis profile specifies which core elements shall be present and how these elements are used.","exampleBoolean":false,"groupingId":"-str-profile"},{"extension":[{"url":"http://hl7.org/fhir/tools/StructureDefinition/resource-sort","valueInteger":999999999},{"url":"http://hl7.org/fhir/StructureDefinition/implementationguide-page","valueUri":"StructureDefinition-SzVitalSigns.html"}],"reference":{"reference":"StructureDefinition/SzVitalSigns"},"name":"Eswatini Vital Signs Profile","description":"This profile is based on the base FHIR Vital Signs Profile and defines additional constraints on the Observation resource to represent\nvital signs observations specifically for Eswatini.","exampleBoolean":false,"groupingId":"-str-profile"},{"extension":[{"url":"http://hl7.org/fhir/tools/StructureDefinition/resource-sort","valueInteger":999999999},{"url":"http://hl7.org/fhir/StructureDefinition/implementationguide-page","valueUri":"StructureDefinition-SzChiefdomExtension.html"}],"reference":{"reference":"StructureDefinition/SzChiefdomExtension"},"name":"Extention: Eswatini Chiefdom","description":"Extention for Eswatini Chiefdom","exampleBoolean":false,"groupingId":"-str-extension"},{"extension":[{"url":"http://hl7.org/fhir/tools/StructureDefinition/resource-sort","valueInteger":999999999},{"url":"http://hl7.org/fhir/StructureDefinition/implementationguide-page","valueUri":"StructureDefinition-SzInkhundlaExtension.html"}],"reference":{"reference":"StructureDefinition/SzInkhundlaExtension"},"name":"Extention: Eswatini Inkhundla","description":"Extention for Eswatini Tinkhundla","exampleBoolean":false,"groupingId":"-str-extension"},{"extension":[{"url":"http://hl7.org/fhir/tools/StructureDefinition/resource-sort","valueInteger":999999999},{"url":"http://hl7.org/fhir/StructureDefinition/implementationguide-page","valueUri":"StructureDefinition-SzAuthorizerExtension.html"}],"reference":{"reference":"StructureDefinition/SzAuthorizerExtension"},"name":"Extention: Eswatini Lab Result Authorizer","description":"Extention for Eswatini Lab Result Authorizer","exampleBoolean":false,"groupingId":"-str-extension"},{"extension":[{"url":"http://hl7.org/fhir/tools/StructureDefinition/resource-sort","valueInteger":999999999},{"url":"http://hl7.org/fhir/StructureDefinition/implementationguide-page","valueUri":"StructureDefinition-SzLocationCodeExtension.html"}],"reference":{"reference":"StructureDefinition/SzLocationCodeExtension"},"name":"Extention: Eswatini Location Code","description":"Extention for Eswatini Location Code","exampleBoolean":false,"groupingId":"-str-extension"},{"extension":[{"url":"http://hl7.org/fhir/tools/StructureDefinition/resource-sort","valueInteger":999999999},{"url":"http://hl7.org/fhir/StructureDefinition/implementationguide-page","valueUri":"StructureDefinition-SzReferralRecipientExtension.html"}],"reference":{"reference":"StructureDefinition/SzReferralRecipientExtension"},"name":"Extention: Eswatini Referral Recipient","description":"Extention for Eswatini Referral Recipient","exampleBoolean":false,"groupingId":"-str-extension"},{"extension":[{"url":"http://hl7.org/fhir/tools/StructureDefinition/resource-sort","valueInteger":999999999},{"url":"http://hl7.org/fhir/StructureDefinition/implementationguide-page","valueUri":"StructureDefinition-SzTestingLabExtension.html"}],"reference":{"reference":"StructureDefinition/SzTestingLabExtension"},"name":"Extention: Eswatini Testing Laboratory","description":"Extention for Eswatini Testing Laboratory","exampleBoolean":false,"groupingId":"-str-extension"},{"extension":[{"url":"http://hl7.org/fhir/tools/StructureDefinition/resource-sort","valueInteger":999999999},{"url":"http://hl7.org/fhir/StructureDefinition/implementationguide-page","valueUri":"ValueSet-SzEpisodeOfCareTypeVS.html"}],"reference":{"reference":"ValueSet/SzEpisodeOfCareTypeVS"},"name":"Eswatini Episode of Care Valueset","description":"Eswatini Episode of Care Valueset","exampleBoolean":false,"groupingId":"-term-valueset"},{"extension":[{"url":"http://hl7.org/fhir/tools/StructureDefinition/resource-sort","valueInteger":999999999},{"url":"http://hl7.org/fhir/StructureDefinition/implementationguide-page","valueUri":"ValueSet-SzMalariaEncounterCodesVS.html"}],"reference":{"reference":"ValueSet/SzMalariaEncounterCodesVS"},"name":"Eswatini Malaria Encounter Codes","description":"Eswatini Malaria Encounter Codes","exampleBoolean":false,"groupingId":"-term-valueset"},{"extension":[{"url":"http://hl7.org/fhir/tools/StructureDefinition/resource-sort","valueInteger":999999999},{"url":"http://hl7.org/fhir/StructureDefinition/implementationguide-page","valueUri":"ValueSet-SzChiefdomVS.html"}],"reference":{"reference":"ValueSet/SzChiefdomVS"},"name":"Value Set: Chiefdoms Value Set","description":"Value set for ESwatini chiefdoms","exampleBoolean":false,"groupingId":"-term-valueset"},{"extension":[{"url":"http://hl7.org/fhir/tools/StructureDefinition/resource-sort","valueInteger":999999999},{"url":"http://hl7.org/fhir/StructureDefinition/implementationguide-page","valueUri":"ValueSet-SzClinicalObservationCodesVS.html"}],"reference":{"reference":"ValueSet/SzClinicalObservationCodesVS"},"name":"Value Set: Clinical Observation Codes Value Set","description":"Includes standard and custom codes that can be used with the Clinical Observation Profile","exampleBoolean":false,"groupingId":"-term-valueset"},{"extension":[{"url":"http://hl7.org/fhir/tools/StructureDefinition/resource-sort","valueInteger":999999999},{"url":"http://hl7.org/fhir/StructureDefinition/implementationguide-page","valueUri":"ValueSet-SzEncounterClassificationVS.html"}],"reference":{"reference":"ValueSet/SzEncounterClassificationVS"},"name":"Value Set: Encounter Classification","description":"Eswatini Encounter Classification Codes","exampleBoolean":false,"groupingId":"-term-valueset"},{"extension":[{"url":"http://hl7.org/fhir/tools/StructureDefinition/resource-sort","valueInteger":999999999},{"url":"http://hl7.org/fhir/StructureDefinition/implementationguide-page","valueUri":"ValueSet-SzTestParameterCodeVS.html"}],"reference":{"reference":"ValueSet/SzTestParameterCodeVS"},"name":"Value Set: Eswatini Local Test Parameter Codes","exampleBoolean":false,"groupingId":"-term-valueset"},{"extension":[{"url":"http://hl7.org/fhir/tools/StructureDefinition/resource-sort","valueInteger":999999999},{"url":"http://hl7.org/fhir/StructureDefinition/implementationguide-page","valueUri":"ValueSet-CIE10VS.html"}],"reference":{"reference":"ValueSet/CIE10VS"},"name":"Value Set: ICD10","description":"CIE10 code values","exampleBoolean":false,"groupingId":"-term-valueset"},{"extension":[{"url":"http://hl7.org/fhir/tools/StructureDefinition/resource-sort","valueInteger":999999999},{"url":"http://hl7.org/fhir/StructureDefinition/implementationguide-page","valueUri":"ValueSet-SzTestCodeVS.html"}],"reference":{"reference":"ValueSet/SzTestCodeVS"},"name":"Value Set: Local Test Codes","description":"Eswatini Local Test Codes","exampleBoolean":false,"groupingId":"-term-valueset"},{"extension":[{"url":"http://hl7.org/fhir/tools/StructureDefinition/resource-sort","valueInteger":999999999},{"url":"http://hl7.org/fhir/StructureDefinition/implementationguide-page","valueUri":"ValueSet-PersonIdentifiersVS.html"}],"reference":{"reference":"ValueSet/PersonIdentifiersVS"},"name":"Value Set: Person Identifier","description":"Eswatini Person Identifiers","exampleBoolean":false,"groupingId":"-term-valueset"},{"extension":[{"url":"http://hl7.org/fhir/tools/StructureDefinition/resource-sort","valueInteger":999999999},{"url":"http://hl7.org/fhir/StructureDefinition/implementationguide-page","valueUri":"ValueSet-SzProductCodeVS.html"}],"reference":{"reference":"ValueSet/SzProductCodeVS"},"name":"Value Set: Product Code Value Set","description":"Value set for ESwatini Product Codes","exampleBoolean":false,"groupingId":"-term-valueset"},{"extension":[{"url":"http://hl7.org/fhir/tools/StructureDefinition/resource-sort","valueInteger":999999999},{"url":"http://hl7.org/fhir/StructureDefinition/implementationguide-page","valueUri":"ValueSet-SzReaonsForReferralVS.html"}],"reference":{"reference":"ValueSet/SzReaonsForReferralVS"},"name":"Value Set: Reasons for Referral","description":"Eswatini Reasons for Referral","exampleBoolean":false,"groupingId":"-term-valueset"},{"extension":[{"url":"http://hl7.org/fhir/tools/StructureDefinition/resource-sort","valueInteger":999999999},{"url":"http://hl7.org/fhir/StructureDefinition/implementationguide-page","valueUri":"ValueSet-SzReferralIntentVS.html"}],"reference":{"reference":"ValueSet/SzReferralIntentVS"},"name":"Value Set: Referral Intent","description":"Eswatini Referral Intent","exampleBoolean":false,"groupingId":"-term-valueset"},{"extension":[{"url":"http://hl7.org/fhir/tools/StructureDefinition/resource-sort","valueInteger":999999999},{"url":"http://hl7.org/fhir/StructureDefinition/implementationguide-page","valueUri":"ValueSet-SzReferralTypeVS.html"}],"reference":{"reference":"ValueSet/SzReferralTypeVS"},"name":"Value Set: Referral Type","description":"Eswatini Referral Types","exampleBoolean":false,"groupingId":"-term-valueset"},{"extension":[{"url":"http://hl7.org/fhir/tools/StructureDefinition/resource-sort","valueInteger":999999999},{"url":"http://hl7.org/fhir/StructureDefinition/implementationguide-page","valueUri":"ValueSet-SzServiceRequestCategoryVS.html"}],"reference":{"reference":"ValueSet/SzServiceRequestCategoryVS"},"name":"Value Set: Service Request","description":"Eswatini Service Request","exampleBoolean":false,"groupingId":"-term-valueset"},{"extension":[{"url":"http://hl7.org/fhir/tools/StructureDefinition/resource-sort","valueInteger":999999999},{"url":"http://hl7.org/fhir/StructureDefinition/implementationguide-page","valueUri":"ValueSet-SzTinkhundlaVS.html"}],"reference":{"reference":"ValueSet/SzTinkhundlaVS"},"name":"Value Set: Tinkhundla","description":"Value set for Eswatini Tinkhundla","exampleBoolean":false,"groupingId":"-term-valueset"},{"extension":[{"url":"http://hl7.org/fhir/tools/StructureDefinition/resource-sort","valueInteger":999999999},{"url":"http://hl7.org/fhir/StructureDefinition/implementationguide-page","valueUri":"ValueSet-SzFacilityServicePointVS.html"}],"reference":{"reference":"ValueSet/SzFacilityServicePointVS"},"name":"Value set: Eswatini Facility Service Points","description":"Value set for Facility Service Points","exampleBoolean":false,"groupingId":"-term-valueset"},{"extension":[{"url":"http://hl7.org/fhir/tools/StructureDefinition/resource-sort","valueInteger":999999999},{"url":"http://hl7.org/fhir/StructureDefinition/implementationguide-page","valueUri":"CodeSystem-SzEncounterClassificationCS.html"}],"reference":{"reference":"CodeSystem/SzEncounterClassificationCS"},"name":"Code System: Encounter Classification","description":"Data element that contains the classification of encounters.","exampleBoolean":false,"groupingId":"-term-codesystem"},{"extension":[{"url":"http://hl7.org/fhir/tools/StructureDefinition/resource-sort","valueInteger":999999999},{"url":"http://hl7.org/fhir/StructureDefinition/implementationguide-page","valueUri":"CodeSystem-SzChiefdomCS.html"}],"reference":{"reference":"CodeSystem/SzChiefdomCS"},"name":"Code System: Eswatini Chiefdoms","description":"Code system for ESwatini Chiefdoms","exampleBoolean":false,"groupingId":"-term-codesystem"},{"extension":[{"url":"http://hl7.org/fhir/tools/StructureDefinition/resource-sort","valueInteger":999999999},{"url":"http://hl7.org/fhir/StructureDefinition/implementationguide-page","valueUri":"CodeSystem-SzTestCodeCS.html"}],"reference":{"reference":"CodeSystem/SzTestCodeCS"},"name":"Code System: Eswatini Local Test Codes","description":"Data element that contains alternate test codes used by the Laboratory Information System to identify laboratory tests.","exampleBoolean":false,"groupingId":"-term-codesystem"},{"extension":[{"url":"http://hl7.org/fhir/tools/StructureDefinition/resource-sort","valueInteger":999999999},{"url":"http://hl7.org/fhir/StructureDefinition/implementationguide-page","valueUri":"CodeSystem-SzTestParameterCodeCS.html"}],"reference":{"reference":"CodeSystem/SzTestParameterCodeCS"},"name":"Code System: Eswatini Local Test Parameter Codes","exampleBoolean":false,"groupingId":"-term-codesystem"},{"extension":[{"url":"http://hl7.org/fhir/tools/StructureDefinition/resource-sort","valueInteger":999999999},{"url":"http://hl7.org/fhir/StructureDefinition/implementationguide-page","valueUri":"CodeSystem-SzProductCodeCS.html"}],"reference":{"reference":"CodeSystem/SzProductCodeCS"},"name":"Code System: Eswatini Product Codes","description":"Code system for ESwatini Product Codes","exampleBoolean":false,"groupingId":"-term-codesystem"},{"extension":[{"url":"http://hl7.org/fhir/tools/StructureDefinition/resource-sort","valueInteger":999999999},{"url":"http://hl7.org/fhir/StructureDefinition/implementationguide-page","valueUri":"CodeSystem-SzReasonsForReferralCS.html"}],"reference":{"reference":"CodeSystem/SzReasonsForReferralCS"},"name":"Code System: Eswatini Reasons for Referral","description":"Data element that contains codes for reasons for referral","exampleBoolean":false,"groupingId":"-term-codesystem"},{"extension":[{"url":"http://hl7.org/fhir/tools/StructureDefinition/resource-sort","valueInteger":999999999},{"url":"http://hl7.org/fhir/StructureDefinition/implementationguide-page","valueUri":"CodeSystem-SzReferralIntentCS.html"}],"reference":{"reference":"CodeSystem/SzReferralIntentCS"},"name":"Code System: Eswatini Referral Intent","description":"Data element that contains codes for referral intent","exampleBoolean":false,"groupingId":"-term-codesystem"},{"extension":[{"url":"http://hl7.org/fhir/tools/StructureDefinition/resource-sort","valueInteger":999999999},{"url":"http://hl7.org/fhir/StructureDefinition/implementationguide-page","valueUri":"CodeSystem-SzReferralTypeCS.html"}],"reference":{"reference":"CodeSystem/SzReferralTypeCS"},"name":"Code System: Eswatini Referral Type","description":"Data element that contains codes for referral types","exampleBoolean":false,"groupingId":"-term-codesystem"},{"extension":[{"url":"http://hl7.org/fhir/tools/StructureDefinition/resource-sort","valueInteger":999999999},{"url":"http://hl7.org/fhir/StructureDefinition/implementationguide-page","valueUri":"CodeSystem-SzServiceRequestCategoryCS.html"}],"reference":{"reference":"CodeSystem/SzServiceRequestCategoryCS"},"name":"Code System: Eswatini Service Request Category","description":"Data element that contains codes for service request categories","exampleBoolean":false,"groupingId":"-term-codesystem"},{"extension":[{"url":"http://hl7.org/fhir/tools/StructureDefinition/resource-sort","valueInteger":999999999},{"url":"http://hl7.org/fhir/StructureDefinition/implementationguide-page","valueUri":"CodeSystem-SzTinkhundlaCS.html"}],"reference":{"reference":"CodeSystem/SzTinkhundlaCS"},"name":"Code System: Eswatini Tinkhundla","description":"Code system for Eswatini Tinkhundla","exampleBoolean":false,"groupingId":"-term-codesystem"},{"extension":[{"url":"http://hl7.org/fhir/tools/StructureDefinition/resource-sort","valueInteger":999999999},{"url":"http://hl7.org/fhir/StructureDefinition/implementationguide-page","valueUri":"CodeSystem-SzFacilityServicePointCS.html"}],"reference":{"reference":"CodeSystem/SzFacilityServicePointCS"},"name":"Code System: Facility Service Points","description":"Code System for Facility Service Points","exampleBoolean":false,"groupingId":"-term-codesystem"},{"extension":[{"url":"http://hl7.org/fhir/tools/StructureDefinition/resource-sort","valueInteger":999999999},{"url":"http://hl7.org/fhir/StructureDefinition/implementationguide-page","valueUri":"CodeSystem-SzPersonIdentificationsCS.html"}],"reference":{"reference":"CodeSystem/SzPersonIdentificationsCS"},"name":"Code System: Person Identification Types","description":"Data element that contains the name and identification number of a specific person for identity and individualization purposes.","exampleBoolean":false,"groupingId":"-term-codesystem"},{"extension":[{"url":"http://hl7.org/fhir/tools/StructureDefinition/resource-sort","valueInteger":999999999},{"url":"http://hl7.org/fhir/StructureDefinition/implementationguide-page","valueUri":"CodeSystem-SzClinicalObservationCodesCS.html"}],"reference":{"reference":"CodeSystem/SzClinicalObservationCodesCS"},"name":"Eswatini Clinical Observation Codes Code System","description":"This Code System includes all elements that cannot be located using currently available terminology services. \nIt is intended to serve as a supplementary resource for concepts or codes that are not present in established terminologies or are not accessible through existing terminology service infrastructures","exampleBoolean":false,"groupingId":"-term-codesystem"},{"extension":[{"url":"http://hl7.org/fhir/tools/StructureDefinition/resource-sort","valueInteger":999999999},{"url":"http://hl7.org/fhir/StructureDefinition/implementationguide-page","valueUri":"CodeSystem-SzEpisodeOfCareTypeCS.html"}],"reference":{"reference":"CodeSystem/SzEpisodeOfCareTypeCS"},"name":"Eswatini Episode of Care","description":"Eswatini Episode of Care Type","exampleBoolean":false,"groupingId":"-term-codesystem"},{"extension":[{"url":"http://hl7.org/fhir/tools/StructureDefinition/resource-sort","valueInteger":999999999},{"url":"http://hl7.org/fhir/StructureDefinition/implementationguide-page","valueUri":"CodeSystem-SzMalariaEncounterCodesCS.html"}],"reference":{"reference":"CodeSystem/SzMalariaEncounterCodesCS"},"name":"Eswatini Malaria Encounter Codes","description":"Eswatini Malaria Encounter Codes","exampleBoolean":false,"groupingId":"-term-codesystem"},{"extension":[{"url":"http://hl7.org/fhir/tools/StructureDefinition/resource-sort","valueInteger":999999999},{"url":"http://hl7.org/fhir/StructureDefinition/implementationguide-page","valueUri":"NamingSystem-NamingSystemCbhis.html"}],"reference":{"reference":"NamingSystem/NamingSystemCbhis"},"name":"NamingSystemCbhis","description":"Community Based Health Information System Electronic Medical Record","exampleBoolean":false,"groupingId":"-term-namingsystem"},{"extension":[{"url":"http://hl7.org/fhir/tools/StructureDefinition/resource-sort","valueInteger":999999999},{"url":"http://hl7.org/fhir/StructureDefinition/implementationguide-page","valueUri":"NamingSystem-NamingSystemCivilRegistry.html"}],"reference":{"reference":"NamingSystem/NamingSystemCivilRegistry"},"name":"NamingSystemCivilRegistry","description":"Civil Registry","exampleBoolean":false,"groupingId":"-term-namingsystem"},{"extension":[{"url":"http://hl7.org/fhir/tools/StructureDefinition/resource-sort","valueInteger":999999999},{"url":"http://hl7.org/fhir/StructureDefinition/implementationguide-page","valueUri":"NamingSystem-NamingSystemCmis.html"}],"reference":{"reference":"NamingSystem/NamingSystemCmis"},"name":"NamingSystemCmis","description":"Client Management Information System Electronic Medical Record","exampleBoolean":false,"groupingId":"-term-namingsystem"},{"extension":[{"url":"http://hl7.org/fhir/tools/StructureDefinition/resource-sort","valueInteger":999999999},{"url":"http://hl7.org/fhir/StructureDefinition/implementationguide-page","valueUri":"NamingSystem-NamingSystemMsds.html"}],"reference":{"reference":"NamingSystem/NamingSystemMsds"},"name":"NamingSystemMsds","description":"Malaria Surveilance Data System","exampleBoolean":false,"groupingId":"-term-namingsystem"},{"extension":[{"url":"http://hl7.org/fhir/tools/StructureDefinition/resource-sort","valueInteger":999999999},{"url":"http://hl7.org/fhir/StructureDefinition/implementationguide-page","valueUri":"Patient-SampleSzPatient.html"}],"reference":{"reference":"Patient/SampleSzPatient"},"name":"Sample Eswatini Patient","description":"Sample Eswaitni Patient","exampleCanonical":"http://172.209.216.154:3447/fhir/StructureDefinition/SzPatient","groupingId":"-ex-example"},{"extension":[{"url":"http://hl7.org/fhir/tools/StructureDefinition/resource-sort","valueInteger":999999999},{"url":"http://hl7.org/fhir/StructureDefinition/implementationguide-page","valueUri":"Practitioner-SampleSzPharmacyPractitioner.html"}],"reference":{"reference":"Practitioner/SampleSzPharmacyPractitioner"},"name":"Sample Pharmacy Practitioner","description":"Sample Eswatini Pharmacist","exampleCanonical":"http://172.209.216.154:3447/fhir/StructureDefinition/SzPractitioner","groupingId":"-ex-example"},{"extension":[{"url":"http://hl7.org/fhir/tools/StructureDefinition/resource-sort","valueInteger":999999999},{"url":"http://hl7.org/fhir/StructureDefinition/implementationguide-page","valueUri":"Practitioner-SampleSzPractitioner.html"}],"reference":{"reference":"Practitioner/SampleSzPractitioner"},"name":"Sample SzPractitioner","description":"Sample Eswatini Practitioner","exampleCanonical":"http://172.209.216.154:3447/fhir/StructureDefinition/SzPractitioner","groupingId":"-ex-example"},{"extension":[{"url":"http://hl7.org/fhir/tools/StructureDefinition/resource-sort","valueInteger":999999999},{"url":"http://hl7.org/fhir/StructureDefinition/implementationguide-page","valueUri":"Appointment-SampleSzAppointment.html"}],"reference":{"reference":"Appointment/SampleSzAppointment"},"name":"SampleSzAppointment","description":"Sample Eswatini Appointment","exampleCanonical":"http://172.209.216.154:3447/fhir/StructureDefinition/SzAppointment","groupingId":"-ex-example"},{"extension":[{"url":"http://hl7.org/fhir/tools/StructureDefinition/resource-sort","valueInteger":999999999},{"url":"http://hl7.org/fhir/StructureDefinition/implementationguide-page","valueUri":"Observation-SampleSzArtRegimenClinicalObservation.html"}],"reference":{"reference":"Observation/SampleSzArtRegimenClinicalObservation"},"name":"SampleSzArtRegimenClinicalObservation","description":"Sample Eswatini ART Regimen Observation","exampleCanonical":"http://172.209.216.154:3447/fhir/StructureDefinition/SzClinicalObservation","groupingId":"-ex-example"},{"extension":[{"url":"http://hl7.org/fhir/tools/StructureDefinition/resource-sort","valueInteger":999999999},{"url":"http://hl7.org/fhir/StructureDefinition/implementationguide-page","valueUri":"Bundle-SampleSzBundle.html"}],"reference":{"reference":"Bundle/SampleSzBundle"},"name":"SampleSzBundle","description":"Sample Eswatini Bundle","exampleBoolean":true,"groupingId":"-ex-example"},{"extension":[{"url":"http://hl7.org/fhir/tools/StructureDefinition/resource-sort","valueInteger":999999999},{"url":"http://hl7.org/fhir/StructureDefinition/implementationguide-page","valueUri":"Bundle-SampleSzBundle1.html"}],"reference":{"reference":"Bundle/SampleSzBundle1"},"name":"SampleSzBundle1","description":"Sample Eswatini Patient and Encounter bundle","exampleBoolean":true,"groupingId":"-ex-example"},{"extension":[{"url":"http://hl7.org/fhir/tools/StructureDefinition/resource-sort","valueInteger":999999999},{"url":"http://hl7.org/fhir/StructureDefinition/implementationguide-page","valueUri":"Encounter-SampleSzEncounter.html"}],"reference":{"reference":"Encounter/SampleSzEncounter"},"name":"SampleSzEncounter","description":"Sample Eswatini Encounter","exampleCanonical":"http://172.209.216.154:3447/fhir/StructureDefinition/SzEncounter","groupingId":"-ex-example"},{"extension":[{"url":"http://hl7.org/fhir/tools/StructureDefinition/resource-sort","valueInteger":999999999},{"url":"http://hl7.org/fhir/StructureDefinition/implementationguide-page","valueUri":"Procedure-SampleSzIPTProcedure.html"}],"reference":{"reference":"Procedure/SampleSzIPTProcedure"},"name":"SampleSzIPTProcedure","description":"Sample Eswatini Procedure showing how the Eswainit Procedure Profile can be used to record IPT Start and Stop Dates.","exampleCanonical":"http://172.209.216.154:3447/fhir/StructureDefinition/SzProcedure","groupingId":"-ex-example"},{"extension":[{"url":"http://hl7.org/fhir/tools/StructureDefinition/resource-sort","valueInteger":999999999},{"url":"http://hl7.org/fhir/StructureDefinition/implementationguide-page","valueUri":"Location-SampleSzLabLocation.html"}],"reference":{"reference":"Location/SampleSzLabLocation"},"name":"SampleSzLabLocation","description":"Sample Eswatini Testing Laboratory","exampleCanonical":"http://172.209.216.154:3447/fhir/StructureDefinition/SzLocation","groupingId":"-ex-example"},{"extension":[{"url":"http://hl7.org/fhir/tools/StructureDefinition/resource-sort","valueInteger":999999999},{"url":"http://hl7.org/fhir/StructureDefinition/implementationguide-page","valueUri":"Observation-SampleSzLabResult1.html"}],"reference":{"reference":"Observation/SampleSzLabResult1"},"name":"SampleSzLabResult1","description":"Sample Eswatini Lab Result","exampleCanonical":"http://172.209.216.154:3447/fhir/StructureDefinition/SzLabResult","groupingId":"-ex-example"},{"extension":[{"url":"http://hl7.org/fhir/tools/StructureDefinition/resource-sort","valueInteger":999999999},{"url":"http://hl7.org/fhir/StructureDefinition/implementationguide-page","valueUri":"DiagnosticReport-SampleSzLabTest.html"}],"reference":{"reference":"DiagnosticReport/SampleSzLabTest"},"name":"SampleSzLabTest","description":"Sample Eswatini Lab Test","exampleCanonical":"http://172.209.216.154:3447/fhir/StructureDefinition/SzLabTest","groupingId":"-ex-example"},{"extension":[{"url":"http://hl7.org/fhir/tools/StructureDefinition/resource-sort","valueInteger":999999999},{"url":"http://hl7.org/fhir/StructureDefinition/implementationguide-page","valueUri":"Location-SampleSzLocation.html"}],"reference":{"reference":"Location/SampleSzLocation"},"name":"SampleSzLocation","description":"Sample Eswatini Location","exampleCanonical":"http://172.209.216.154:3447/fhir/StructureDefinition/SzLocation","groupingId":"-ex-example"},{"extension":[{"url":"http://hl7.org/fhir/tools/StructureDefinition/resource-sort","valueInteger":999999999},{"url":"http://hl7.org/fhir/StructureDefinition/implementationguide-page","valueUri":"Bundle-SampleSzMalariaBundle.html"}],"reference":{"reference":"Bundle/SampleSzMalariaBundle"},"name":"SampleSzMalariaBundle","description":"Sample Malaria Bundle","exampleBoolean":true,"groupingId":"-ex-example"},{"extension":[{"url":"http://hl7.org/fhir/tools/StructureDefinition/resource-sort","valueInteger":999999999},{"url":"http://hl7.org/fhir/StructureDefinition/implementationguide-page","valueUri":"Condition-SampleSzMalariaCondition-001.html"}],"reference":{"reference":"Condition/SampleSzMalariaCondition-001"},"name":"SampleSzMalariaCondition-001","description":"Sample Eswatini Malaria Condition","exampleBoolean":true,"groupingId":"-ex-example"},{"extension":[{"url":"http://hl7.org/fhir/tools/StructureDefinition/resource-sort","valueInteger":999999999},{"url":"http://hl7.org/fhir/StructureDefinition/implementationguide-page","valueUri":"Encounter-SampleSzMalariaEncounter.html"}],"reference":{"reference":"Encounter/SampleSzMalariaEncounter"},"name":"SampleSzMalariaEncounter","description":"Sample Eswatini Malaria Encounter","exampleCanonical":"http://172.209.216.154:3447/fhir/StructureDefinition/SzEncounter","groupingId":"-ex-example"},{"extension":[{"url":"http://hl7.org/fhir/tools/StructureDefinition/resource-sort","valueInteger":999999999},{"url":"http://hl7.org/fhir/StructureDefinition/implementationguide-page","valueUri":"Observation-SampleSzMalariaLabResult.html"}],"reference":{"reference":"Observation/SampleSzMalariaLabResult"},"name":"SampleSzMalariaLabResult","description":"Sample Malaria Lab Result","exampleCanonical":"http://172.209.216.154:3447/fhir/StructureDefinition/SzLabResult","groupingId":"-ex-example"},{"extension":[{"url":"http://hl7.org/fhir/tools/StructureDefinition/resource-sort","valueInteger":999999999},{"url":"http://hl7.org/fhir/StructureDefinition/implementationguide-page","valueUri":"DiagnosticReport-SampleSzMalariaLabTest.html"}],"reference":{"reference":"DiagnosticReport/SampleSzMalariaLabTest"},"name":"SampleSzMalariaLabTest","description":"Sample Malaria Lab Test","exampleCanonical":"http://172.209.216.154:3447/fhir/StructureDefinition/SzLabTest","groupingId":"-ex-example"},{"extension":[{"url":"http://hl7.org/fhir/tools/StructureDefinition/resource-sort","valueInteger":999999999},{"url":"http://hl7.org/fhir/StructureDefinition/implementationguide-page","valueUri":"MedicationDispense-SampleSzMalariaMedicalDispense.html"}],"reference":{"reference":"MedicationDispense/SampleSzMalariaMedicalDispense"},"name":"SampleSzMalariaMedicalDispense","description":"Sample Eswatini Malaria Medication Dispense","exampleCanonical":"http://172.209.216.154:3447/fhir/StructureDefinition/SzMedicationDispense","groupingId":"-ex-example"},{"extension":[{"url":"http://hl7.org/fhir/tools/StructureDefinition/resource-sort","valueInteger":999999999},{"url":"http://hl7.org/fhir/StructureDefinition/implementationguide-page","valueUri":"MedicationRequest-SampleSzMalariaMedicationRequest.html"}],"reference":{"reference":"MedicationRequest/SampleSzMalariaMedicationRequest"},"name":"SampleSzMalariaMedicationRequest","description":"Sample Eswatini Malaria Medication Request","exampleCanonical":"http://172.209.216.154:3447/fhir/StructureDefinition/SzMedicationRequest","groupingId":"-ex-example"},{"extension":[{"url":"http://hl7.org/fhir/tools/StructureDefinition/resource-sort","valueInteger":999999999},{"url":"http://hl7.org/fhir/StructureDefinition/implementationguide-page","valueUri":"Patient-SampleSzMalariaPatient.html"}],"reference":{"reference":"Patient/SampleSzMalariaPatient"},"name":"SampleSzMalariaPatient","description":"Sample Eswatini Malaria Patient","exampleCanonical":"http://172.209.216.154:3447/fhir/StructureDefinition/SzPatient","groupingId":"-ex-example"},{"extension":[{"url":"http://hl7.org/fhir/tools/StructureDefinition/resource-sort","valueInteger":999999999},{"url":"http://hl7.org/fhir/StructureDefinition/implementationguide-page","valueUri":"Specimen-SampleSzMalariaSpecimen.html"}],"reference":{"reference":"Specimen/SampleSzMalariaSpecimen"},"name":"SampleSzMalariaSpecimen","description":"Sample Eswatini Malaria Specimen","exampleCanonical":"http://172.209.216.154:3447/fhir/StructureDefinition/SzLabSpecimen","groupingId":"-ex-example"},{"extension":[{"url":"http://hl7.org/fhir/tools/StructureDefinition/resource-sort","valueInteger":999999999},{"url":"http://hl7.org/fhir/StructureDefinition/implementationguide-page","valueUri":"Observation-SampleSzMalariaTravelHistory.html"}],"reference":{"reference":"Observation/SampleSzMalariaTravelHistory"},"name":"SampleSzMalariaTravelHistory","description":"Sample Malaria Lab Result","exampleCanonical":"http://172.209.216.154:3447/fhir/StructureDefinition/SzClinicalObservation","groupingId":"-ex-example"},{"extension":[{"url":"http://hl7.org/fhir/tools/StructureDefinition/resource-sort","valueInteger":999999999},{"url":"http://hl7.org/fhir/StructureDefinition/implementationguide-page","valueUri":"MedicationDispense-SampleSzMedicalDispense.html"}],"reference":{"reference":"MedicationDispense/SampleSzMedicalDispense"},"name":"SampleSzMedicalDispense","description":"Sample Eswatini Medication Request","exampleCanonical":"http://172.209.216.154:3447/fhir/StructureDefinition/SzMedicationDispense","groupingId":"-ex-example"},{"extension":[{"url":"http://hl7.org/fhir/tools/StructureDefinition/resource-sort","valueInteger":999999999},{"url":"http://hl7.org/fhir/StructureDefinition/implementationguide-page","valueUri":"Medication-SampleSzMedication.html"}],"reference":{"reference":"Medication/SampleSzMedication"},"name":"SampleSzMedication","description":"Sample Eswatini Medication","exampleCanonical":"http://172.209.216.154:3447/fhir/StructureDefinition/SzMedication","groupingId":"-ex-example"},{"extension":[{"url":"http://hl7.org/fhir/tools/StructureDefinition/resource-sort","valueInteger":999999999},{"url":"http://hl7.org/fhir/StructureDefinition/implementationguide-page","valueUri":"MedicationRequest-SampleSzMedicationRequest.html"}],"reference":{"reference":"MedicationRequest/SampleSzMedicationRequest"},"name":"SampleSzMedicationRequest","description":"Sample Eswatini Medication Request","exampleCanonical":"http://172.209.216.154:3447/fhir/StructureDefinition/SzMedicationRequest","groupingId":"-ex-example"},{"extension":[{"url":"http://hl7.org/fhir/tools/StructureDefinition/resource-sort","valueInteger":999999999},{"url":"http://hl7.org/fhir/StructureDefinition/implementationguide-page","valueUri":"Organization-SampleSzOrganization.html"}],"reference":{"reference":"Organization/SampleSzOrganization"},"name":"SampleSzOrganization","description":"Sample Eswatini Organization","exampleCanonical":"http://172.209.216.154:3447/fhir/StructureDefinition/SzOrganization","groupingId":"-ex-example"},{"extension":[{"url":"http://hl7.org/fhir/tools/StructureDefinition/resource-sort","valueInteger":999999999},{"url":"http://hl7.org/fhir/StructureDefinition/implementationguide-page","valueUri":"Organization-SampleSzOrganization1.html"}],"reference":{"reference":"Organization/SampleSzOrganization1"},"name":"SampleSzOrganization1","description":"An example of an Organization","exampleCanonical":"http://172.209.216.154:3447/fhir/StructureDefinition/SzOrganization","groupingId":"-ex-example"},{"extension":[{"url":"http://hl7.org/fhir/tools/StructureDefinition/resource-sort","valueInteger":999999999},{"url":"http://hl7.org/fhir/StructureDefinition/implementationguide-page","valueUri":"ServiceRequest-SampleSzReferral.html"}],"reference":{"reference":"ServiceRequest/SampleSzReferral"},"name":"SampleSzReferral","description":"Sample Eswatini Referral Example","exampleCanonical":"http://172.209.216.154:3447/fhir/StructureDefinition/SzReferral","groupingId":"-ex-example"},{"extension":[{"url":"http://hl7.org/fhir/tools/StructureDefinition/resource-sort","valueInteger":999999999},{"url":"http://hl7.org/fhir/StructureDefinition/implementationguide-page","valueUri":"Specimen-SampleSzSpecimen.html"}],"reference":{"reference":"Specimen/SampleSzSpecimen"},"name":"SampleSzSpecimen","description":"Sample Eswatini Specimen","exampleCanonical":"http://172.209.216.154:3447/fhir/StructureDefinition/SzLabSpecimen","groupingId":"-ex-example"},{"extension":[{"url":"http://hl7.org/fhir/tools/StructureDefinition/resource-sort","valueInteger":999999999},{"url":"http://hl7.org/fhir/StructureDefinition/implementationguide-page","valueUri":"Observation-SampleVitalsBodyMassIndex.html"}],"reference":{"reference":"Observation/SampleVitalsBodyMassIndex"},"name":"SampleVitalsBodyMassIndex","description":"Sample Eswatini Body Mass Index Vital Sign","exampleCanonical":"http://172.209.216.154:3447/fhir/StructureDefinition/SzVitalSigns","groupingId":"-ex-example"},{"extension":[{"url":"http://hl7.org/fhir/tools/StructureDefinition/resource-sort","valueInteger":999999999},{"url":"http://hl7.org/fhir/StructureDefinition/implementationguide-page","valueUri":"Observation-SampleVitalsHeight.html"}],"reference":{"reference":"Observation/SampleVitalsHeight"},"name":"SampleVitalsHeight","description":"Sample Eswatini Height Vital Sign","exampleCanonical":"http://172.209.216.154:3447/fhir/StructureDefinition/SzVitalSigns","groupingId":"-ex-example"},{"extension":[{"url":"http://hl7.org/fhir/tools/StructureDefinition/resource-sort","valueInteger":999999999},{"url":"http://hl7.org/fhir/StructureDefinition/implementationguide-page","valueUri":"Observation-SampleVitalsRespiratoryRate.html"}],"reference":{"reference":"Observation/SampleVitalsRespiratoryRate"},"name":"SampleVitalsRespiratoryRate","description":"Sample Eswatini Respiratory Rate Vital Sign","exampleCanonical":"http://172.209.216.154:3447/fhir/StructureDefinition/SzVitalSigns","groupingId":"-ex-example"},{"extension":[{"url":"http://hl7.org/fhir/tools/StructureDefinition/resource-sort","valueInteger":999999999},{"url":"http://hl7.org/fhir/StructureDefinition/implementationguide-page","valueUri":"Observation-SampleVitalsTemperature.html"}],"reference":{"reference":"Observation/SampleVitalsTemperature"},"name":"SampleVitalsTemperature","description":"Sample Eswatini Temperature Vital Sign","exampleCanonical":"http://172.209.216.154:3447/fhir/StructureDefinition/SzVitalSigns","groupingId":"-ex-example"},{"extension":[{"url":"http://hl7.org/fhir/tools/StructureDefinition/resource-sort","valueInteger":999999999},{"url":"http://hl7.org/fhir/StructureDefinition/implementationguide-page","valueUri":"Observation-SampleVitalsWeight.html"}],"reference":{"reference":"Observation/SampleVitalsWeight"},"name":"SampleVitalsWeight","description":"Sample Eswatini Weight Vital Sign","exampleCanonical":"http://172.209.216.154:3447/fhir/StructureDefinition/SzVitalSigns","groupingId":"-ex-example"},{"extension":[{"url":"http://hl7.org/fhir/tools/StructureDefinition/resource-sort","valueInteger":999999999},{"url":"http://hl7.org/fhir/StructureDefinition/implementationguide-page","valueUri":"Condition-SzConditionExample.html"}],"reference":{"reference":"Condition/SzConditionExample"},"name":"SzConditionExample","description":"An example of Eswatini Condition","exampleCanonical":"http://172.209.216.154:3447/fhir/StructureDefinition/SzCondition","groupingId":"-ex-example"},{"extension":[{"url":"http://hl7.org/fhir/tools/StructureDefinition/resource-sort","valueInteger":999999999},{"url":"http://hl7.org/fhir/StructureDefinition/implementationguide-page","valueUri":"EpisodeOfCare-SzEpisodeOfCareExample.html"}],"reference":{"reference":"EpisodeOfCare/SzEpisodeOfCareExample"},"name":"SzEpisodeOfCareExample","description":"An example of Eswatini Episode of Care","exampleCanonical":"http://172.209.216.154:3447/fhir/StructureDefinition/SzEpisodeOfCare","groupingId":"-ex-example"},{"extension":[{"url":"http://hl7.org/fhir/tools/StructureDefinition/resource-sort","valueInteger":999999999},{"url":"http://hl7.org/fhir/StructureDefinition/implementationguide-page","valueUri":"EpisodeOfCare-SzEpisodeOfCareExampleArtStartDate.html"}],"reference":{"reference":"EpisodeOfCare/SzEpisodeOfCareExampleArtStartDate"},"name":"SzEpisodeOfCareExample","description":"An example of Eswatini Episode of Care","exampleCanonical":"http://172.209.216.154:3447/fhir/StructureDefinition/SzEpisodeOfCare","groupingId":"-ex-example"}],"page":{"extension":[{"url":"http://hl7.org/fhir/tools/StructureDefinition/ig-page-name","valueUrl":"toc.html"}],"nameUrl":"toc.html","title":"Table of Contents","generation":"html","page":[{"extension":[{"url":"http://hl7.org/fhir/tools/StructureDefinition/ig-page-name","valueUrl":"index.html"}],"nameUrl":"index.html","title":"Home","generation":"markdown"},{"extension":[{"url":"http://hl7.org/fhir/tools/StructureDefinition/ig-page-name","valueUrl":"artifacts.html"}],"nameUrl":"artifacts.html","title":"Artifacts Summary","generation":"html","page":[{"extension":[{"url":"http://hl7.org/fhir/tools/StructureDefinition/ig-page-name","valueUrl":"StructureDefinition-SzAppointment.html"}],"nameUrl":"StructureDefinition-SzAppointment.html","title":"Eswatini Appointment Profile","generation":"generated"},{"extension":[{"url":"http://hl7.org/fhir/tools/StructureDefinition/ig-page-name","valueUrl":"StructureDefinition-SzClinicalObservation.html"}],"nameUrl":"StructureDefinition-SzClinicalObservation.html","title":"Eswatini Clinical Observation Profile","generation":"generated"},{"extension":[{"url":"http://hl7.org/fhir/tools/StructureDefinition/ig-page-name","valueUrl":"StructureDefinition-SzCondition.html"}],"nameUrl":"StructureDefinition-SzCondition.html","title":"Eswatini Condition Profile","generation":"generated"},{"extension":[{"url":"http://hl7.org/fhir/tools/StructureDefinition/ig-page-name","valueUrl":"StructureDefinition-SzEncounter.html"}],"nameUrl":"StructureDefinition-SzEncounter.html","title":"Eswatini Encounter Profile","generation":"generated"},{"extension":[{"url":"http://hl7.org/fhir/tools/StructureDefinition/ig-page-name","valueUrl":"StructureDefinition-SzEpisodeOfCare.html"}],"nameUrl":"StructureDefinition-SzEpisodeOfCare.html","title":"Eswatini Episode of Care","generation":"generated"},{"extension":[{"url":"http://hl7.org/fhir/tools/StructureDefinition/ig-page-name","valueUrl":"StructureDefinition-SzLabResult.html"}],"nameUrl":"StructureDefinition-SzLabResult.html","title":"Eswatini Lab Result Profile","generation":"generated"},{"extension":[{"url":"http://hl7.org/fhir/tools/StructureDefinition/ig-page-name","valueUrl":"StructureDefinition-SzLabTest.html"}],"nameUrl":"StructureDefinition-SzLabTest.html","title":"Eswatini Lab Test Profile","generation":"generated"},{"extension":[{"url":"http://hl7.org/fhir/tools/StructureDefinition/ig-page-name","valueUrl":"StructureDefinition-SzLocation.html"}],"nameUrl":"StructureDefinition-SzLocation.html","title":"Eswatini Location Profile","generation":"generated"},{"extension":[{"url":"http://hl7.org/fhir/tools/StructureDefinition/ig-page-name","valueUrl":"StructureDefinition-SzMedicationDispense.html"}],"nameUrl":"StructureDefinition-SzMedicationDispense.html","title":"Eswatini Medication Dispense Profile","generation":"generated"},{"extension":[{"url":"http://hl7.org/fhir/tools/StructureDefinition/ig-page-name","valueUrl":"StructureDefinition-SzMedication.html"}],"nameUrl":"StructureDefinition-SzMedication.html","title":"Eswatini Medication Profile","generation":"generated"},{"extension":[{"url":"http://hl7.org/fhir/tools/StructureDefinition/ig-page-name","valueUrl":"StructureDefinition-SzMedicationRequest.html"}],"nameUrl":"StructureDefinition-SzMedicationRequest.html","title":"Eswatini Medication Request Profile","generation":"generated"},{"extension":[{"url":"http://hl7.org/fhir/tools/StructureDefinition/ig-page-name","valueUrl":"StructureDefinition-SzOrganization.html"}],"nameUrl":"StructureDefinition-SzOrganization.html","title":"Eswatini Organization Profile","generation":"generated"},{"extension":[{"url":"http://hl7.org/fhir/tools/StructureDefinition/ig-page-name","valueUrl":"StructureDefinition-SzPatient.html"}],"nameUrl":"StructureDefinition-SzPatient.html","title":"Eswatini Patient Profile","generation":"generated"},{"extension":[{"url":"http://hl7.org/fhir/tools/StructureDefinition/ig-page-name","valueUrl":"StructureDefinition-SzPractitioner.html"}],"nameUrl":"StructureDefinition-SzPractitioner.html","title":"Eswatini Practitioner Profile","generation":"generated"},{"extension":[{"url":"http://hl7.org/fhir/tools/StructureDefinition/ig-page-name","valueUrl":"StructureDefinition-SzProcedure.html"}],"nameUrl":"StructureDefinition-SzProcedure.html","title":"Eswatini Procedure Profile","generation":"generated"},{"extension":[{"url":"http://hl7.org/fhir/tools/StructureDefinition/ig-page-name","valueUrl":"StructureDefinition-SzReferral.html"}],"nameUrl":"StructureDefinition-SzReferral.html","title":"Eswatini Referral Profile","generation":"generated"},{"extension":[{"url":"http://hl7.org/fhir/tools/StructureDefinition/ig-page-name","valueUrl":"StructureDefinition-SzLabSpecimen.html"}],"nameUrl":"StructureDefinition-SzLabSpecimen.html","title":"Eswatini Specimen Profile","generation":"generated"},{"extension":[{"url":"http://hl7.org/fhir/tools/StructureDefinition/ig-page-name","valueUrl":"StructureDefinition-SzVitalSigns.html"}],"nameUrl":"StructureDefinition-SzVitalSigns.html","title":"Eswatini Vital Signs Profile","generation":"generated"},{"extension":[{"url":"http://hl7.org/fhir/tools/StructureDefinition/ig-page-name","valueUrl":"StructureDefinition-SzChiefdomExtension.html"}],"nameUrl":"StructureDefinition-SzChiefdomExtension.html","title":"Extention: Eswatini Chiefdom","generation":"generated"},{"extension":[{"url":"http://hl7.org/fhir/tools/StructureDefinition/ig-page-name","valueUrl":"StructureDefinition-SzInkhundlaExtension.html"}],"nameUrl":"StructureDefinition-SzInkhundlaExtension.html","title":"Extention: Eswatini Inkhundla","generation":"generated"},{"extension":[{"url":"http://hl7.org/fhir/tools/StructureDefinition/ig-page-name","valueUrl":"StructureDefinition-SzAuthorizerExtension.html"}],"nameUrl":"StructureDefinition-SzAuthorizerExtension.html","title":"Extention: Eswatini Lab Result Authorizer","generation":"generated"},{"extension":[{"url":"http://hl7.org/fhir/tools/StructureDefinition/ig-page-name","valueUrl":"StructureDefinition-SzLocationCodeExtension.html"}],"nameUrl":"StructureDefinition-SzLocationCodeExtension.html","title":"Extention: Eswatini Location Code","generation":"generated"},{"extension":[{"url":"http://hl7.org/fhir/tools/StructureDefinition/ig-page-name","valueUrl":"StructureDefinition-SzReferralRecipientExtension.html"}],"nameUrl":"StructureDefinition-SzReferralRecipientExtension.html","title":"Extention: Eswatini Referral Recipient","generation":"generated"},{"extension":[{"url":"http://hl7.org/fhir/tools/StructureDefinition/ig-page-name","valueUrl":"StructureDefinition-SzTestingLabExtension.html"}],"nameUrl":"StructureDefinition-SzTestingLabExtension.html","title":"Extention: Eswatini Testing Laboratory","generation":"generated"},{"extension":[{"url":"http://hl7.org/fhir/tools/StructureDefinition/ig-page-name","valueUrl":"ValueSet-SzEpisodeOfCareTypeVS.html"}],"nameUrl":"ValueSet-SzEpisodeOfCareTypeVS.html","title":"Eswatini Episode of Care Valueset","generation":"generated"},{"extension":[{"url":"http://hl7.org/fhir/tools/StructureDefinition/ig-page-name","valueUrl":"ValueSet-SzMalariaEncounterCodesVS.html"}],"nameUrl":"ValueSet-SzMalariaEncounterCodesVS.html","title":"Eswatini Malaria Encounter Codes","generation":"generated"},{"extension":[{"url":"http://hl7.org/fhir/tools/StructureDefinition/ig-page-name","valueUrl":"ValueSet-SzChiefdomVS.html"}],"nameUrl":"ValueSet-SzChiefdomVS.html","title":"Value Set: Chiefdoms Value Set","generation":"generated"},{"extension":[{"url":"http://hl7.org/fhir/tools/StructureDefinition/ig-page-name","valueUrl":"ValueSet-SzClinicalObservationCodesVS.html"}],"nameUrl":"ValueSet-SzClinicalObservationCodesVS.html","title":"Value Set: Clinical Observation Codes Value Set","generation":"generated"},{"extension":[{"url":"http://hl7.org/fhir/tools/StructureDefinition/ig-page-name","valueUrl":"ValueSet-SzEncounterClassificationVS.html"}],"nameUrl":"ValueSet-SzEncounterClassificationVS.html","title":"Value Set: Encounter Classification","generation":"generated"},{"extension":[{"url":"http://hl7.org/fhir/tools/StructureDefinition/ig-page-name","valueUrl":"ValueSet-SzFacilityServicePointVS.html"}],"nameUrl":"ValueSet-SzFacilityServicePointVS.html","title":"Value set: Eswatini Facility Service Points","generation":"generated"},{"extension":[{"url":"http://hl7.org/fhir/tools/StructureDefinition/ig-page-name","valueUrl":"ValueSet-SzTestParameterCodeVS.html"}],"nameUrl":"ValueSet-SzTestParameterCodeVS.html","title":"Value Set: Eswatini Local Test Parameter Codes","generation":"generated"},{"extension":[{"url":"http://hl7.org/fhir/tools/StructureDefinition/ig-page-name","valueUrl":"ValueSet-CIE10VS.html"}],"nameUrl":"ValueSet-CIE10VS.html","title":"Value Set: ICD10","generation":"generated"},{"extension":[{"url":"http://hl7.org/fhir/tools/StructureDefinition/ig-page-name","valueUrl":"ValueSet-SzTestCodeVS.html"}],"nameUrl":"ValueSet-SzTestCodeVS.html","title":"Value Set: Local Test Codes","generation":"generated"},{"extension":[{"url":"http://hl7.org/fhir/tools/StructureDefinition/ig-page-name","valueUrl":"ValueSet-PersonIdentifiersVS.html"}],"nameUrl":"ValueSet-PersonIdentifiersVS.html","title":"Value Set: Person Identifier","generation":"generated"},{"extension":[{"url":"http://hl7.org/fhir/tools/StructureDefinition/ig-page-name","valueUrl":"ValueSet-SzProductCodeVS.html"}],"nameUrl":"ValueSet-SzProductCodeVS.html","title":"Value Set: Product Code Value Set","generation":"generated"},{"extension":[{"url":"http://hl7.org/fhir/tools/StructureDefinition/ig-page-name","valueUrl":"ValueSet-SzReaonsForReferralVS.html"}],"nameUrl":"ValueSet-SzReaonsForReferralVS.html","title":"Value Set: Reasons for Referral","generation":"generated"},{"extension":[{"url":"http://hl7.org/fhir/tools/StructureDefinition/ig-page-name","valueUrl":"ValueSet-SzReferralIntentVS.html"}],"nameUrl":"ValueSet-SzReferralIntentVS.html","title":"Value Set: Referral Intent","generation":"generated"},{"extension":[{"url":"http://hl7.org/fhir/tools/StructureDefinition/ig-page-name","valueUrl":"ValueSet-SzReferralTypeVS.html"}],"nameUrl":"ValueSet-SzReferralTypeVS.html","title":"Value Set: Referral Type","generation":"generated"},{"extension":[{"url":"http://hl7.org/fhir/tools/StructureDefinition/ig-page-name","valueUrl":"ValueSet-SzServiceRequestCategoryVS.html"}],"nameUrl":"ValueSet-SzServiceRequestCategoryVS.html","title":"Value Set: Service Request","generation":"generated"},{"extension":[{"url":"http://hl7.org/fhir/tools/StructureDefinition/ig-page-name","valueUrl":"ValueSet-SzTinkhundlaVS.html"}],"nameUrl":"ValueSet-SzTinkhundlaVS.html","title":"Value Set: Tinkhundla","generation":"generated"},{"extension":[{"url":"http://hl7.org/fhir/tools/StructureDefinition/ig-page-name","valueUrl":"CodeSystem-SzEncounterClassificationCS.html"}],"nameUrl":"CodeSystem-SzEncounterClassificationCS.html","title":"Code System: Encounter Classification","generation":"generated"},{"extension":[{"url":"http://hl7.org/fhir/tools/StructureDefinition/ig-page-name","valueUrl":"CodeSystem-SzChiefdomCS.html"}],"nameUrl":"CodeSystem-SzChiefdomCS.html","title":"Code System: Eswatini Chiefdoms","generation":"generated"},{"extension":[{"url":"http://hl7.org/fhir/tools/StructureDefinition/ig-page-name","valueUrl":"CodeSystem-SzTestCodeCS.html"}],"nameUrl":"CodeSystem-SzTestCodeCS.html","title":"Code System: Eswatini Local Test Codes","generation":"generated"},{"extension":[{"url":"http://hl7.org/fhir/tools/StructureDefinition/ig-page-name","valueUrl":"CodeSystem-SzTestParameterCodeCS.html"}],"nameUrl":"CodeSystem-SzTestParameterCodeCS.html","title":"Code System: Eswatini Local Test Parameter Codes","generation":"generated"},{"extension":[{"url":"http://hl7.org/fhir/tools/StructureDefinition/ig-page-name","valueUrl":"CodeSystem-SzProductCodeCS.html"}],"nameUrl":"CodeSystem-SzProductCodeCS.html","title":"Code System: Eswatini Product Codes","generation":"generated"},{"extension":[{"url":"http://hl7.org/fhir/tools/StructureDefinition/ig-page-name","valueUrl":"CodeSystem-SzReasonsForReferralCS.html"}],"nameUrl":"CodeSystem-SzReasonsForReferralCS.html","title":"Code System: Eswatini Reasons for Referral","generation":"generated"},{"extension":[{"url":"http://hl7.org/fhir/tools/StructureDefinition/ig-page-name","valueUrl":"CodeSystem-SzReferralIntentCS.html"}],"nameUrl":"CodeSystem-SzReferralIntentCS.html","title":"Code System: Eswatini Referral Intent","generation":"generated"},{"extension":[{"url":"http://hl7.org/fhir/tools/StructureDefinition/ig-page-name","valueUrl":"CodeSystem-SzReferralTypeCS.html"}],"nameUrl":"CodeSystem-SzReferralTypeCS.html","title":"Code System: Eswatini Referral Type","generation":"generated"},{"extension":[{"url":"http://hl7.org/fhir/tools/StructureDefinition/ig-page-name","valueUrl":"CodeSystem-SzServiceRequestCategoryCS.html"}],"nameUrl":"CodeSystem-SzServiceRequestCategoryCS.html","title":"Code System: Eswatini Service Request Category","generation":"generated"},{"extension":[{"url":"http://hl7.org/fhir/tools/StructureDefinition/ig-page-name","valueUrl":"CodeSystem-SzTinkhundlaCS.html"}],"nameUrl":"CodeSystem-SzTinkhundlaCS.html","title":"Code System: Eswatini Tinkhundla","generation":"generated"},{"extension":[{"url":"http://hl7.org/fhir/tools/StructureDefinition/ig-page-name","valueUrl":"CodeSystem-SzFacilityServicePointCS.html"}],"nameUrl":"CodeSystem-SzFacilityServicePointCS.html","title":"Code System: Facility Service Points","generation":"generated"},{"extension":[{"url":"http://hl7.org/fhir/tools/StructureDefinition/ig-page-name","valueUrl":"CodeSystem-SzPersonIdentificationsCS.html"}],"nameUrl":"CodeSystem-SzPersonIdentificationsCS.html","title":"Code System: Person Identification Types","generation":"generated"},{"extension":[{"url":"http://hl7.org/fhir/tools/StructureDefinition/ig-page-name","valueUrl":"CodeSystem-SzClinicalObservationCodesCS.html"}],"nameUrl":"CodeSystem-SzClinicalObservationCodesCS.html","title":"Eswatini Clinical Observation Codes Code System","generation":"generated"},{"extension":[{"url":"http://hl7.org/fhir/tools/StructureDefinition/ig-page-name","valueUrl":"CodeSystem-SzEpisodeOfCareTypeCS.html"}],"nameUrl":"CodeSystem-SzEpisodeOfCareTypeCS.html","title":"Eswatini Episode of Care","generation":"generated"},{"extension":[{"url":"http://hl7.org/fhir/tools/StructureDefinition/ig-page-name","valueUrl":"CodeSystem-SzMalariaEncounterCodesCS.html"}],"nameUrl":"CodeSystem-SzMalariaEncounterCodesCS.html","title":"Eswatini Malaria Encounter Codes","generation":"generated"},{"extension":[{"url":"http://hl7.org/fhir/tools/StructureDefinition/ig-page-name","valueUrl":"NamingSystem-NamingSystemCbhis.html"}],"nameUrl":"NamingSystem-NamingSystemCbhis.html","title":"NamingSystemCbhis","generation":"generated"},{"extension":[{"url":"http://hl7.org/fhir/tools/StructureDefinition/ig-page-name","valueUrl":"NamingSystem-NamingSystemCivilRegistry.html"}],"nameUrl":"NamingSystem-NamingSystemCivilRegistry.html","title":"NamingSystemCivilRegistry","generation":"generated"},{"extension":[{"url":"http://hl7.org/fhir/tools/StructureDefinition/ig-page-name","valueUrl":"NamingSystem-NamingSystemCmis.html"}],"nameUrl":"NamingSystem-NamingSystemCmis.html","title":"NamingSystemCmis","generation":"generated"},{"extension":[{"url":"http://hl7.org/fhir/tools/StructureDefinition/ig-page-name","valueUrl":"NamingSystem-NamingSystemMsds.html"}],"nameUrl":"NamingSystem-NamingSystemMsds.html","title":"NamingSystemMsds","generation":"generated"},{"extension":[{"url":"http://hl7.org/fhir/tools/StructureDefinition/ig-page-name","valueUrl":"Patient-SampleSzPatient.html"}],"nameUrl":"Patient-SampleSzPatient.html","title":"Sample Eswatini Patient","generation":"generated"},{"extension":[{"url":"http://hl7.org/fhir/tools/StructureDefinition/ig-page-name","valueUrl":"Practitioner-SampleSzPharmacyPractitioner.html"}],"nameUrl":"Practitioner-SampleSzPharmacyPractitioner.html","title":"Sample Pharmacy Practitioner","generation":"generated"},{"extension":[{"url":"http://hl7.org/fhir/tools/StructureDefinition/ig-page-name","valueUrl":"Practitioner-SampleSzPractitioner.html"}],"nameUrl":"Practitioner-SampleSzPractitioner.html","title":"Sample SzPractitioner","generation":"generated"},{"extension":[{"url":"http://hl7.org/fhir/tools/StructureDefinition/ig-page-name","valueUrl":"Appointment-SampleSzAppointment.html"}],"nameUrl":"Appointment-SampleSzAppointment.html","title":"SampleSzAppointment","generation":"generated"},{"extension":[{"url":"http://hl7.org/fhir/tools/StructureDefinition/ig-page-name","valueUrl":"Observation-SampleSzArtRegimenClinicalObservation.html"}],"nameUrl":"Observation-SampleSzArtRegimenClinicalObservation.html","title":"SampleSzArtRegimenClinicalObservation","generation":"generated"},{"extension":[{"url":"http://hl7.org/fhir/tools/StructureDefinition/ig-page-name","valueUrl":"Bundle-SampleSzBundle.html"}],"nameUrl":"Bundle-SampleSzBundle.html","title":"SampleSzBundle","generation":"generated"},{"extension":[{"url":"http://hl7.org/fhir/tools/StructureDefinition/ig-page-name","valueUrl":"Bundle-SampleSzBundle1.html"}],"nameUrl":"Bundle-SampleSzBundle1.html","title":"SampleSzBundle1","generation":"generated"},{"extension":[{"url":"http://hl7.org/fhir/tools/StructureDefinition/ig-page-name","valueUrl":"Encounter-SampleSzEncounter.html"}],"nameUrl":"Encounter-SampleSzEncounter.html","title":"SampleSzEncounter","generation":"generated"},{"extension":[{"url":"http://hl7.org/fhir/tools/StructureDefinition/ig-page-name","valueUrl":"Procedure-SampleSzIPTProcedure.html"}],"nameUrl":"Procedure-SampleSzIPTProcedure.html","title":"SampleSzIPTProcedure","generation":"generated"},{"extension":[{"url":"http://hl7.org/fhir/tools/StructureDefinition/ig-page-name","valueUrl":"Location-SampleSzLabLocation.html"}],"nameUrl":"Location-SampleSzLabLocation.html","title":"SampleSzLabLocation","generation":"generated"},{"extension":[{"url":"http://hl7.org/fhir/tools/StructureDefinition/ig-page-name","valueUrl":"Observation-SampleSzLabResult1.html"}],"nameUrl":"Observation-SampleSzLabResult1.html","title":"SampleSzLabResult1","generation":"generated"},{"extension":[{"url":"http://hl7.org/fhir/tools/StructureDefinition/ig-page-name","valueUrl":"DiagnosticReport-SampleSzLabTest.html"}],"nameUrl":"DiagnosticReport-SampleSzLabTest.html","title":"SampleSzLabTest","generation":"generated"},{"extension":[{"url":"http://hl7.org/fhir/tools/StructureDefinition/ig-page-name","valueUrl":"Location-SampleSzLocation.html"}],"nameUrl":"Location-SampleSzLocation.html","title":"SampleSzLocation","generation":"generated"},{"extension":[{"url":"http://hl7.org/fhir/tools/StructureDefinition/ig-page-name","valueUrl":"Bundle-SampleSzMalariaBundle.html"}],"nameUrl":"Bundle-SampleSzMalariaBundle.html","title":"SampleSzMalariaBundle","generation":"generated"},{"extension":[{"url":"http://hl7.org/fhir/tools/StructureDefinition/ig-page-name","valueUrl":"Condition-SampleSzMalariaCondition-001.html"}],"nameUrl":"Condition-SampleSzMalariaCondition-001.html","title":"SampleSzMalariaCondition-001","generation":"generated"},{"extension":[{"url":"http://hl7.org/fhir/tools/StructureDefinition/ig-page-name","valueUrl":"Encounter-SampleSzMalariaEncounter.html"}],"nameUrl":"Encounter-SampleSzMalariaEncounter.html","title":"SampleSzMalariaEncounter","generation":"generated"},{"extension":[{"url":"http://hl7.org/fhir/tools/StructureDefinition/ig-page-name","valueUrl":"Observation-SampleSzMalariaLabResult.html"}],"nameUrl":"Observation-SampleSzMalariaLabResult.html","title":"SampleSzMalariaLabResult","generation":"generated"},{"extension":[{"url":"http://hl7.org/fhir/tools/StructureDefinition/ig-page-name","valueUrl":"DiagnosticReport-SampleSzMalariaLabTest.html"}],"nameUrl":"DiagnosticReport-SampleSzMalariaLabTest.html","title":"SampleSzMalariaLabTest","generation":"generated"},{"extension":[{"url":"http://hl7.org/fhir/tools/StructureDefinition/ig-page-name","valueUrl":"MedicationDispense-SampleSzMalariaMedicalDispense.html"}],"nameUrl":"MedicationDispense-SampleSzMalariaMedicalDispense.html","title":"SampleSzMalariaMedicalDispense","generation":"generated"},{"extension":[{"url":"http://hl7.org/fhir/tools/StructureDefinition/ig-page-name","valueUrl":"MedicationRequest-SampleSzMalariaMedicationRequest.html"}],"nameUrl":"MedicationRequest-SampleSzMalariaMedicationRequest.html","title":"SampleSzMalariaMedicationRequest","generation":"generated"},{"extension":[{"url":"http://hl7.org/fhir/tools/StructureDefinition/ig-page-name","valueUrl":"Patient-SampleSzMalariaPatient.html"}],"nameUrl":"Patient-SampleSzMalariaPatient.html","title":"SampleSzMalariaPatient","generation":"generated"},{"extension":[{"url":"http://hl7.org/fhir/tools/StructureDefinition/ig-page-name","valueUrl":"Specimen-SampleSzMalariaSpecimen.html"}],"nameUrl":"Specimen-SampleSzMalariaSpecimen.html","title":"SampleSzMalariaSpecimen","generation":"generated"},{"extension":[{"url":"http://hl7.org/fhir/tools/StructureDefinition/ig-page-name","valueUrl":"Observation-SampleSzMalariaTravelHistory.html"}],"nameUrl":"Observation-SampleSzMalariaTravelHistory.html","title":"SampleSzMalariaTravelHistory","generation":"generated"},{"extension":[{"url":"http://hl7.org/fhir/tools/StructureDefinition/ig-page-name","valueUrl":"MedicationDispense-SampleSzMedicalDispense.html"}],"nameUrl":"MedicationDispense-SampleSzMedicalDispense.html","title":"SampleSzMedicalDispense","generation":"generated"},{"extension":[{"url":"http://hl7.org/fhir/tools/StructureDefinition/ig-page-name","valueUrl":"Medication-SampleSzMedication.html"}],"nameUrl":"Medication-SampleSzMedication.html","title":"SampleSzMedication","generation":"generated"},{"extension":[{"url":"http://hl7.org/fhir/tools/StructureDefinition/ig-page-name","valueUrl":"MedicationRequest-SampleSzMedicationRequest.html"}],"nameUrl":"MedicationRequest-SampleSzMedicationRequest.html","title":"SampleSzMedicationRequest","generation":"generated"},{"extension":[{"url":"http://hl7.org/fhir/tools/StructureDefinition/ig-page-name","valueUrl":"Organization-SampleSzOrganization.html"}],"nameUrl":"Organization-SampleSzOrganization.html","title":"SampleSzOrganization","generation":"generated"},{"extension":[{"url":"http://hl7.org/fhir/tools/StructureDefinition/ig-page-name","valueUrl":"Organization-SampleSzOrganization1.html"}],"nameUrl":"Organization-SampleSzOrganization1.html","title":"SampleSzOrganization1","generation":"generated"},{"extension":[{"url":"http://hl7.org/fhir/tools/StructureDefinition/ig-page-name","valueUrl":"ServiceRequest-SampleSzReferral.html"}],"nameUrl":"ServiceRequest-SampleSzReferral.html","title":"SampleSzReferral","generation":"generated"},{"extension":[{"url":"http://hl7.org/fhir/tools/StructureDefinition/ig-page-name","valueUrl":"Specimen-SampleSzSpecimen.html"}],"nameUrl":"Specimen-SampleSzSpecimen.html","title":"SampleSzSpecimen","generation":"generated"},{"extension":[{"url":"http://hl7.org/fhir/tools/StructureDefinition/ig-page-name","valueUrl":"Observation-SampleVitalsBodyMassIndex.html"}],"nameUrl":"Observation-SampleVitalsBodyMassIndex.html","title":"SampleVitalsBodyMassIndex","generation":"generated"},{"extension":[{"url":"http://hl7.org/fhir/tools/StructureDefinition/ig-page-name","valueUrl":"Observation-SampleVitalsHeight.html"}],"nameUrl":"Observation-SampleVitalsHeight.html","title":"SampleVitalsHeight","generation":"generated"},{"extension":[{"url":"http://hl7.org/fhir/tools/StructureDefinition/ig-page-name","valueUrl":"Observation-SampleVitalsRespiratoryRate.html"}],"nameUrl":"Observation-SampleVitalsRespiratoryRate.html","title":"SampleVitalsRespiratoryRate","generation":"generated"},{"extension":[{"url":"http://hl7.org/fhir/tools/StructureDefinition/ig-page-name","valueUrl":"Observation-SampleVitalsTemperature.html"}],"nameUrl":"Observation-SampleVitalsTemperature.html","title":"SampleVitalsTemperature","generation":"generated"},{"extension":[{"url":"http://hl7.org/fhir/tools/StructureDefinition/ig-page-name","valueUrl":"Observation-SampleVitalsWeight.html"}],"nameUrl":"Observation-SampleVitalsWeight.html","title":"SampleVitalsWeight","generation":"generated"},{"extension":[{"url":"http://hl7.org/fhir/tools/StructureDefinition/ig-page-name","valueUrl":"Condition-SzConditionExample.html"}],"nameUrl":"Condition-SzConditionExample.html","title":"SzConditionExample","generation":"generated"},{"extension":[{"url":"http://hl7.org/fhir/tools/StructureDefinition/ig-page-name","valueUrl":"EpisodeOfCare-SzEpisodeOfCareExampleArtStartDate.html"}],"nameUrl":"EpisodeOfCare-SzEpisodeOfCareExampleArtStartDate.html","title":"SzEpisodeOfCareExample","generation":"generated"},{"extension":[{"url":"http://hl7.org/fhir/tools/StructureDefinition/ig-page-name","valueUrl":"EpisodeOfCare-SzEpisodeOfCareExample.html"}],"nameUrl":"EpisodeOfCare-SzEpisodeOfCareExample.html","title":"SzEpisodeOfCareExample","generation":"generated"}]}]},"parameter":[{"code":"path-resource","value":"input/capabilities"},{"code":"path-resource","value":"input/examples"},{"code":"path-resource","value":"input/extensions"},{"code":"path-resource","value":"input/models"},{"code":"path-resource","value":"input/operations"},{"code":"path-resource","value":"input/profiles"},{"code":"path-resource","value":"input/resources"},{"code":"path-resource","value":"input/vocabulary"},{"code":"path-resource","value":"input/maps"},{"code":"path-resource","value":"input/testing"},{"code":"path-resource","value":"input/history"},{"code":"path-resource","value":"fsh-generated/resources"},{"code":"path-pages","value":"template/config"},{"code":"path-pages","value":"input/images"},{"code":"path-tx-cache","value":"input-cache/txcache"}]}}