{"resourceType":"ValueSet","id":"SzProductCodeVS","text":{"status":"generated","div":"<div xmlns=\"http://www.w3.org/1999/xhtml\"><p class=\"res-header-id\"><b>Generated Narrative: ValueSet SzProductCodeVS</b></p><a name=\"SzProductCodeVS\"> </a><a name=\"hcSzProductCodeVS\"> </a><ul><li>Include all codes defined in <a href=\"CodeSystem-SzProductCodeCS.html\"><code>http://172.209.216.154:3447/fhir/CodeSystem/SzProductCodeCS</code></a></li></ul></div>"},"url":"http://172.209.216.154:3447/fhir/ValueSet/SzProductCodeVS","version":"0.1.0","name":"SzProductCodeVS","title":"Value Set: Product Code Value Set","status":"draft","date":"2025-08-01T12:25:19+00:00","publisher":"Ministry of Health Eswatini","contact":[{"name":"Ministry of Health Eswatini","telecom":[{"system":"url","value":"https://172.209.216.154:3447"},{"system":"email","value":"eswatinihie@moh.gov.sz"}]}],"description":"Value set for ESwatini Product Codes","compose":{"include":[{"system":"http://172.209.216.154:3447/fhir/CodeSystem/SzProductCodeCS"}]}}