{"resourceType":"ValueSet","id":"SzSequenceOfConditionsVS","text":{"status":"generated","div":"<div xmlns=\"http://www.w3.org/1999/xhtml\"><p class=\"res-header-id\"><b>Generated Narrative: ValueSet SzSequenceOfConditionsVS</b></p><a name=\"SzSequenceOfConditionsVS\"> </a><a name=\"hcSzSequenceOfConditionsVS\"> </a><ul><li>Include all codes defined in <a href=\"CodeSystem-SzCauseOfDeathSequenceOfConditionsCS.html\"><code>http://172.209.216.154:3447/fhir/CodeSystem/SzCauseOfDeathSequenceOfConditionsCS</code></a></li></ul></div>"},"url":"http://172.209.216.154:3447/fhir/ValueSet/SzSequenceOfConditionsVS","version":"0.1.0","name":"SzSequenceOfConditionsVS","title":"Eswatini Cause of Death sequence of conditions","status":"draft","date":"2025-09-19T08:18:44+00:00","publisher":"Ministry of Health Eswatini","contact":[{"name":"Ministry of Health Eswatini","telecom":[{"system":"url","value":"https://172.209.216.154:3447"},{"system":"email","value":"eswatinihie@moh.gov.sz"}]}],"description":"Eswatini Cause of Death sequence of conditions","compose":{"include":[{"system":"http://172.209.216.154:3447/fhir/CodeSystem/SzCauseOfDeathSequenceOfConditionsCS"}]}}