{"resourceType":"ValueSet","id":"SzEncounterClassificationVS","text":{"status":"generated","div":"<div xmlns=\"http://www.w3.org/1999/xhtml\"><p class=\"res-header-id\"><b>Generated Narrative: ValueSet SzEncounterClassificationVS</b></p><a name=\"SzEncounterClassificationVS\"> </a><a name=\"hcSzEncounterClassificationVS\"> </a><p>This value set includes codes based on the following rules:</p><ul><li>Include all codes defined in <a href=\"http://terminology.hl7.org/5.5.0/CodeSystem-v3-ActCode.html\"><code>http://terminology.hl7.org/CodeSystem/v3-ActCode</code></a></li><li>Include all codes defined in <a href=\"CodeSystem-SzEncounterClassificationCS.html\"><code>http://172.209.216.154:3447/fhir/CodeSystem/SzEncounterClassificationCS</code></a></li></ul></div>"},"url":"http://172.209.216.154:3447/fhir/ValueSet/SzEncounterClassificationVS","version":"0.1.0","name":"EswatiniEncounterClassification","title":"Value Set: Encounter Classification","status":"active","experimental":false,"date":"2025-09-08T12:30:01+00:00","publisher":"Ministry of Health Eswatini","contact":[{"name":"Ministry of Health Eswatini","telecom":[{"system":"url","value":"https://172.209.216.154:3447"},{"system":"email","value":"eswatinihie@moh.gov.sz"}]}],"description":"Eswatini Encounter Classification Codes","compose":{"include":[{"system":"http://terminology.hl7.org/CodeSystem/v3-ActCode"},{"system":"http://172.209.216.154:3447/fhir/CodeSystem/SzEncounterClassificationCS"}]}}