{"resourceType":"ValueSet","id":"SzReferralIntentVS","text":{"status":"generated","div":"<div xmlns=\"http://www.w3.org/1999/xhtml\"><p class=\"res-header-id\"><b>Generated Narrative: ValueSet SzReferralIntentVS</b></p><a name=\"SzReferralIntentVS\"> </a><a name=\"hcSzReferralIntentVS\"> </a><p>This value set includes codes based on the following rules:</p><ul><li>Include all codes defined in <a href=\"http://hl7.org/fhir/R4/codesystem-request-intent.html\"><code>http://hl7.org/fhir/request-intent</code></a></li><li>Include all codes defined in <a href=\"CodeSystem-SzReferralIntentCS.html\"><code>http://172.209.216.154:3447/fhir/CodeSystem/SzReferralIntentCS</code></a></li></ul></div>"},"url":"http://172.209.216.154:3447/fhir/ValueSet/SzReferralIntentVS","version":"0.1.0","name":"SzReferralIntentVS","title":"Value Set: Referral Intent","status":"active","experimental":false,"date":"2025-09-09T15:13:38+00:00","publisher":"Ministry of Health Eswatini","contact":[{"name":"Ministry of Health Eswatini","telecom":[{"system":"url","value":"https://172.209.216.154:3447"},{"system":"email","value":"eswatinihie@moh.gov.sz"}]}],"description":"Eswatini Referral Intent","compose":{"include":[{"system":"http://hl7.org/fhir/request-intent"},{"system":"http://172.209.216.154:3447/fhir/CodeSystem/SzReferralIntentCS"}]}}