{"resourceType":"ValueSet","id":"SzServiceRequestCategoryVS","text":{"status":"generated","div":"<div xmlns=\"http://www.w3.org/1999/xhtml\"><p class=\"res-header-id\"><b>Generated Narrative: ValueSet SzServiceRequestCategoryVS</b></p><a name=\"SzServiceRequestCategoryVS\"> </a><a name=\"hcSzServiceRequestCategoryVS\"> </a><ul><li>Include all codes defined in <a href=\"CodeSystem-SzServiceRequestCategoryCS.html\"><code>http://172.209.216.154:3447/fhir/CodeSystem/SzServiceRequestCategoryCS</code></a></li></ul></div>"},"url":"http://172.209.216.154:3447/fhir/ValueSet/SzServiceRequestCategoryVS","version":"0.1.0","name":"SzServiceRequestCategoryVS","title":"Value Set: Service Request","status":"active","experimental":false,"date":"2025-08-01T12:25:19+00:00","publisher":"Ministry of Health Eswatini","contact":[{"name":"Ministry of Health Eswatini","telecom":[{"system":"url","value":"https://172.209.216.154:3447"},{"system":"email","value":"eswatinihie@moh.gov.sz"}]}],"description":"Eswatini Service Request","compose":{"include":[{"system":"http://172.209.216.154:3447/fhir/CodeSystem/SzServiceRequestCategoryCS"}]}}