{"resourceType":"ValueSet","id":"CIE10VS","text":{"status":"generated","div":"<div xmlns=\"http://www.w3.org/1999/xhtml\"><p class=\"res-header-id\"><b>Generated Narrative: ValueSet CIE10VS</b></p><a name=\"CIE10VS\"> </a><a name=\"hcCIE10VS\"> </a><ul><li>Include all codes defined in <a href=\"http://terminology.hl7.org/5.0.0/CodeSystem-icd10.html\"><code>http://hl7.org/fhir/sid/icd-10</code></a></li></ul></div>"},"url":"http://172.209.216.154:3447/fhir/ValueSet/CIE10VS","version":"0.1.0","name":"CIE10VS","title":"Value Set: ICD10","status":"active","experimental":false,"date":"2023-01-01T00:00:00-05:00","publisher":"Ministry of Health Eswatini","contact":[{"name":"Ministry of Health Eswatini","telecom":[{"system":"url","value":"https://172.209.216.154:3447"},{"system":"email","value":"eswatinihie@moh.gov.sz"}]}],"description":"CIE10 code values","compose":{"include":[{"system":"http://hl7.org/fhir/sid/icd-10"}]}}