{"resourceType":"ValueSet","id":"SzServicePointVS","text":{"status":"generated","div":"<div xmlns=\"http://www.w3.org/1999/xhtml\"><p class=\"res-header-id\"><b>Generated Narrative: ValueSet SzServicePointVS</b></p><a name=\"SzServicePointVS\"> </a><a name=\"hcSzServicePointVS\"> </a><ul><li>Include these codes as defined in <a href=\"CodeSystem-SzServicePointCS.html\"><code>http://192.168.10.200:3447/fhir/CodeSystem/SzServicePointCS</code></a><table class=\"none\"><tr><td style=\"white-space:nowrap\"><b>Code</b></td><td><b>Display</b></td></tr><tr><td><a href=\"CodeSystem-SzServicePointCS.html#SzServicePointCS-ART\">ART</a></td><td>Anti Retroviral Therapy</td></tr><tr><td><a href=\"CodeSystem-SzServicePointCS.html#SzServicePointCS-HTS\">HTS</a></td><td>HIV Testing Services</td></tr><tr><td><a href=\"CodeSystem-SzServicePointCS.html#SzServicePointCS-ANC\">ANC</a></td><td>Ante Natal Care</td></tr><tr><td><a href=\"CodeSystem-SzServicePointCS.html#SzServicePointCS-PNC\">PNC</a></td><td>Post Natal Care</td></tr><tr><td><a href=\"CodeSystem-SzServicePointCS.html#SzServicePointCS-FP\">FP</a></td><td>Family Planning</td></tr></table></li></ul></div>"},"url":"http://192.168.10.200:3447/fhir/ValueSet/SzServicePointVS","version":"0.1.0","name":"SzServicePointVS","title":"Value set: Eswatini Service Points","status":"draft","date":"2025-07-09T11:11:31+00:00","publisher":"Ministry of Health Eswatini","contact":[{"name":"Ministry of Health Eswatini","telecom":[{"system":"url","value":"https://192.168.10.200:3447"},{"system":"email","value":"eswatinihie@moh.gov.sz"}]}],"description":"Value set for Eswatini service points","compose":{"include":[{"system":"http://192.168.10.200:3447/fhir/CodeSystem/SzServicePointCS","concept":[{"code":"ART","display":"Anti Retroviral Therapy"},{"code":"HTS","display":"HIV Testing Services"},{"code":"ANC","display":"Ante Natal Care"},{"code":"PNC","display":"Post Natal Care"},{"code":"FP","display":"Family Planning"}]}]}}