{"resourceType":"ValueSet","id":"SzChiefdomVS","text":{"status":"generated","div":"<div xmlns=\"http://www.w3.org/1999/xhtml\"><p class=\"res-header-id\"><b>Generated Narrative: ValueSet SzChiefdomVS</b></p><a name=\"SzChiefdomVS\"> </a><a name=\"hcSzChiefdomVS\"> </a><ul><li>Include all codes defined in <a href=\"CodeSystem-SzChiefdomCS.html\"><code>http://192.168.10.200:3447/fhir/CodeSystem/SzChiefdomCS</code></a></li></ul></div>"},"url":"http://192.168.10.200:3447/fhir/ValueSet/SzChiefdomVS","version":"0.1.0","name":"SzChiefdomVS","title":"Value Set: Chiefdoms Value Set","status":"draft","date":"2025-07-09T11:11:31+00:00","publisher":"Ministry of Health Eswatini","contact":[{"name":"Ministry of Health Eswatini","telecom":[{"system":"url","value":"https://192.168.10.200:3447"},{"system":"email","value":"eswatinihie@moh.gov.sz"}]}],"description":"Value set for ESwatini chiefdoms","compose":{"include":[{"system":"http://192.168.10.200:3447/fhir/CodeSystem/SzChiefdomCS"}]}}