{"resourceType":"ValueSet","id":"SzFacilityServicePointVS","text":{"status":"generated","div":"<div xmlns=\"http://www.w3.org/1999/xhtml\"><p class=\"res-header-id\"><b>Generated Narrative: ValueSet SzFacilityServicePointVS</b></p><a name=\"SzFacilityServicePointVS\"> </a><a name=\"hcSzFacilityServicePointVS\"> </a><ul><li>Include all codes defined in <a href=\"CodeSystem-SzFacilityServicePointCS.html\"><code>http://172.209.216.154:3447/fhir/CodeSystem/SzFacilityServicePointCS</code></a></li></ul></div>"},"url":"http://172.209.216.154:3447/fhir/ValueSet/SzFacilityServicePointVS","version":"0.1.0","name":"SzFacilityServicePointVS","title":"Value set: Eswatini Facility Service Points","status":"draft","date":"2025-09-09T15:13:38+00:00","publisher":"Ministry of Health Eswatini","contact":[{"name":"Ministry of Health Eswatini","telecom":[{"system":"url","value":"https://172.209.216.154:3447"},{"system":"email","value":"eswatinihie@moh.gov.sz"}]}],"description":"Value set for Facility Service Points","compose":{"include":[{"system":"http://172.209.216.154:3447/fhir/CodeSystem/SzFacilityServicePointCS"}]}}