{
  "resourceType" : "Bundle",
  "id" : "SampleSzBundle1",
  "type" : "transaction",
  "entry" : [{
    "fullUrl" : "http://172.209.216.154:3447/fhir/Encounter/SampleSzEncounter1",
    "resource" : {
      "resourceType" : "Patient",
      "id" : "SampleSzPatient",
      "meta" : {
        "profile" : ["http://172.209.216.154:3447/fhir/StructureDefinition/SzPatient"]
      },
      "text" : {
        "status" : "generated",
        "div" : "<div xmlns=\"http://www.w3.org/1999/xhtml\"><a name=\"Patient_SampleSzPatient\"> </a><p class=\"res-header-id\"><b>Generated Narrative: Patient SampleSzPatient</b></p><a name=\"SampleSzPatient\"> </a><a name=\"hcSampleSzPatient\"> </a><div style=\"display: inline-block; background-color: #d9e0e7; padding: 6px; margin: 4px; border: 1px solid #8da1b4; border-radius: 5px; line-height: 60%\"><p style=\"margin-bottom: 0px\"/><p style=\"margin-bottom: 0px\">Profile: <a href=\"StructureDefinition-SzPatient.html\">Eswatini Patient Profile</a></p></div><p style=\"border: 1px #661aff solid; background-color: #e6e6ff; padding: 10px;\">Celucolo Celani Sacolo  Male, DoB: 2000-01-01 ( Medical Record Number: Client Management Information System#M001010101-1\u00a0(use:\u00a0usual,\u00a0))</p><hr/><table class=\"grid\"><tr><td style=\"background-color: #f3f5da\" title=\"Other Id (see the one above)\">Other Id:</td><td colspan=\"3\">Personal ID Number/2001010000001\u00a0(use:\u00a0official,\u00a0)</td></tr><tr><td style=\"background-color: #f3f5da\" title=\"Ways to contact the Patient\">Contact Detail</td><td colspan=\"3\"><ul><li>ph: 7600 0000</li><li>123 Somhlolo Rd Mbabane 0000 SZ </li></ul></td></tr><tr><td style=\"background-color: #f3f5da\" title=\"The nationality of the patient.\"><a href=\"http://hl7.org/fhir/extensions/5.2.0/StructureDefinition-patient-nationality.html\">Patient Nationality</a></td><td colspan=\"3\"><span title=\"Codes:{urn:iso:std:iso:3166 SWZ}\">Eswatini</span></td></tr><tr><td style=\"background-color: #f3f5da\" title=\"Extention for Eswatini Chiefdom\"><a href=\"StructureDefinition-SzChiefdomExtension.html\">Extention: Eswatini Chiefdom</a></td><td colspan=\"3\"><span title=\"Codes:{http://172.209.216.154:3447/fhir/CodeSystem/SzChiefdomCS Kwaluseni}\">Kwaluseni</span></td></tr><tr><td style=\"background-color: #f3f5da\" title=\"Extention for Eswatini Tinkhundla\"><a href=\"StructureDefinition-SzInkhundlaExtension.html\">Extention: Eswatini Inkhundla</a></td><td colspan=\"3\"><span title=\"Codes:{http://172.209.216.154:3447/fhir/CodeSystem/SzTinkhundlaCS DVOKODVWENI}\">Dvokodvweni</span></td></tr></table></div>"
      },
      "extension" : [{
        "url" : "http://hl7.org/fhir/StructureDefinition/patient-nationality",
        "valueCodeableConcept" : {
          "coding" : [{
            "system" : "urn:iso:std:iso:3166",
            "code" : "SWZ",
            "display" : "Eswatini"
          }]
        }
      },
      {
        "url" : "http://172.209.216.154:3447/fhir/StructureDefinition/SzInkhundlaExtension",
        "valueCodeableConcept" : {
          "coding" : [{
            "system" : "http://172.209.216.154:3447/fhir/CodeSystem/SzTinkhundlaCS",
            "code" : "DVOKODVWENI",
            "display" : "Dvokodvweni"
          }],
          "text" : "Dvokodvweni"
        }
      },
      {
        "url" : "http://172.209.216.154:3447/fhir/StructureDefinition/SzChiefdomExtension",
        "valueCodeableConcept" : {
          "coding" : [{
            "system" : "http://172.209.216.154:3447/fhir/CodeSystem/SzChiefdomCS",
            "code" : "Kwaluseni",
            "display" : "Kwaluseni"
          }],
          "text" : "Kwaluseni"
        }
      }],
      "identifier" : [{
        "use" : "usual",
        "type" : {
          "coding" : [{
            "system" : "http://172.209.216.154:3447/fhir/CodeSystem/SzPersonIdentificationsCS",
            "code" : "MR",
            "display" : "Medical Record Number"
          }]
        },
        "system" : "urn:health:cmis",
        "value" : "M001010101-1"
      },
      {
        "use" : "official",
        "type" : {
          "coding" : [{
            "system" : "http://172.209.216.154:3447/fhir/CodeSystem/SzPersonIdentificationsCS",
            "code" : "PI",
            "display" : "Personal ID Number"
          }]
        },
        "system" : "urn:homeaffairs:population-register",
        "value" : "2001010000001"
      }],
      "name" : [{
        "family" : "Sacolo",
        "given" : ["Celucolo",
        "Celani"]
      }],
      "telecom" : [{
        "system" : "phone",
        "value" : "7600 0000"
      }],
      "gender" : "male",
      "birthDate" : "2000-01-01",
      "address" : [{
        "line" : ["123 Somhlolo Rd"],
        "city" : "Mbabane",
        "postalCode" : "0000",
        "country" : "SZ"
      }]
    },
    "request" : {
      "method" : "PUT",
      "url" : "Patient/SampleSzPatient1"
    }
  },
  {
    "resource" : {
      "resourceType" : "Encounter",
      "id" : "SampleSzEncounter",
      "meta" : {
        "profile" : ["http://172.209.216.154:3447/fhir/StructureDefinition/SzEncounter"]
      },
      "text" : {
        "status" : "generated",
        "div" : "<div xmlns=\"http://www.w3.org/1999/xhtml\"><a name=\"Encounter_SampleSzEncounter\"> </a><p class=\"res-header-id\"><b>Generated Narrative: Encounter SampleSzEncounter</b></p><a name=\"SampleSzEncounter\"> </a><a name=\"hcSampleSzEncounter\"> </a><div style=\"display: inline-block; background-color: #d9e0e7; padding: 6px; margin: 4px; border: 1px solid #8da1b4; border-radius: 5px; line-height: 60%\"><p style=\"margin-bottom: 0px\"/><p style=\"margin-bottom: 0px\">Profile: <a href=\"StructureDefinition-SzEncounter.html\">Eswatini Encounter Profile</a></p></div><p><b>status</b>: Finished</p><p><b>class</b>: <a href=\"CodeSystem-SzEncounterClassificationCS.html#SzEncounterClassificationCS-OPD\">Code System: Encounter Classification OPD</a>: Out Patient Department</p><p><b>subject</b>: <a href=\"Patient-SampleSzPatient.html\">Celucolo Celani Sacolo  Male, DoB: 2000-01-01 ( Medical Record Number: Client Management Information System#M001010101-1\u00a0(use:\u00a0usual,\u00a0))</a></p><h3>Participants</h3><table class=\"grid\"><tr><td style=\"display: none\">-</td><td><b>Individual</b></td></tr><tr><td style=\"display: none\">*</td><td><a href=\"Practitioner-SampleSzPractitioner.html\">Practitioner Thabile Celiwe Dlamini </a></td></tr></table><p><b>reasonCode</b>: <span title=\"Codes:{http://172.209.216.154:3447/fhir/CodeSystem/SzServicePointCS ART}\">Antiretrovial Therapy</span></p><h3>Locations</h3><table class=\"grid\"><tr><td style=\"display: none\">-</td><td><b>Location</b></td><td><b>Status</b></td></tr><tr><td style=\"display: none\">*</td><td><a href=\"Location-SampleSzLocation.html\">Location Mahwalala Red Cross Clinic</a></td><td>Completed</td></tr></table></div>"
      },
      "status" : "finished",
      "class" : {
        "system" : "http://172.209.216.154:3447/fhir/CodeSystem/SzEncounterClassificationCS",
        "code" : "OPD",
        "display" : "Out Patient Department"
      },
      "subject" : {
        "reference" : "Patient/SampleSzPatient"
      },
      "participant" : [{
        "individual" : {
          "reference" : "Practitioner/SampleSzPractitioner"
        }
      }],
      "reasonCode" : [{
        "coding" : [{
          "system" : "http://172.209.216.154:3447/fhir/CodeSystem/SzServicePointCS",
          "code" : "ART",
          "display" : "Antiretrovial Therapy"
        }],
        "text" : "Antiretrovial Therapy"
      }],
      "location" : [{
        "location" : {
          "reference" : "Location/SampleSzLocation"
        },
        "status" : "completed"
      }]
    },
    "request" : {
      "method" : "PUT",
      "url" : "Encounter/SampleSzEncounter1"
    }
  }]
}