{
  "resourceType" : "Encounter",
  "id" : "SampleSzEncounter",
  "meta" : {
    "profile" : ["http://172.209.216.154:3447/fhir/StructureDefinition/SzEncounter"]
  },
  "text" : {
    "status" : "generated",
    "div" : "<div xmlns=\"http://www.w3.org/1999/xhtml\"><p class=\"res-header-id\"><b>Generated Narrative: Encounter SampleSzEncounter</b></p><a name=\"SampleSzEncounter\"> </a><a name=\"hcSampleSzEncounter\"> </a><div style=\"display: inline-block; background-color: #d9e0e7; padding: 6px; margin: 4px; border: 1px solid #8da1b4; border-radius: 5px; line-height: 60%\"><p style=\"margin-bottom: 0px\"/><p style=\"margin-bottom: 0px\">Profile: <a href=\"StructureDefinition-SzEncounter.html\">Eswatini Encounter Profile</a></p></div><p><b>status</b>: Finished</p><p><b>class</b>: <a href=\"CodeSystem-SzEncounterClassificationCS.html#SzEncounterClassificationCS-OPD\">Code System: Encounter Classification OPD</a>: Out Patient Department</p><p><b>subject</b>: <a href=\"Patient-SampleSzPatient.html\">Celucolo Celani Sacolo  Male, DoB: 2000-01-01 ( Medical Record Number: Client Management Information System#M001010101-1\u00a0(use:\u00a0usual,\u00a0))</a></p><h3>Participants</h3><table class=\"grid\"><tr><td style=\"display: none\">-</td><td><b>Individual</b></td></tr><tr><td style=\"display: none\">*</td><td><a href=\"Practitioner-SampleSzPractitioner.html\">Practitioner Thabile Celiwe Dlamini </a></td></tr></table><p><b>reasonCode</b>: <span title=\"Codes:{http://172.209.216.154:3447/fhir/CodeSystem/SzServicePointCS ART}\">Antiretrovial Therapy</span></p><h3>Locations</h3><table class=\"grid\"><tr><td style=\"display: none\">-</td><td><b>Location</b></td><td><b>Status</b></td></tr><tr><td style=\"display: none\">*</td><td><a href=\"Location-SampleSzLocation.html\">Location Mahwalala Red Cross Clinic</a></td><td>Completed</td></tr></table></div>"
  },
  "status" : "finished",
  "class" : {
    "system" : "http://172.209.216.154:3447/fhir/CodeSystem/SzEncounterClassificationCS",
    "code" : "OPD",
    "display" : "Out Patient Department"
  },
  "subject" : {
    "reference" : "Patient/SampleSzPatient"
  },
  "participant" : [{
    "individual" : {
      "reference" : "Practitioner/SampleSzPractitioner"
    }
  }],
  "reasonCode" : [{
    "coding" : [{
      "system" : "http://172.209.216.154:3447/fhir/CodeSystem/SzServicePointCS",
      "code" : "ART",
      "display" : "Antiretrovial Therapy"
    }],
    "text" : "Antiretrovial Therapy"
  }],
  "location" : [{
    "location" : {
      "reference" : "Location/SampleSzLocation"
    },
    "status" : "completed"
  }]
}