{
  "resourceType" : "EpisodeOfCare",
  "id" : "SzEpisodeOfCareExampleArtStartDate",
  "meta" : {
    "profile" : ["http://172.209.216.154:3447/fhir/StructureDefinition/SzEpisodeOfCare"]
  },
  "text" : {
    "status" : "generated",
    "div" : "<div xmlns=\"http://www.w3.org/1999/xhtml\"><p class=\"res-header-id\"><b>Generated Narrative: EpisodeOfCare SzEpisodeOfCareExampleArtStartDate</b></p><a name=\"SzEpisodeOfCareExampleArtStartDate\"> </a><a name=\"hcSzEpisodeOfCareExampleArtStartDate\"> </a><div style=\"display: inline-block; background-color: #d9e0e7; padding: 6px; margin: 4px; border: 1px solid #8da1b4; border-radius: 5px; line-height: 60%\"><p style=\"margin-bottom: 0px\"/><p style=\"margin-bottom: 0px\">Profile: <a href=\"StructureDefinition-SzEpisodeOfCare.html\">Eswatini Episode of Care</a></p></div><p><b>status</b>: Active</p><p><b>type</b>: <span title=\"Codes:{http://172.209.216.154:3447/fhir/CodeSystem/SzServicePointCS 5}\">ART</span></p><p><b>patient</b>: <a href=\"Patient-SampleSzPatient.html\">Celucolo Celani Sacolo  Male, DoB: 2000-01-01 ( Medical Record Number: Client Management Information System#M001010101-1\u00a0(use:\u00a0usual,\u00a0))</a></p><p><b>period</b>: 2025-09-03 --&gt; (ongoing)</p></div>"
  },
  "status" : "active",
  "type" : [{
    "coding" : [{
      "system" : "http://172.209.216.154:3447/fhir/CodeSystem/SzServicePointCS",
      "code" : "5",
      "display" : "ART"
    }],
    "text" : "ART"
  }],
  "patient" : {
    "reference" : "Patient/SampleSzPatient"
  },
  "period" : {
    "start" : "2025-09-03"
  }
}