{
  "resourceType" : "Location",
  "id" : "SampleSzLabLocation",
  "meta" : {
    "profile" : ["http://192.168.10.200:3447/fhir/StructureDefinition/SzLocation"]
  },
  "text" : {
    "status" : "generated",
    "div" : "<div xmlns=\"http://www.w3.org/1999/xhtml\"><p class=\"res-header-id\"><b>Generated Narrative: Location SampleSzLabLocation</b></p><a name=\"SampleSzLabLocation\"> </a><a name=\"hcSampleSzLabLocation\"> </a><div style=\"display: inline-block; background-color: #d9e0e7; padding: 6px; margin: 4px; border: 1px solid #8da1b4; border-radius: 5px; line-height: 60%\"><p style=\"margin-bottom: 0px\"/><p style=\"margin-bottom: 0px\">Profile: <a href=\"StructureDefinition-SzLocation.html\">Eswatini Location Profile</a></p></div><p><b>status</b>: Active</p><p><b>name</b>: Mbabane Central Laboratory</p><p><b>type</b>: <span title=\"Codes:{http://terminology.hl7.org/CodeSystem/v3-RoleCode MBL}\">Medical Laboratory</span></p><p><b>telecom</b>: ph: 2404 0001</p></div>"
  },
  "status" : "active",
  "name" : "Mbabane Central Laboratory",
  "type" : [{
    "coding" : [{
      "system" : "http://terminology.hl7.org/CodeSystem/v3-RoleCode",
      "code" : "MBL",
      "display" : "Medical Laboratory"
    }]
  }],
  "telecom" : [{
    "system" : "phone",
    "value" : "2404 0001"
  }]
}