{
  "resourceType" : "Observation",
  "id" : "SampleVitalsWeight",
  "meta" : {
    "profile" : ["http://192.168.10.200:3447/fhir/StructureDefinition/SzVitalSigns"]
  },
  "text" : {
    "status" : "generated",
    "div" : "<div xmlns=\"http://www.w3.org/1999/xhtml\"><p class=\"res-header-id\"><b>Generated Narrative: Observation SampleVitalsWeight</b></p><a name=\"SampleVitalsWeight\"> </a><a name=\"hcSampleVitalsWeight\"> </a><div style=\"display: inline-block; background-color: #d9e0e7; padding: 6px; margin: 4px; border: 1px solid #8da1b4; border-radius: 5px; line-height: 60%\"><p style=\"margin-bottom: 0px\"/><p style=\"margin-bottom: 0px\">Profile: <a href=\"StructureDefinition-SzVitalSigns.html\">Eswatini Vital Signs Profile</a></p></div><p><b>status</b>: Final</p><p><b>category</b>: <span title=\"Codes:{http://terminology.hl7.org/CodeSystem/observation-category vital-signs}\">Vital Signs</span></p><p><b>code</b>: <span title=\"Codes:{http://hl7.org/fhir/ValueSet/observation-vitalsignresult 29463-7}\">Body weight</span></p><p><b>subject</b>: <a href=\"Patient-SampleSzPatient.html\">Celucolo Celani Sacolo  Male, DoB: 2000-01-01 ( Medical Record Number: Client Management Information System#M001010101-1\u00a0(use:\u00a0usual,\u00a0))</a></p><p><b>effective</b>: 2024-11-25</p><p><b>value</b>: 75 kg</p></div>"
  },
  "status" : "final",
  "category" : [{
    "coding" : [{
      "system" : "http://terminology.hl7.org/CodeSystem/observation-category",
      "code" : "vital-signs"
    }]
  }],
  "code" : {
    "coding" : [{
      "system" : "http://hl7.org/fhir/ValueSet/observation-vitalsignresult",
      "code" : "29463-7",
      "display" : "Body weight"
    }],
    "text" : "Body weight"
  },
  "subject" : {
    "reference" : "Patient/SampleSzPatient"
  },
  "effectiveDateTime" : "2024-11-25",
  "valueQuantity" : {
    "value" : 75,
    "unit" : "kg"
  }
}