{
  "resourceType" : "Observation",
  "id" : "SampleSzLabResult1",
  "meta" : {
    "profile" : ["http://172.209.216.154:3447/fhir/StructureDefinition/SzLabResult"]
  },
  "text" : {
    "status" : "extensions",
    "div" : "<div xmlns=\"http://www.w3.org/1999/xhtml\"><p class=\"res-header-id\"><b>Generated Narrative: Observation SampleSzLabResult1</b></p><a name=\"SampleSzLabResult1\"> </a><a name=\"hcSampleSzLabResult1\"> </a><div style=\"display: inline-block; background-color: #d9e0e7; padding: 6px; margin: 4px; border: 1px solid #8da1b4; border-radius: 5px; line-height: 60%\"><p style=\"margin-bottom: 0px\"/><p style=\"margin-bottom: 0px\">Profile: <a href=\"StructureDefinition-SzLabResult.html\">Eswatini Lab Result Profile</a></p></div><p><b>Extention: Eswatini Lab Result Authorizer</b>: <a href=\"Practitioner-SampleSzPractitioner.html\">Practitioner Thabile Celiwe Dlamini </a></p><p><b>Extention: Eswatini Testing Laboratory</b>: <a href=\"Location-SampleSzLabLocation.html\">Location Mbabane Central Laboratory</a></p><p><b>status</b>: Final</p><p><b>code</b>: <span title=\"Codes:{http://172.209.216.154:3447/fhir/CodeSystem/SzTestParameterCodeCS PSCD}\">HIV Viral Load</span></p><p><b>subject</b>: <a href=\"Patient-SampleSzPatient.html\">Celucolo Celani Sacolo  Male, DoB: 2000-01-01 ( Medical Record Number: Client Management Information System#M001010101-1\u00a0(use:\u00a0usual,\u00a0))</a></p><p><b>encounter</b>: <a href=\"Encounter-SampleSzEncounter.html\">Encounter: status = finished; class = Out Patient Department (Code System: Encounter Classification#OPD); period = 2023-10-01 10:00:00+0000 --&gt; (ongoing); reasonCode = Antiretrovial Therapy</a></p><p><b>performer</b>: <a href=\"Practitioner-SampleSzPractitioner.html\">Practitioner Thabile Celiwe Dlamini </a></p><p><b>value</b>: 16.5 Copies/ml</p><p><b>interpretation</b>: <span title=\"Codes:{http://terminology.hl7.org/CodeSystem/v3-ObservationInterpretation L}\">Low</span></p><p><b>specimen</b>: <a href=\"Specimen-SampleSzSpecimen.html\">Specimen: status = available; type = Blood</a></p></div>"
  },
  "extension" : [{
    "url" : "http://172.209.216.154:3447/fhir/StructureDefinition/SzAuthorizerExtension",
    "valueReference" : {
      "reference" : "Practitioner/SampleSzPractitioner"
    }
  },
  {
    "url" : "http://172.209.216.154:3447/fhir/StructureDefinition/SzTestingLabExtension",
    "valueReference" : {
      "reference" : "Location/SampleSzLabLocation"
    }
  }],
  "status" : "final",
  "code" : {
    "coding" : [{
      "system" : "http://172.209.216.154:3447/fhir/CodeSystem/SzTestParameterCodeCS",
      "code" : "PSCD",
      "display" : "HIV Viral Load"
    }],
    "text" : "HIV Viral Load"
  },
  "subject" : {
    "reference" : "Patient/SampleSzPatient"
  },
  "encounter" : {
    "reference" : "Encounter/SampleSzEncounter"
  },
  "performer" : [{
    "reference" : "Practitioner/SampleSzPractitioner"
  }],
  "valueQuantity" : {
    "value" : 16.5,
    "unit" : "Copies/ml"
  },
  "interpretation" : [{
    "coding" : [{
      "system" : "http://terminology.hl7.org/CodeSystem/v3-ObservationInterpretation",
      "code" : "L",
      "display" : "Low"
    }],
    "text" : "Low"
  }],
  "specimen" : {
    "reference" : "Specimen/SampleSzSpecimen"
  }
}