{
  "resourceType" : "Specimen",
  "id" : "SampleSzSpecimen",
  "meta" : {
    "profile" : ["http://172.209.216.154:3447/fhir/StructureDefinition/SzLabSpecimen"]
  },
  "text" : {
    "status" : "generated",
    "div" : "<div xmlns=\"http://www.w3.org/1999/xhtml\"><p class=\"res-header-id\"><b>Generated Narrative: Specimen SampleSzSpecimen</b></p><a name=\"SampleSzSpecimen\"> </a><a name=\"hcSampleSzSpecimen\"> </a><div style=\"display: inline-block; background-color: #d9e0e7; padding: 6px; margin: 4px; border: 1px solid #8da1b4; border-radius: 5px; line-height: 60%\"><p style=\"margin-bottom: 0px\"/><p style=\"margin-bottom: 0px\">Profile: <a href=\"StructureDefinition-SzLabSpecimen.html\">Eswatini Specimen Profile</a></p></div><p><b>status</b>: Available</p><p><b>type</b>: <span title=\"Codes:{http://terminology.hl7.org/CodeSystem/v2-0487 BLD}\">Blood</span></p><p><b>subject</b>: <a href=\"Patient-SampleSzPatient.html\">Celucolo Celani Sacolo  Male, DoB: 2000-01-01 ( Medical Record Number: Client Management Information System#M001010101-1\u00a0(use:\u00a0usual,\u00a0))</a></p><h3>Collections</h3><table class=\"grid\"><tr><td style=\"display: none\">-</td><td><b>Collector</b></td><td><b>Collected[x]</b></td></tr><tr><td style=\"display: none\">*</td><td><a href=\"Practitioner-SampleSzPractitioner.html\">Practitioner Thabile Celiwe Dlamini </a></td><td>2024-09-11 10:00:00+0000</td></tr></table></div>"
  },
  "status" : "available",
  "type" : {
    "coding" : [{
      "system" : "http://terminology.hl7.org/CodeSystem/v2-0487",
      "code" : "BLD",
      "display" : "Blood"
    }],
    "text" : "Blood"
  },
  "subject" : {
    "reference" : "Patient/SampleSzPatient"
  },
  "collection" : {
    "collector" : {
      "reference" : "Practitioner/SampleSzPractitioner"
    },
    "collectedDateTime" : "2024-09-11T10:00:00Z"
  }
}